{"type": "FeatureCollection", "features": [{"type": "Feature", "geometry": {"type": "MultiPolygon", "coordinates": [[[[8.500407647879003, 53.912672420789626], [8.499955429166286, 53.9125951819035], [8.499831097752674, 53.91258095718275], [8.49977184199251, 53.91256984368516], [8.499699347291742, 53.91256588350223], [8.499659393437389, 53.9125613128452], [8.49936375241225, 53.91250339240206], [8.49921336993102, 53.91248691026253], [8.499051423139095, 53.912510655611136], [8.496055529898358, 53.91281877304564], [8.495183176232464, 53.91290349854508], [8.495111722460337, 53.912929344690674], [8.49502735288577, 53.91294430575593], [8.494983672830891, 53.912952058610905], [8.4949148237977, 53.91293739699104], [8.492087362610008, 53.91323986807392], [8.490333494166846, 53.91342842395079], [8.490336001581701, 53.913443804339664], [8.489839897845437, 53.91349676822548], [8.488839606113304, 53.913619849787054], [8.488414559166698, 53.91367458428555], [8.487743058729382, 53.91377040271708], [8.487499203592776, 53.91381194814469], [8.487328151560295, 53.913848482918205], [8.487165449480113, 53.91389436483772], [8.487096174407787, 53.91392326251197], [8.487014257119444, 53.9139650580765], [8.486936548546739, 53.914046032965544], [8.486889265848804, 53.91413756407269], [8.486835799372868, 53.91441431463819], [8.486796818231202, 53.91503068161395], [8.486792275379806, 53.91607786309631], [8.4868033092503, 53.91675492491551], [8.486835418870104, 53.91762171772686], [8.486870175719957, 53.91800324248059], [8.48693663082547, 53.918270753114776], [8.487044400016744, 53.91855153590435], [8.487012110946205, 53.91855605384593], [8.48755930926982, 53.91970979881788], [8.487915668534395, 53.92264401595532], [8.487972672834443, 53.923105081094576], [8.488226573636544, 53.92375056814142], [8.48839932450956, 53.92412632534928], [8.488500077261616, 53.92443372645808], [8.48920890183013, 53.926199155416384], [8.489819077360984, 53.927085884914995], [8.489855365661104, 53.927076134127866], [8.491106100207757, 53.92868327839035], [8.4911205447627, 53.92867897135801], [8.49264419484972, 53.92996233404634], [8.493073414036841, 53.93023884157885], [8.493039766700113, 53.93025672076543], [8.493359528059651, 53.93045543133767], [8.494014115900937, 53.930770330429596], [8.495079132379779, 53.93115480334641], [8.495870469139179, 53.93144963926796], [8.4968067156455, 53.931776814179344], [8.497358669341484, 53.93189340027456], [8.497942187707293, 53.93198055382232], [8.498018793336078, 53.93195188729765], [8.49826393140972, 53.93179228475663], [8.49868655028368, 53.93160621554455], [8.500290111385713, 53.93086842920248], [8.500414595802413, 53.9307889617104], [8.500917411785288, 53.93052264863679], [8.500906064456224, 53.93051376615785], [8.50155468836523, 53.930159352384784], [8.501860063638542, 53.929896566094065], [8.50426274429332, 53.928763945219], [8.50421110418353, 53.92872503817856], [8.504653705732489, 53.9285249910154], [8.50470893382551, 53.92856958417088], [8.505013594630945, 53.9283966951488], [8.505950808347073, 53.928180551531774], [8.507026070257764, 53.92785048552322], [8.507223910246996, 53.927782493269355], [8.507741427983488, 53.927577537961604], [8.512198884910166, 53.92568116319172], [8.512556557619762, 53.92553115638524], [8.512785519687009, 53.9254318138482], [8.513301621600258, 53.925164361368765], [8.513549818473773, 53.92502791142975], [8.514743438437222, 53.92425993163746], [8.515102383195408, 53.92445427561735], [8.516447283011024, 53.92398764139584], [8.521891938763082, 53.92046308262734], [8.522236660319084, 53.916924558338984], [8.519978341442958, 53.91344755040842], [8.504854959005726, 53.913241724259926], [8.50061521793156, 53.912476641345854], [8.500407647879003, 53.912672420789626]]], [[[8.460746270197887, 53.95851955932833], [8.456283100775499, 53.95702197996586], [8.452631837757194, 53.95706706823638], [8.447176701897815, 53.95537174094524], [8.4439267172632, 53.953509100672], [8.443075326501946, 53.951542780985065], [8.441262326917647, 53.95008768855735], [8.439223198378846, 53.9487529064412], [8.43814584728772, 53.94690678039804], [8.435767503790295, 53.94575228015164], [8.432880161602423, 53.944868470884245], [8.429970246050361, 53.94399651982039], [8.428644615892624, 53.94228263737192], [8.42608563634255, 53.94122412007583], [8.420969810652732, 53.94152449085038], [8.418174720648667, 53.9409821766142], [8.415004594674281, 53.94260117603177], [8.41331091444148, 53.94433493579983], [8.413190412417501, 53.94577240539238], [8.413457760674206, 53.94758374304303], [8.41366591795207, 53.949403841682326], [8.413932422504864, 53.950375276645715], [8.415205291088897, 53.951031141796236], [8.415504543481696, 53.952072282477644], [8.417738967501176, 53.953276261969435], [8.419603139157001, 53.954824121610486], [8.422829047361159, 53.95534564881206], [8.423511030767388, 53.957692342334205], [8.425172866116126, 53.95933951279156], [8.427042935087453, 53.96083150218325], [8.429948914216956, 53.96159289286764], [8.435853093509518, 53.96408696138042], [8.44039146935744, 53.96490622857893], [8.443987473564592, 53.96407333128101], [8.44749782440424, 53.9630582562427], [8.451189551945102, 53.96234830744291], [8.454659127908807, 53.961293667181145], [8.458231438465608, 53.960408213685874], [8.460746270197887, 53.95851955932833]]], [[[10.016347252549394, 53.47375497495744], [10.014784608773622, 53.4735930844479], [10.01365581677573, 53.47343647419266], [10.011391865341352, 53.473169956163794], [10.009308718135063, 53.472903684120006], [10.008093166485311, 53.47276931911371], [10.007079780577618, 53.47264938257753], [10.006512342196, 53.47260026475003], [10.005058004074554, 53.47249393045893], [10.004029738620279, 53.4724450892829], [10.003773887859039, 53.472452452429344], [10.003060523307608, 53.4724730140255], [10.00267541727117, 53.472490619647324], [10.00219414650631, 53.47251802869403], [10.001137297474619, 53.47259698483021], [10.000093677957446, 53.47272613293589], [9.998633149475257, 53.47299348554721], [9.996105513735271, 53.47348015527868], [9.992737981733418, 53.474055705450745], [9.990030707169536, 53.474516519332404], [9.986974670838306, 53.474915637909724], [9.986365864445274, 53.47502560340425], [9.984845445396386, 53.4752753927943], [9.98214674882472, 53.47570357793682], [9.977930199577969, 53.47672764158533], [9.977095457709103, 53.476970640027204], [9.976314433334794, 53.47719499982897], [9.975276743794016, 53.47748439102681], [9.974017456356933, 53.47790320651468], [9.970093508454662, 53.47965193078975], [9.963305066871843, 53.482867364843514], [9.961729410532822, 53.483742142405625], [9.960425901791934, 53.48464113993295], [9.959928672763898, 53.48501961009629], [9.959484867194915, 53.48537027755592], [9.95923901433909, 53.48557469372196], [9.958729736094106, 53.48600925730973], [9.958695253599101, 53.486038685440946], [9.95850071973974, 53.48622076404966], [9.958129816429867, 53.48656790220023], [9.957743828653012, 53.486942163167996], [9.95712379941744, 53.48759551086516], [9.95609145248657, 53.48876738890323], [9.955796151146792, 53.489116341748776], [9.955486272354909, 53.489495577625256], [9.95473554302997, 53.49045656470699], [9.953850117325713, 53.491649990932395], [9.95337406572568, 53.4923310239338], [9.953042460495551, 53.492829657104885], [9.952109503261333, 53.49434485181731], [9.951655072464819, 53.49505833997214], [9.951131716874727, 53.49575483390592], [9.950541210255116, 53.49643196859355], [9.950043566640089, 53.49691289242899], [9.949479541059738, 53.49736702007655], [9.948853166839264, 53.497791102421864], [9.948743413110366, 53.497855587404274], [9.948632992615691, 53.49791966650557], [9.948521909574918, 53.49798333727526], [9.947893113145291, 53.498315220619034], [9.947639219508268, 53.498449419725375], [9.947388408074453, 53.498585664390276], [9.947140725213245, 53.49872392944149], [9.946841860515278, 53.498896993187415], [9.946544702061017, 53.499071099109614], [9.946249260086423, 53.49924624122326], [9.945972484355085, 53.49941634704501], [9.945741997599328, 53.49956444938487], [9.945355114889344, 53.49982254654724], [9.945056292787012, 53.50003131324624], [9.944765875557337, 53.500244255642784], [9.944484027380447, 53.50046125344926], [9.944304822046277, 53.50060335656796], [9.944081758646282, 53.50079569491125], [9.943777107837343, 53.50106784338054], [9.942609827283077, 53.50218472647998], [9.942533988323554, 53.502283871157935], [9.941704560857712, 53.503357432177815], [9.941201552168492, 53.50428385602164], [9.941067337897847, 53.50483965201509], [9.940900326323472, 53.505277023954555], [9.940642219611252, 53.505987965074425], [9.940153096251814, 53.508797940313286], [9.940009665642265, 53.51008126071846], [9.939923195044882, 53.511345966036465], [9.939788450949603, 53.5121521617466], [9.9395910938269, 53.51345565361812], [9.939443262208076, 53.51457754637462], [9.939209547173265, 53.51666643994915], [9.938850606124166, 53.519756718975636], [9.938837499048105, 53.51987781479321], [9.938825994127782, 53.51999896842249], [9.938816092091848, 53.52012017233477], [9.938794869075442, 53.52050267350732], [9.938789727060113, 53.52088537144156], [9.93880066970642, 53.521268026056816], [9.938817312699815, 53.52160119820784], [9.938822914880356, 53.52171267164902], [9.93661198995197, 53.52197763182755], [9.936410397577083, 53.522001782247926], [9.936373449132788, 53.5220062155513], [9.934813507822087, 53.5221931145454], [9.934430728277105, 53.52222705587611], [9.934421966500702, 53.522227834483914], [9.934409903615599, 53.522191319928744], [9.93439281244377, 53.52215552534239], [9.93437081019776, 53.52212069618062], [9.934344047765984, 53.52208707127839], [9.934312708677759, 53.52205488121211], [9.934277007844516, 53.52202434671855], [9.934237190085907, 53.52199567718131], [9.934193528450827, 53.52196906919503], [9.934146322344965, 53.521944705217415], [9.934095895477629, 53.52192275231816], [9.934025990257064, 53.521896989635486], [9.933953202451246, 53.521874237973485], [9.933877896647958, 53.52185461129201], [9.933800450045602, 53.52183820789818], [9.933721250564066, 53.5218251099541], [9.93341288772748, 53.521781071663455], [9.933233535102927, 53.52175073910342], [9.933058981932605, 53.521711710059634], [9.932890413365714, 53.521664249527035], [9.932728973907292, 53.52160867974684], [9.932575759646001, 53.521545378018104], [9.931969121288816, 53.521271944110794], [9.931803968991339, 53.52119289543598], [9.931646777841827, 53.52110827839578], [9.931498075688244, 53.52101837716004], [9.931370579237413, 53.520932185537625], [9.931250887816002, 53.52084210685306], [9.931139334499981, 53.520748391813925], [9.93113781133342, 53.520747028361505], [9.92962868230082, 53.519405219425174], [9.929176826218017, 53.51900341855585], [9.929007938464112, 53.51886553163324], [9.928821128341259, 53.51873611585278], [9.92861758729876, 53.51861599650279], [9.928552866535671, 53.51857913603322], [9.928490910549412, 53.51854062511068], [9.928431837716888, 53.51850053732121], [9.928396785422336, 53.51847764077994], [9.928358699967143, 53.518456534956094], [9.92831783803517, 53.51843736209386], [9.928274475021398, 53.51842025140996], [9.928228903175908, 53.518405318222776], [9.928181429634298, 53.5183926631752], [9.927937740598406, 53.51833476007821], [9.92788422256748, 53.518311155200685], [9.927834050992328, 53.51828506997082], [9.927787548650244, 53.518256672210406], [9.927745014710386, 53.518226144618765], [9.92770672280911, 53.51819368359729], [9.927672919289607, 53.51815949798575], [9.927643821617213, 53.51812380771869], [9.927619616980529, 53.51808684241031], [9.927600461087414, 53.51804883987729], [9.9275745317218, 53.5179886530283], [9.927481392806396, 53.517802399305474], [9.927364552733064, 53.51762095327987], [9.927224700525741, 53.51744538450461], [9.927168963538557, 53.517386309660274], [9.927029230398919, 53.51722691281171], [9.926900816163055, 53.51706434482104], [9.92648027584255, 53.516487616933404], [9.926356739978788, 53.51634383349417], [9.926272702523113, 53.516269111945704], [9.926129345883204, 53.516166615456996], [9.926109787765864, 53.51614185847232], [9.92610611598023, 53.516114569373805], [9.925915218360858, 53.516069305245445], [9.925786169475174, 53.51599972308568], [9.92578171323414, 53.51599732157726], [9.9257409204911, 53.51595182057408], [9.925720995334029, 53.51592958328548], [9.925706728093237, 53.515913675378094], [9.925761648200034, 53.51586142858362], [9.925649299266073, 53.51581276917425], [9.925510458504167, 53.51579832009923], [9.925362216627498, 53.51580162497434], [9.924228423045058, 53.51588579505724], [9.92392775345806, 53.515869188264126], [9.923793946825034, 53.51585388029403], [9.923640135314102, 53.51581815992333], [9.923367229503185, 53.51574178517028], [9.922907580051383, 53.51558198650479], [9.92230453801675, 53.515407597618974], [9.922125316237208, 53.51536698356843], [9.921906325451255, 53.515317372326486], [9.921404710275878, 53.5152220369324], [9.920535068060133, 53.515076813363464], [9.920174993259302, 53.515016051197286], [9.919894471953823, 53.51495031618846], [9.919617285191622, 53.51487973677635], [9.919416194840831, 53.51481936729769], [9.919222449384435, 53.51474992505359], [9.918640471337064, 53.51452037914597], [9.918547524452984, 53.51449035098654], [9.918446206752618, 53.51447283681129], [9.91834168281448, 53.51448140625308], [9.918167123211019, 53.51452284689344], [9.917774264981848, 53.51461609489961], [9.917219374959876, 53.51481916281609], [9.91674074837996, 53.51498248733628], [9.916678677800212, 53.51500366492035], [9.915882447961021, 53.51490344576633], [9.915681634665631, 53.51486477629885], [9.915482682476217, 53.51482287418693], [9.915321809265395, 53.51478438366807], [9.91500913327108, 53.514696464879144], [9.914857539115205, 53.51464621703875], [9.914714647500162, 53.51458757862257], [9.914603314147374, 53.51450829361536], [9.914566000994622, 53.514407345125576], [9.914576903039643, 53.51434773666908], [9.91455411393754, 53.51428603982559], [9.91452212351282, 53.51424526780911], [9.914467395095341, 53.514214503663084], [9.914378889474293, 53.5141797460512], [9.914033861477316, 53.51414254531166], [9.913989918529039, 53.514137802497146], [9.913895462950613, 53.514145401166694], [9.913799803467096, 53.51417064535075], [9.913620634352647, 53.514255243721614], [9.913609324863815, 53.51426013241942], [9.91359736543459, 53.514264436671375], [9.913584840863, 53.514268125958246], [9.913571839954283, 53.51427117412117], [9.913558454891202, 53.51427355954713], [9.913544780580425, 53.514275265322304], [9.91353091397957, 53.51427627935191], [9.913516953409719, 53.514276594445946], [9.91350299785825, 53.51427620837025], [9.913489146276955, 53.51427512386227], [9.913475496880425, 53.51427334861172], [9.91346214644962, 53.514270895205996], [9.913449189645647, 53.51426778104098], [9.912908251854043, 53.5141215722043], [9.912663488609123, 53.51403330847077], [9.912650173848839, 53.514028051587516], [9.912637621151127, 53.5140221661773], [9.91262591381893, 53.51401569129735], [9.912615129544996, 53.51400866991683], [9.912605339896297, 53.514001148631536], [9.912596609839092, 53.513993177354806], [9.9125889973078, 53.51398480898618], [9.912582552820545, 53.5139760990604], [9.912577319143915, 53.51396710537882], [9.912573331009169, 53.513957887625835], [9.91257061488177, 53.51394850697282], [9.912569188785772, 53.513939025672116], [9.912569062184241, 53.513929506644004], [9.912570235916457, 53.51392001305903], [9.9125791519016, 53.513873831513294], [9.912579559650693, 53.51387175194552], [9.912580034682051, 53.51386929432683], [9.912580933222095, 53.513862017312775], [9.91258084029106, 53.51385472082723], [9.912579756499694, 53.51384745278295], [9.912577688965262, 53.51384026090582], [9.91257465126482, 53.513833192421664], [9.912570663346017, 53.513826293745936], [9.912565751396121, 53.513819610179034], [9.91255994767004, 53.513813185608825], [9.912509761888124, 53.5137944131562], [9.912369953555386, 53.51374212160536], [9.912369102207583, 53.51374180449916], [9.911957381812503, 53.513586155519114], [9.91183792686258, 53.513539146421294], [9.911793880522138, 53.51352181901348], [9.911717738813758, 53.51357529988295], [9.911627111439959, 53.51363895882548], [9.911461912228138, 53.513667661803105], [9.910776946501612, 53.51351631199208], [9.910644233171734, 53.51349937198196], [9.910569036558313, 53.51350274032595], [9.91050676792461, 53.51352808710374], [9.910458190185592, 53.51356246238985], [9.910420683585784, 53.513615917855894], [9.910414566490068, 53.51362462981906], [9.910256683183952, 53.51359433465735], [9.91011181853107, 53.51356983695218], [9.910097288116194, 53.51356737671983], [9.910086044752989, 53.513565592603335], [9.9099911330796, 53.51355046751529], [9.909937170517834, 53.513541880284926], [9.909927244000645, 53.513540319844076], [9.90982917333959, 53.51352485911236], [9.909776922793624, 53.513516636317846], [9.909746981073733, 53.51351212697777], [9.909736949983625, 53.51351061226186], [9.909616245424095, 53.51349244711647], [9.909561017619666, 53.51346702399104], [9.909555741903178, 53.513465032619784], [9.909373133619175, 53.51339629874802], [9.909264300469745, 53.513359220017726], [9.909151434939284, 53.513324679780325], [9.909090874190284, 53.513307953384306], [9.90905411755598, 53.51330069113139], [9.908912392578474, 53.51327836141477], [9.908852364338825, 53.51326889394719], [9.908784711381173, 53.51326394294597], [9.90858288540036, 53.51324917099266], [9.90828213542403, 53.51323679530307], [9.907980816433975, 53.51323377171966], [9.90777398706481, 53.513235369381604], [9.907679491131066, 53.51323609586856], [9.907515568318024, 53.51324059435166], [9.907378458370788, 53.51324434976478], [9.907078121197662, 53.513259051712886], [9.907054297145496, 53.51326063475574], [9.906778618667088, 53.513278951194565], [9.906181940079598, 53.51332957996782], [9.905958778435204, 53.513351011116676], [9.905819720109921, 53.5133603077276], [9.905734152625016, 53.51336602582057], [9.904801264348794, 53.51342117199147], [9.904519992669135, 53.5134382491106], [9.904501301363453, 53.51343937931619], [9.904202719157073, 53.5134636609822], [9.904099096973113, 53.513473514551976], [9.903905111537291, 53.51349194361659], [9.903609403262108, 53.51352658433774], [9.903315251346047, 53.51356564413167], [9.903023204070001, 53.51360937954833], [9.902827195782184, 53.51364337306948], [9.902733886848022, 53.5136595477197], [9.902619766658862, 53.51368071549597], [9.90244620508801, 53.51371290291821], [9.902162066661884, 53.51377264881155], [9.902152731119338, 53.51377475975762], [9.901880364235678, 53.513836357765584], [9.901602072116214, 53.513905173038246], [9.90132579576948, 53.513976633198425], [9.900888845410456, 53.51409221696974], [9.900159540075515, 53.514285148605275], [9.896823276140802, 53.51516761748394], [9.896057668658024, 53.51537010882259], [9.89564623037695, 53.51548175166678], [9.895242147133551, 53.51560256968012], [9.894978607198496, 53.51568972230949], [9.894918993446833, 53.51571067240263], [9.894589155089069, 53.515826563765536], [9.894207444730666, 53.51597091474702], [9.893838673245417, 53.516126790495186], [9.89198462865567, 53.51693505558966], [9.891818132909249, 53.51700379581388], [9.89161290941176, 53.51708851936382], [9.891373669553893, 53.51717586926689], [9.891355858298233, 53.517182375237326], [9.891259700074215, 53.517214274832014], [9.891092441333603, 53.51726976100194], [9.89096873991904, 53.51730800511002], [9.890589798421356, 53.51742522206161], [9.890140229813701, 53.51753190724869], [9.890085661842782, 53.517544853119944], [9.89003740578744, 53.517555280012324], [9.890035604101886, 53.51755567096147], [9.889707630428678, 53.51762653610316], [9.889705993487265, 53.51762687188755], [9.889575533432481, 53.51765506124731], [9.88945304436201, 53.51767497525206], [9.88912500269124, 53.51772827486332], [9.889081126497048, 53.517735405802284], [9.887928665512895, 53.51782554538872], [9.886913198439018, 53.517814089173214], [9.886687152558048, 53.5178159815939], [9.886536674277298, 53.51782098974242], [9.886386850907869, 53.51783064013776], [9.886238287780468, 53.517845755279204], [9.886091864095723, 53.517867272495685], [9.885948623131036, 53.51789531889815], [9.885809828287934, 53.5179304514414], [9.885743282610786, 53.517951331428414], [9.885676392461443, 53.51797233078641], [9.88554929019195, 53.51802068006363], [9.885430034708182, 53.51807573977693], [9.885408205805307, 53.51808782079752], [9.885319638884493, 53.51813690018893], [9.885218496201741, 53.51820350221667], [9.885126254293352, 53.518274559706875], [9.885045271692608, 53.51835034286709], [9.88504297311556, 53.51835294870254], [9.884994286865549, 53.51840797095212], [9.88497498381561, 53.518429813180234], [9.884916090865103, 53.518512551990504], [9.884869092517453, 53.51859792638955], [9.884839891462281, 53.51867098901574], [9.884838458331838, 53.518674595205], [9.884834157440892, 53.51868534187211], [9.884811529338277, 53.51877418539623], [9.88480059312436, 53.51887040322133], [9.884510747665422, 53.51887839073479], [9.88451082801808, 53.51887935195864], [9.884516155784306, 53.51894686454791], [9.884521892823003, 53.519019542757995], [9.884526397622672, 53.5190765083997], [9.883887949619691, 53.51910739699594], [9.88207326463657, 53.51903891878783], [9.880949447885362, 53.51900139711135], [9.879737222681529, 53.51898959462144], [9.878793390733266, 53.51900445513954], [9.878143454578359, 53.51902623774719], [9.87814034643062, 53.51883654875255], [9.877239057853757, 53.51818952465333], [9.877126639662979, 53.51810881067844], [9.87613647952508, 53.518519971436284], [9.875870416015673, 53.51858551773027], [9.8753281570501, 53.5187191007397], [9.873851918793655, 53.51887952981868], [9.873743815820685, 53.518891762831736], [9.870529260386213, 53.51925557849602], [9.868934190946183, 53.51929504764612], [9.868617324942567, 53.519297062524466], [9.868347466115845, 53.51929877111599], [9.86741761897547, 53.519304667004285], [9.86586652763584, 53.51910154210501], [9.863499967909142, 53.51857189649996], [9.860752482617794, 53.51772515671988], [9.858248794475601, 53.51720709153001], [9.854430517784289, 53.51678575779762], [9.846302348664324, 53.51651894507321], [9.845147056746226, 53.515891285368085], [9.842170290930081, 53.51566368463682], [9.83920812383725, 53.516216748734294], [9.8376738019483, 53.51650318140875], [9.834558614159086, 53.517287129594635], [9.831978513955049, 53.51870164886544], [9.831377757786635, 53.51913777244069], [9.830778137102987, 53.51958861787384], [9.829393496177609, 53.52079673248509], [9.828812490293407, 53.52163862722173], [9.828339592592297, 53.52242066791615], [9.827966962415076, 53.523049012029105], [9.827638179247003, 53.52366303766487], [9.827379045585863, 53.524225873922035], [9.827160829806406, 53.5247491988847], [9.826870846380032, 53.5254613553037], [9.826846338152327, 53.525541391226625], [9.826689270871052, 53.525904658315056], [9.826638865045885, 53.52604224942756], [9.826563765061568, 53.5263030783326], [9.826394135917523, 53.52711398936576], [9.826442445594687, 53.528611395493115], [9.826453643640859, 53.528958757125494], [9.826456340556527, 53.52904226335713], [9.826463082182034, 53.52925137950278], [9.82646383708159, 53.529274655538764], [9.826468887338033, 53.529431764597994], [9.82646934273195, 53.52944585604683], [9.82626040790932, 53.52942559180369], [9.82542424491568, 53.52917755629716], [9.824999560677915, 53.52903381532325], [9.824560706241092, 53.52895184340952], [9.824042379632566, 53.52879918057538], [9.823986310064887, 53.52878441512074], [9.82392832392214, 53.528772565555975], [9.82386884743011, 53.5287637189808], [9.823808317768398, 53.52875794042154], [9.823747179857193, 53.52875527235326], [9.82372256187279, 53.528755081745885], [9.823697947538763, 53.528755398187876], [9.823673366262895, 53.52875622130117], [9.823563583937382, 53.52872279270599], [9.82271826515096, 53.52833318128311], [9.822486935678732, 53.52822731044625], [9.8223264291068, 53.52816157295066], [9.822202844638346, 53.52811796371939], [9.821962101067493, 53.52805557299139], [9.821679286696455, 53.52800503960932], [9.82152164196293, 53.52798807311871], [9.821495397962646, 53.52798524214685], [9.821271071479021, 53.52797908864998], [9.820912990827383, 53.527980621740916], [9.820819752248015, 53.527981019135986], [9.820614915496536, 53.52798649708365], [9.820518520967328, 53.527989082227776], [9.820369652595945, 53.528000782515086], [9.820185187358957, 53.5280237292085], [9.818553901581161, 53.528346319137], [9.818497087088398, 53.52833065389177], [9.817950246094753, 53.528440213219014], [9.817775625258108, 53.528769951781754], [9.817710440548009, 53.528893060050635], [9.817635748856326, 53.52903406725861], [9.817628543165425, 53.52904767178568], [9.817587172385224, 53.52912578951666], [9.817575468482037, 53.52914788334775], [9.817342329611531, 53.529171688772436], [9.816986619008897, 53.52923496555735], [9.816936883584525, 53.529243817852134], [9.816929877252978, 53.52924506124341], [9.816788375738497, 53.52927061254113], [9.816403800847619, 53.52934004438917], [9.816215751708306, 53.52938493331125], [9.815669007471003, 53.52951545255387], [9.814695966207095, 53.529747716438884], [9.813826646776958, 53.52985704450517], [9.813579726350738, 53.52991619080284], [9.812939708044707, 53.53014709981133], [9.812398560437467, 53.5302770446157], [9.812261571949318, 53.530321157884295], [9.812240724008339, 53.530337030060025], [9.812009270299626, 53.5303453167584], [9.811887396920545, 53.53039961922894], [9.811755185618152, 53.53040326745133], [9.811356894374814, 53.53051062832507], [9.811055024256191, 53.53055260490084], [9.810350021233344, 53.53063113860271], [9.809683426861746, 53.53071836998581], [9.809406021807483, 53.53070402314076], [9.808992765372784, 53.53070661304611], [9.808751235437613, 53.530759474570175], [9.807833218448234, 53.53093346669597], [9.807687456913603, 53.5309545505077], [9.807361096316214, 53.531010139518564], [9.807300672668438, 53.53097602116977], [9.807132385366888, 53.53087965478826], [9.806986154712975, 53.53079592151211], [9.80679886985261, 53.53080408878325], [9.80666821881156, 53.530809743347], [9.806457021174412, 53.530964823945055], [9.806199873022242, 53.53107336391002], [9.806078094966796, 53.53112365073806], [9.80603841076166, 53.5311368802231], [9.805966263169932, 53.53115826569664], [9.80571067637321, 53.53121327425605], [9.804776930300969, 53.531414252547165], [9.803953152897462, 53.53168010304434], [9.803435036758243, 53.53183367278973], [9.802509933621144, 53.53212599213178], [9.80197481393387, 53.53227772802211], [9.801839841286611, 53.53232403601658], [9.801257195501488, 53.532523962133844], [9.800700166514854, 53.53275286479341], [9.799882037270208, 53.533069750978335], [9.799597125590216, 53.533191756879255], [9.798887233206612, 53.533364243153855], [9.798776022633856, 53.533490210132584], [9.798018649507735, 53.53376269501043], [9.79757971536783, 53.53386254153545], [9.796979843325635, 53.53399899220808], [9.79645317492234, 53.5341241836354], [9.79591971911362, 53.53419414532298], [9.795709304571583, 53.53432154270398], [9.7954466278559, 53.53448058662654], [9.794994251082628, 53.53472296868146], [9.79436200401254, 53.5350751835054], [9.792996383546463, 53.535823177500674], [9.792723241260894, 53.53599650513499], [9.791954486815737, 53.53619882362367], [9.791198625062226, 53.536299918088616], [9.79117248091263, 53.53630341694661], [9.790786932381348, 53.53635132500376], [9.790695124852421, 53.53636392323518], [9.790695502347337, 53.53636474771492], [9.79069946622546, 53.53637789149585], [9.79070163710331, 53.536391182945785], [9.790702000825293, 53.53640453540575], [9.79070055501827, 53.53641786181894], [9.790697309107083, 53.53643107529831], [9.790692284253144, 53.536444089693006], [9.790685513216506, 53.53645682015018], [9.790677040142313, 53.53646918366811], [9.790666920273017, 53.53648109963741], [9.790655219588228, 53.53649249036666], [9.790642014374567, 53.53650328158889], [9.790627390728295, 53.53651340294585], [9.790611443993994, 53.53652278844668], [9.79059395996032, 53.5365315224055], [9.790575331095567, 53.536539371601876], [9.790555683219548, 53.536546283021934], [9.79053514903474, 53.53655220998552], [9.790513867229992, 53.53655711246153], [9.790491981543784, 53.53656095733831], [9.790469639793393, 53.53656371864731], [9.790446992876491, 53.53656537773844], [9.790424193751939, 53.536565923406066], [9.7904005822453, 53.536565297614686], [9.790377144659915, 53.53656348223839], [9.79035404956975, 53.53656049033418], [9.790312039874184, 53.53655390048741], [9.790282424189948, 53.5365492512132], [9.790227118407525, 53.536537652518355], [9.790153850761577, 53.53651681507443], [9.790140781279506, 53.53651358955639], [9.790128191281886, 53.53650974634641], [9.790116162866921, 53.5365053105057], [9.790104774470702, 53.53650031096006], [9.790094100355745, 53.53649478031107], [9.790084210126713, 53.53648875462357], [9.790075168276543, 53.53648227319056], [9.790067033765888, 53.536475378276826], [9.790059859638653, 53.53646811484344], [9.79005369267609, 53.536460530254494], [9.790048573091777, 53.53645267396834], [9.790006341324036, 53.53645846315124], [9.789962931097138, 53.53646822419435], [9.789304713247008, 53.536616239644], [9.789104037349533, 53.536668584844605], [9.78840213282035, 53.53685164351741], [9.788232857557821, 53.53689355988071], [9.787916187590119, 53.537020592023346], [9.787386978385372, 53.53723430031425], [9.786853970476074, 53.53747128542431], [9.786495847508847, 53.53751395637555], [9.786373003215264, 53.53753256220394], [9.7860318089064, 53.53758416323478], [9.785668014428177, 53.53765475243052], [9.785407510906973, 53.53775253662103], [9.785097905625548, 53.53788949247411], [9.78486954398244, 53.537990758879054], [9.784733930160556, 53.538050885475535], [9.784332243915943, 53.53822701474408], [9.783960608934752, 53.53836209127572], [9.783686125852151, 53.53845424641016], [9.783290328580064, 53.53858198247537], [9.782912538358637, 53.53869212498963], [9.782277038327944, 53.53892805259086], [9.781736837296691, 53.53914095361524], [9.781489886245774, 53.53924800698843], [9.78106297892641, 53.5394440205231], [9.780371332940938, 53.53977324038114], [9.779036616743896, 53.54050164435347], [9.778685796262817, 53.54067680284485], [9.778179321158325, 53.54092966615868], [9.777668480722555, 53.54112170115802], [9.77674322112471, 53.54143352414574], [9.776309027422128, 53.54159824168971], [9.775956952394315, 53.54185608865865], [9.775476733097351, 53.542089003543985], [9.774935367094903, 53.54243138340733], [9.774629355707734, 53.54258869324623], [9.77438132199982, 53.54269968488308], [9.774028045873767, 53.542780327707874], [9.773757139870382, 53.542858692736885], [9.773627447508309, 53.54290511422611], [9.77343949595726, 53.54298758910527], [9.772322968771418, 53.54351474670364], [9.774379313950126, 53.55432182635151], [9.777594853791273, 53.55714025712124], [9.79792186036849, 53.55451942859615], [9.814581248530914, 53.55176064683711], [9.829819096205792, 53.54923366259361], [9.835195737702009, 53.548341205249095], [9.839923509054811, 53.5475418023876], [9.84090865693373, 53.54738202361956], [9.842475637378856, 53.54715900157717], [9.849819594750846, 53.54613499243142], [9.857175108051118, 53.545140785662994], [9.86003086983975, 53.54476434038479], [9.861605491615538, 53.5445570931319], [9.863207580595763, 53.54435504714063], [9.864547533663712, 53.54419337443855], [9.868246771902827, 53.543757768011886], [9.871166464404466, 53.54342594995975], [9.88188063972236, 53.542207904586874], [9.882619306089106, 53.54212390993014], [9.886830420172828, 53.54193262678879], [9.894363603158489, 53.54172220314035], [9.901904218579377, 53.541648914133106], [9.914294732282903, 53.54153613645868], [9.91442543877468, 53.54153493931329], [9.91698589930351, 53.54151146783517], [9.921510871102235, 53.54152964754338], [9.924521284629156, 53.54164565967165], [9.927522508010437, 53.541761586444416], [9.92770402415041, 53.541768574128774], [9.932390456214467, 53.54194863466547], [9.93656284978593, 53.54210881669735], [9.943373017904943, 53.5423701440176], [9.944522477464268, 53.54236910695981], [9.947096733978183, 53.542524463460744], [9.9505925108508, 53.54271053825348], [9.954425950593881, 53.54345503400099], [9.954484479766089, 53.54332641109775], [9.955111392904191, 53.54343108550171], [9.95573518314523, 53.54354218496581], [9.956355664964441, 53.543659676450105], [9.957276112806635, 53.54383918375224], [9.958255580561142, 53.54401122172801], [9.959250467403022, 53.54414833325436], [9.960257265336626, 53.54425003486821], [9.960182520074676, 53.545333168169144], [9.960151669307356, 53.54577985319891], [9.960151568486653, 53.545781400111636], [9.960146712796105, 53.54585159802593], [9.960146077080227, 53.54586085278241], [9.960141033803094, 53.545934099463146], [9.960131217212632, 53.54607651864945], [9.96012865841957, 53.54611350184545], [9.960126770241915, 53.546140771567494], [9.960123325510237, 53.54619062509436], [9.960111108160085, 53.546367680076436], [9.959902741887404, 53.546373146063566], [9.959535891214653, 53.54638277783567], [9.959534536605878, 53.54633623482279], [9.959228586765105, 53.5463325946855], [9.958826900303272, 53.54632944271833], [9.958710453691115, 53.54632584182891], [9.958594821516442, 53.54631689685104], [9.958480694154801, 53.546302661190055], [9.958368752995703, 53.546283219839005], [9.958259666373689, 53.546258688871035], [9.958154085577455, 53.546229214746376], [9.958031450601242, 53.54619145476409], [9.958021359084658, 53.546188353510345], [9.958020326505293, 53.54618739521534], [9.958019273659447, 53.54618644477487], [9.958018200715532, 53.54618550234096], [9.958009520670146, 53.54617862865262], [9.957999870425093, 53.54617223028352], [9.95798932301304, 53.54616635565595], [9.957977958256246, 53.54616104922861], [9.957965862162453, 53.546156351160064], [9.957953126274008, 53.546152297004866], [9.957888642490728, 53.54613388274751], [9.957889177152863, 53.5461488720673], [9.957893934584936, 53.54628470224441], [9.95789351406548, 53.54629816210072], [9.957891535877744, 53.546378323601175], [9.957891204751567, 53.54639106362366], [9.957767422865258, 53.54640278784669], [9.957562859429663, 53.546393540311755], [9.957467179854389, 53.54638920963084], [9.957453531303857, 53.54644316282966], [9.957423310151913, 53.546562616488735], [9.957393810805835, 53.54668463520391], [9.957272105570768, 53.547332185956726], [9.957255908518148, 53.54741702763762], [9.957222535420684, 53.5474343108776], [9.956898151449504, 53.547412699526674], [9.956682494109469, 53.547576298197875], [9.956771923619135, 53.54761658145242], [9.956975759328015, 53.54770839085776], [9.957120601042162, 53.54777363325622], [9.957111708585415, 53.54780027581051], [9.956869709005769, 53.5478600113626], [9.956863539263546, 53.5478614989615], [9.956802832922769, 53.54787615126862], [9.956720765094596, 53.54789595432165], [9.956559106977187, 53.54793500110334], [9.956399981118892, 53.54797257120188], [9.956321216827371, 53.54799297678794], [9.956285878448982, 53.548002122484725], [9.956086261791414, 53.54805330161872], [9.955987776892778, 53.54807935689613], [9.95544075974448, 53.548321612283736], [9.955383401615455, 53.54834558563953], [9.955172465250987, 53.5484418074759], [9.955166686594493, 53.54844391210164], [9.955002998418516, 53.548504231878056], [9.95496711064876, 53.54851515239488], [9.95511978213381, 53.548613090471974], [9.955045956603461, 53.548697403258664], [9.955129125139822, 53.54884435583965], [9.955204564146142, 53.54896238967766], [9.955208908242096, 53.54898035987603], [9.95524643203597, 53.54904006149991], [9.955568506777658, 53.54939147393628], [9.955587464097936, 53.549433298664844], [9.955604646704408, 53.54947539446038], [9.955620043691685, 53.549517734618654], [9.955671575583887, 53.5495425998101], [9.95582731046873, 53.54954649693786], [9.95582990997354, 53.54954798630801], [9.955833432004136, 53.54956161239488], [9.955942618024302, 53.549984776074126], [9.955978158724784, 53.55012249054793], [9.955996993950292, 53.550225061366845], [9.956014864263292, 53.550327693399865], [9.956031769096217, 53.55043038342756], [9.95603961526429, 53.55048030319045], [9.956047221185147, 53.550530236138655], [9.956054586795478, 53.55058018186213], [9.956078112167384, 53.55075147623351], [9.956098887324691, 53.5509228966822], [9.956116910336148, 53.55109442754811], [9.956117151808948, 53.5510971043282], [9.956121569521219, 53.55114241832171], [9.95612009439073, 53.5511426009049], [9.956127291030755, 53.551163208993664], [9.956191821219797, 53.551407004066625], [9.956236768462754, 53.55155947501821], [9.956271387122067, 53.55167694462104], [9.956314260494807, 53.551805027092726], [9.956390940563365, 53.55197035014278], [9.956495369417619, 53.55219542556545], [9.956520754851455, 53.552250136099744], [9.956534573550513, 53.55227989589513], [9.956547536151632, 53.55230783777698], [9.95657710667952, 53.552303816917195], [9.956635062255886, 53.55244398564262], [9.956659106397682, 53.55250212267984], [9.956687062055844, 53.552569711775945], [9.956805256535077, 53.552855496104], [9.956804895537903, 53.55285555292574], [9.956915275509436, 53.55314548963002], [9.956871450766679, 53.55315402021494], [9.956926634591843, 53.553309734894974], [9.95692790841031, 53.55331333826457], [9.95694618524794, 53.55343494747663], [9.956963059329844, 53.55347498411915], [9.956999647370175, 53.553561830325705], [9.957033682849689, 53.55364258445397], [9.95709373306067, 53.5537851182514], [9.9571309439247, 53.55387345159832], [9.957240662474355, 53.554133864538045], [9.95730609045466, 53.554289209390504], [9.957362010518482, 53.5544218972385], [9.95744302350319, 53.554614259631684], [9.957471096778608, 53.55468092172658], [9.957527210932513, 53.55480745050315], [9.957667714974894, 53.55513873718551], [9.957740997490939, 53.555311529381214], [9.957914035703427, 53.55571962654263], [9.957948697482651, 53.55573171773189], [9.957988518797588, 53.55583120316072], [9.957968496102687, 53.55585101339274], [9.957993922081787, 53.55591067618642], [9.958033294268867, 53.55600296504223], [9.95806208320427, 53.55607048419725], [9.958093661195987, 53.55614451597381], [9.958125303937411, 53.55621873599091], [9.958167928581553, 53.55631864834606], [9.95820628254941, 53.5564085991813], [9.958244763522977, 53.55649881865461], [9.958276311161733, 53.55657281466744], [9.958398516952977, 53.55685942811397], [9.95844009152909, 53.55695623860223], [9.958441655010155, 53.556959956489656], [9.958499077175162, 53.5570966677774], [9.958564925734796, 53.55725350968414], [9.958625236728517, 53.55739710127223], [9.958724017195191, 53.557632296528936], [9.958786788482698, 53.55778182798598], [9.95879912266994, 53.55781121288023], [9.958874115812522, 53.55798980647964], [9.958920834439127, 53.55810102978844], [9.95894113124794, 53.558149389431414], [9.958959432801933, 53.558192964966864], [9.95899538200013, 53.55827856618295], [9.959067884706231, 53.55845110308903], [9.959076660161907, 53.558471976983164], [9.959112290065589, 53.55855678969436], [9.959142941537326, 53.558629740943495], [9.95917252345051, 53.55870012093202], [9.95920194659099, 53.55877015161695], [9.95923974674178, 53.558860115531054], [9.959298754478722, 53.55900061602179], [9.959351378538353, 53.55912585949841], [9.959404528484297, 53.55925231224074], [9.959457823753954, 53.55937916829507], [9.959510385133829, 53.55950426837699], [9.959539746179907, 53.55957417362646], [9.959591365802508, 53.55969699803193], [9.959685910850549, 53.55992201497564], [9.959737900075188, 53.56004578917728], [9.95976764660475, 53.560051986577456], [9.959893535458002, 53.56024830180747], [9.960093714107334, 53.56017627571226], [9.960582741037156, 53.55998574767674], [9.960606102867, 53.55997677519802], [9.960629343998772, 53.5599676922868], [9.960652462959944, 53.55995849951861], [9.960808985289022, 53.55989036755461], [9.960959095948219, 53.55981729989063], [9.961102356420875, 53.559739509995346], [9.9611178123917, 53.559730684493196], [9.961613926876359, 53.55944702361525], [9.961827929906773, 53.559324500352446], [9.961844204764514, 53.559315182766085], [9.962282194490092, 53.55909511589531], [9.962356008317826, 53.55905802686044], [9.962524757497958, 53.558973251493505], [9.962706775522681, 53.55888178917084], [9.962904421611038, 53.55878249721849], [9.96312493400247, 53.55867169472356], [9.963408733801622, 53.558529082520025], [9.963755865012088, 53.55835465979585], [9.963915725806494, 53.55808765800479], [9.963992102194855, 53.55799967536918], [9.96405618423529, 53.55790827980512], [9.964107545834388, 53.557814079134076], [9.964299669763143, 53.55738667842639], [9.964339931508063, 53.557262503942006], [9.964343238466252, 53.5572552153991], [9.964347560432165, 53.55724811768734], [9.964352866948582, 53.55724126082402], [9.964359120620259, 53.557234693129104], [9.964366277377442, 53.557228460884865], [9.964374286786455, 53.55722260800956], [9.964383092405088, 53.55721717574812], [9.964392632180356, 53.557212202381365], [9.964402838885798, 53.557207722956285], [9.964413640595199, 53.55720376903913], [9.964633707973384, 53.557215289034495], [9.96463035716827, 53.55707263430938], [9.965782090074867, 53.55718102334275], [9.96735399381958, 53.557350850109216], [9.967670175861226, 53.55735809940204], [9.967667696972661, 53.55747572203675], [9.967658933899333, 53.557480044712705], [9.967588635899354, 53.557514753506965], [9.967328103285015, 53.55764336253365], [9.967296793147511, 53.55790148206123], [9.96728815150637, 53.5579726815905], [9.967239302816221, 53.558375278648455], [9.967234955716748, 53.55841105390532], [9.9672243439007, 53.55849847644922], [9.967199105577638, 53.55870646931953], [9.967026993178797, 53.56012481735557], [9.967140433174892, 53.5601174011335], [9.967194100463422, 53.56011389295193], [9.967201845832346, 53.560129129524775], [9.96723303220752, 53.5601904516902], [9.967296384988925, 53.56031501170687], [9.967336174535768, 53.560388785885635], [9.967770499166836, 53.56030655621112], [9.967855521976578, 53.56045903108952], [9.967935945344651, 53.56060708460435], [9.968055108963126, 53.56083509590915], [9.968148256023602, 53.56092473493829], [9.968239550253255, 53.56109652098724], [9.967819464537328, 53.56117318081943], [9.967577891861218, 53.5612172574938], [9.967576147795384, 53.561217577226756], [9.96772071429576, 53.5614823279509], [9.967722692921017, 53.561481700693676], [9.968149491029182, 53.56227276262994], [9.968195031263898, 53.562293419178026], [9.968183569083777, 53.56249892754099], [9.96804067361468, 53.56249610199858], [9.967071343356784, 53.56247702111987], [9.966172494860388, 53.562459331668585], [9.965934800701179, 53.562549451022356], [9.965898901680111, 53.56262058285432], [9.965710259194115, 53.56299432055652], [9.965695742339314, 53.563027731369736], [9.96568555839495, 53.56306170514107], [9.965679766982301, 53.563096043008116], [9.965651968341685, 53.563365082015984], [9.96871809076789, 53.56347392826835], [9.96873132797534, 53.56347439635565], [9.96918231610017, 53.563490392863294], [9.969344276191588, 53.56349614576684], [9.969702211037484, 53.56350884036438], [9.970399177543936, 53.56353356171274], [9.97065086737523, 53.56354249504925], [9.970675504583147, 53.56338800870034], [9.970602828413725, 53.56338181179436], [9.970558375029496, 53.563377075766994], [9.970570209347072, 53.563245696056214], [9.970568396196153, 53.563245638856955], [9.970570830945098, 53.563222724232624], [9.970573192399351, 53.56320056527511], [9.97161522104571, 53.56322074421949], [9.971614023341148, 53.56324292970222], [9.9716050640067, 53.5634080397029], [9.971589119256828, 53.563701856364695], [9.97158906519736, 53.56370279165513], [9.972546100335318, 53.56373613854467], [9.975291778943726, 53.563793092183616], [9.975565186554563, 53.563790341227964], [9.976467271220594, 53.56378125455538], [9.976466383820883, 53.56377943704108], [9.976462043609812, 53.56377061834808], [9.976509119558319, 53.56377444985655], [9.976650242222382, 53.56377941015676], [9.976645728103012, 53.563772219891796], [9.976670250895632, 53.56377231629575], [9.976759689761254, 53.563772673637615], [9.9767649532983, 53.563778967871656], [9.977090972894167, 53.56377720404081], [9.977091725268412, 53.56377316185217], [9.977667971184353, 53.563780902962705], [9.978514562642928, 53.56378405691574], [9.978850346526324, 53.56378405114721], [9.979537752213725, 53.56378988474213], [9.98055038901205, 53.563811422129476], [9.981319322005607, 53.56382802007478], [9.98175846765171, 53.56383428635558], [9.98259117657909, 53.563840338946704], [9.982851083116294, 53.5638370251599], [9.983110034202541, 53.56382336222976], [9.983366868396425, 53.56379941143783], [9.98362043375599, 53.563765280208294], [9.983726222005053, 53.56374808352982], [9.983831374151748, 53.56372955572353], [9.983935842941808, 53.56370970511583], [9.984040121994463, 53.563689161439186], [9.984136647127286, 53.56366899293894], [9.9842318990119, 53.56364678235673], [9.984325755798602, 53.5636225581057], [9.984334692814302, 53.5636205429439], [9.984513212894687, 53.56356896193152], [9.984687765538949, 53.56351277421577], [9.984858015551508, 53.563452087700064], [9.985125241008067, 53.56334536057806], [9.985381057850597, 53.56322914724436], [9.98562451735712, 53.56310387873257], [9.985664706937737, 53.56308166841148], [9.985889861886069, 53.56295588191814], [9.986193152128905, 53.56277888785385], [9.986203144720744, 53.56277275667656], [9.986212645733719, 53.56276635450068], [9.986221634457403, 53.56275969528186], [9.986246391240678, 53.56274175170539], [9.98627315570119, 53.56272486062855], [9.986301801936744, 53.56270910150689], [9.98633219519374, 53.56269454847111], [9.98636399300268, 53.56267960531744], [9.986394476031885, 53.5626637206787], [9.986423565721804, 53.56264693549287], [9.988072723048838, 53.56164449203152], [9.988078925995552, 53.56164101250877], [9.98808557969203, 53.561637841877214], [9.988092640867075, 53.561635000756425], [9.98810006359955, 53.561632507623145], [9.988107799617032, 53.56163037869101], [9.988115798609725, 53.5616286278051], [9.988124008557639, 53.561627266352], [9.988132376068911, 53.56162630318567], [9.988140846726987, 53.561625744569845], [9.988146721246155, 53.5616256554572], [9.988152587478284, 53.56162586144064], [9.988158403678167, 53.5616263610543], [9.988164128456631, 53.5616271507429], [9.988169721075067, 53.561628224886825], [9.98817514173534, 53.561629575842275], [9.988180351862983, 53.56163119399559], [9.988185314381719, 53.56163306783169], [9.988189993977278, 53.561635184016], [9.988194357348721, 53.56163752748934], [9.98826447524837, 53.56159422358967], [9.98826025712271, 53.56159151600433], [9.98825641594807, 53.56158861637125], [9.988252976298503, 53.56158554324103], [9.98824996017926, 53.56158231627419], [9.98824493966055, 53.56157566421647], [9.988240840555074, 53.5615687919221], [9.98823768979542, 53.56156174454532], [9.988235508083086, 53.561554568390676], [9.988234309752437, 53.561547310608816], [9.988234102676552, 53.56154001888676], [9.988234888215507, 53.56153274113442], [9.988236661207441, 53.561525525169955], [9.9882394100025, 53.56151841840551], [9.988243116539381, 53.561511467535695], [9.988247756464027, 53.561504718230815], [9.98825329928964, 53.56149821483681], [9.988276027662588, 53.56147548935304], [9.988300680086011, 53.56145348633006], [9.988327191920348, 53.56143226345795], [9.988436789605993, 53.56135215264096], [9.988551052672525, 53.56127438684281], [9.988669839655806, 53.561199062324725], [9.988692542466268, 53.561185525477036], [9.988715776452196, 53.5611723119684], [9.988739528625503, 53.561159429185025], [9.98874578099636, 53.561156237233625], [9.98875222492568, 53.56115318331114], [9.988758851821968, 53.561150271489225], [9.988764212670963, 53.56114820801075], [9.988769846959993, 53.561146421333966], [9.988775714465957, 53.56114492421393], [9.988781773300834, 53.56114372733853], [9.98878798021073, 53.56114283925224], [9.988794290884648, 53.56114226629508], [9.988800660270842, 53.56114201255737], [9.988807042898411, 53.56114207985057], [9.988813393201932, 53.56114246769425], [9.988819665846737, 53.56114317331959], [9.988825816052563, 53.56114419168917], [9.988831799913223, 53.56114551553288], [9.988835695446767, 53.56114661382015], [9.98883942899877, 53.56114789611627], [9.9888429761001, 53.56114935401726], [9.988846313503581, 53.561150977968275], [9.988849419336358, 53.56115275732619], [9.98885227324324, 53.56115468042935], [9.988854856520124, 53.56115673467404], [9.988857152236562, 53.56115890659704], [9.988859145346728, 53.56116118196389], [9.988875574269118, 53.56114833573158], [9.988869486366504, 53.561145599481854], [9.988943656243174, 53.56108707031162], [9.988949923395724, 53.561089724174764], [9.988954101371938, 53.561086309776876], [9.988958854201154, 53.56108876941387], [9.989015316561957, 53.56104394197712], [9.98901065661064, 53.56104158045307], [9.989025033357967, 53.56103008153634], [9.989029900026676, 53.56103224359311], [9.989086650090444, 53.560987458687585], [9.989081813194709, 53.560985278408964], [9.989096402072121, 53.56097381368513], [9.989101160766799, 53.56097587775318], [9.989157759730515, 53.560931094062454], [9.9891529230473, 53.56092892277391], [9.98916754144707, 53.56091743083008], [9.98917249763137, 53.56091954719592], [9.989229109862332, 53.56087469144893], [9.989224200642814, 53.56087264660883], [9.989228469774385, 53.56086925841405], [9.989183361833591, 53.56084938830347], [9.98918385074078, 53.56084898874533], [9.989183533365964, 53.56084869112531], [9.98918325727172, 53.560848379256846], [9.989183024250972, 53.56084805516513], [9.989182835816937, 53.56084772095482], [9.989182693193275, 53.560847378796204], [9.989182597306172, 53.56084703091123], [9.989182548778306, 53.560846679559035], [9.989182547924809, 53.56084632702125], [9.989182594751222, 53.56084597558721], [9.989182688953461, 53.56084562753912], [9.989182829919784, 53.56084528513713], [9.989183016734772, 53.56084495060477], [9.989182375618494, 53.56084465028179], [9.989231880990584, 53.56080580400715], [9.989230203774365, 53.56080509876075], [9.989256991507192, 53.56078392391272], [9.989390218009637, 53.56067860379819], [9.989417005582977, 53.56065742891459], [9.989418682167223, 53.56065810719665], [9.989467584360417, 53.560619310756074], [9.989468255664983, 53.56061961082779], [9.989468736417363, 53.56061942041388], [9.98946924262343, 53.560619255028726], [9.989469770616388, 53.56061911587033], [9.989470316571628, 53.56061900394671], [9.989470876534421, 53.56061892006862], [9.989471446448576, 53.560618864843654], [9.989472022185819, 53.56061883867182], [9.98947259957569, 53.5606188417427], [9.989473174435764, 53.56061887403407], [9.989473742601938, 53.56061893531201], [9.989474299958596, 53.56061902513263], [9.989474842468427, 53.560619142845326], [9.989475391120429, 53.560618715824795], [9.989519794944814, 53.56063882536405], [9.989523975557617, 53.56063552778051], [9.989528764634187, 53.56063760056922], [9.989585241518391, 53.560592799702356], [9.989580510725965, 53.56059063654395], [9.989595276905456, 53.560579017478034], [9.989600247326889, 53.56058109775249], [9.98965675508936, 53.56053633255129], [9.989652007736437, 53.56053410660989], [9.989666594207337, 53.56052255194465], [9.989671640309464, 53.56052464057895], [9.989728087332646, 53.56047986685665], [9.989723294068597, 53.56047761433107], [9.989737806495263, 53.5604661231924], [9.989742700597148, 53.560468168136595], [9.98979943511052, 53.560423427956614], [9.989794568892867, 53.56042128390528], [9.989798808583243, 53.56041793188913], [9.98979276601146, 53.56041519531112], [9.989866996028475, 53.560356763932745], [9.98987306899597, 53.56035950924443], [9.98988879687067, 53.560347055196644], [9.989893516123557, 53.56034937125098], [9.98994808090022, 53.56030612314721], [9.989946793637344, 53.56030530681566], [9.989962522519546, 53.56029289769446], [9.98996391187827, 53.56029356036826], [9.990018719286233, 53.56025036415698], [9.990017120280795, 53.560249775130885], [9.99003311662976, 53.56023718400678], [9.990034521082444, 53.56023784655483], [9.99008888159179, 53.56019491468983], [9.990081925166884, 53.560191835121024], [9.990108519215253, 53.560170805503944], [9.990122358268435, 53.56017703716077], [9.99012925084487, 53.56017544298887], [9.990129986949107, 53.56017657849513], [9.990449973719262, 53.55992873690623], [9.990447168055647, 53.55992367237924], [9.990442753527, 53.559917596431575], [9.990435931808376, 53.55990499524751], [9.990430967820858, 53.559892089769086], [9.990427898831255, 53.55987897688774], [9.990426747879075, 53.559865755052], [9.990427523603595, 53.55985252352826], [9.990430220179071, 53.55983938165557], [9.99043481735852, 53.55982642809983], [9.990441280625774, 53.55981376011298], [9.990449561454685, 53.5598014728029], [9.990459597673484, 53.55978965841942], [9.99047131393159, 53.55977840566162], [9.990484622265358, 53.55976779901201], [9.990953729878349, 53.5594350786316], [9.991164264319897, 53.55928596887035], [9.991170234305278, 53.559281951367325], [9.991176530961722, 53.55927811473194], [9.991183138852568, 53.55927446836988], [9.991397308064906, 53.55916207500639], [9.99144658459573, 53.55913620976951], [9.991445718684114, 53.55913468882106], [9.99146278996512, 53.5591313022918], [9.991463340331478, 53.55913224157223], [9.991468303841323, 53.55913383433565], [9.991473472130398, 53.55913517648703], [9.991478809581197, 53.55913625877685], [9.991484279410416, 53.55913707374645], [9.991489843922457, 53.55913761577945], [9.991495464769194, 53.55913788114037], [9.991501103214276, 53.5591378680005], [9.991506720400062, 53.559137576450354], [9.99151227761543, 53.5591370084992], [9.991517736562542, 53.559136168061066], [9.991523059620794, 53.55913506092791], [9.991528210106074, 53.55913369472958], [9.99153315252357, 53.559132078881305], [9.991537852812394, 53.55913022451879], [9.991542278580315, 53.559128144421436], [9.991537668990919, 53.559125351106964], [9.991556188270446, 53.55911480632332], [9.991560434244263, 53.55911238005559], [9.991572353623967, 53.559117872385464], [9.991697577517476, 53.55904912021278], [9.991694576578368, 53.559047329320954], [9.991705128805947, 53.559041488883196], [9.99170965468806, 53.559043285108785], [9.991843932002118, 53.558974988063994], [9.991839400193527, 53.558972292994845], [9.991849962683556, 53.55896689291891], [9.99185450365799, 53.558968689013874], [9.991976699249534, 53.55890669440107], [9.991968099215487, 53.55889917902893], [9.991996399126462, 53.55888531702687], [9.992000500772306, 53.558888339261074], [9.992006743994835, 53.55888546395225], [9.992012550750491, 53.558882280884085], [9.992017878379935, 53.558878813440984], [9.99202268774377, 53.55887508709662], [9.992026943510075, 53.55887112922662], [9.992030614413967, 53.55886696890754], [9.992033673487281, 53.55886263670319], [9.992036098256706, 53.55885816444016], [9.992037870908858, 53.55885358497395], [9.992038978421153, 53.558848931947665], [9.992039412657471, 53.558844239544726], [9.992039170427919, 53.558839542237884], [9.992038253512257, 53.558834874535904], [9.99203666864683, 53.55883027073], [9.992034427475042, 53.55882576464202], [9.992031546461853, 53.5588213893759], [9.99202804677278, 53.55881717707445], [9.99202395411842, 53.55881315868331], [9.992022087949138, 53.55881405508129], [9.992006440982323, 53.55880281379936], [9.99200371473271, 53.55880067783655], [9.992001294961007, 53.558798414773555], [9.991999198293819, 53.55879604016022], [9.991997439137645, 53.55879357031292], [9.991996029579882, 53.558791022202406], [9.991994979305773, 53.55878841333715], [9.991994295531855, 53.558785761643115], [9.991993982956384, 53.558783085340494], [9.991994043727045, 53.558780402818634], [9.991994477426204, 53.55877773250953], [9.991995281073772, 53.558775092761344], [9.99199644914769, 53.55877250171217], [9.991997973621878, 53.558769977165525], [9.99199984402137, 53.558767536467975], [9.992002047494305, 53.5587651963899], [9.99200456890023, 53.55876297301035], [9.992007390914129, 53.55876088160652], [9.992010494145477, 53.55875893654874], [9.992013857271475, 53.5587571512018], [9.993069036630422, 53.55824262097958], [9.993193532041548, 53.55823901639942], [9.993269906894135, 53.558241573254314], [9.99327782823359, 53.558247179517494], [9.993278803424037, 53.55824781130474], [9.99327986695725, 53.558248390358564], [9.993281010820084, 53.55824891231613], [9.993282226394138, 53.55824937324477], [9.993283504520718, 53.55824976967162], [9.993284835569826, 53.55825009860982], [9.993286209512707, 53.55825035758099], [9.993287615997446, 53.55825054463393], [9.993289044426923, 53.55825065835929], [9.993290484038686, 53.55825069790023], [9.993291923986028, 53.55825066295879], [9.993293353419714, 53.55825055379827], [9.99329476156972, 53.558250371241115], [9.993296137826386, 53.55825011666282], [9.993297471820355, 53.55824979198147], [9.993298753500698, 53.55824939964338], [9.99329997321063, 53.55824894260461], [9.993301121760297, 53.55824842430869], [9.993310240398266, 53.558243917012724], [9.993317071753678, 53.55824875028423], [9.993328843434913, 53.55824278271663], [9.993329425913512, 53.558243802622876], [9.993577543948202, 53.55812138827796], [9.993577229012928, 53.558120833577355], [9.993588258981234, 53.558115429462134], [9.993581745221345, 53.558110620534606], [9.993591014949756, 53.558106120950725], [9.993592095948497, 53.558105546438824], [9.993593088782214, 53.55810491804002], [9.99359398590204, 53.55810424053229], [9.99359478048684, 53.55810351906696], [9.993595466495101, 53.558102759129596], [9.993596038710862, 53.55810196649829], [9.99359649278336, 53.55810114719969], [9.993596825260118, 53.55810030746325], [9.99359703361321, 53.55809945367376], [9.993597116258451, 53.55809859232292], [9.993597072567473, 53.55809772995988], [9.99359690287248, 53.55809687314152], [9.993596608463726, 53.55809602838251], [9.993596191579726, 53.55809520210588], [9.9935956553902, 53.55809440059409], [9.993595003971999, 53.55809362994136], [9.993594242278098, 53.558092896007224], [9.99359337609994, 53.55809220437205], [9.99358558933012, 53.55808654307778], [9.993583991545274, 53.55807318606355], [9.99358420408976, 53.55805979581013], [9.993586225583357, 53.55804645916298], [9.99359004291353, 53.558033262619865], [9.993595631320504, 53.558020291769786], [9.993597953289663, 53.55801589997223], [9.993600478842545, 53.55801154818965], [9.9936032060378, 53.55800723976708], [9.993746429311301, 53.55794988672395], [9.993874770301616, 53.55789848203416], [9.994032207297074, 53.55783955431845], [9.994144867039383, 53.557797376509605], [9.99424444311196, 53.557761869311776], [9.99444060208757, 53.557701648351575], [9.994980792390296, 53.55756906278928], [9.995272503702653, 53.557498867774754], [9.995404758042577, 53.557467033834676], [9.995542072112132, 53.5574391667188], [9.995648291293485, 53.55741657084467], [9.995754404504689, 53.557393799227725], [9.995860410925335, 53.55737085204405], [9.99613786393499, 53.55730497147904], [9.996138830660652, 53.55730476811141], [9.99613982282707, 53.55730461419672], [9.99614083331286, 53.5573045108397], [9.996141854865138, 53.557304458782234], [9.996142880151602, 53.557304458397944], [9.996143901813136, 53.55730450968961], [9.996144912516655, 53.55730461228908], [9.996145905007712, 53.557304765459904], [9.99614687216259, 53.55730496810273], [9.996147807039428, 53.55730521876302], [9.996148702928036, 53.55730551564166], [9.99614955339807, 53.55730585660774], [9.996150352345184, 53.557306239213986], [9.996151094034841, 53.55730666071415], [9.99615177314348, 53.557307118082875], [9.996152384796712, 53.55730760803737], [9.996152924604326, 53.557308127060914], [9.996153388691786, 53.557308671428146], [9.99615377372805, 53.55730923723181], [9.996154076949473, 53.557309820410815], [9.996154296179641, 53.55731041677927], [9.996514516031363, 53.557214694688234], [9.996514889894103, 53.55721518596743], [9.99653556343249, 53.55720967426198], [9.996575635351633, 53.5571989940577], [9.996970413350809, 53.557093813866906], [9.997365199398558, 53.55698841656091], [9.997468975420343, 53.557125235425964], [9.99752264866599, 53.55719604347781], [9.99801470395271, 53.55785021998094], [10.004120354984883, 53.562266589267544], [10.008224239555611, 53.565234450760464], [10.014162720294081, 53.562242349815925], [10.014198360556078, 53.56222438425338], [10.014322109976503, 53.5621620389636], [10.014398701974168, 53.56212346486688], [10.014495656931164, 53.56207460539434], [10.014745509446051, 53.561948671588745], [10.014771837537392, 53.561935917569095], [10.015435498122377, 53.56161445696426], [10.015485468201312, 53.56159030178675], [10.015834610717484, 53.56139486472492], [10.016125733316409, 53.56158202369847], [10.01613261591742, 53.56158596946098], [10.01614001954378, 53.56158956537269], [10.016147894177552, 53.56159278714002], [10.016156186618694, 53.56159561299708], [10.016164840844471, 53.56159802385268], [10.016173798387936, 53.56160000341937], [10.016182998732937, 53.56160153832339], [10.016192379722952, 53.56160261819511], [10.016201877981034, 53.56160323573901], [10.016211429337964, 53.56160338678307], [10.016220969265797, 53.56160307030683], [10.016230433313796, 53.56160228844836], [10.016239757543868, 53.561601046489855], [10.016270827100142, 53.56159498820087], [10.016301010516242, 53.56158750871443], [10.01633012470822, 53.56157865339911], [10.016357993078076, 53.56156847596884], [10.016384446584965, 53.561557038157076], [10.016409324770589, 53.56154440934238], [10.0164324767325, 53.56153066612754], [10.016453762039434, 53.56151589187482], [10.0164730515831, 53.56150017620046], [10.016681508229182, 53.56131556835127], [10.016735602431092, 53.561271464664], [10.016795279807878, 53.56122999213933], [10.016860180713175, 53.56119140070083], [10.016929914025603, 53.56115592290925], [10.01700405950582, 53.56112377256126], [10.017082170328997, 53.56109514340108], [10.017163775777352, 53.561070207953286], [10.01724838407663, 53.5610491164831], [10.017335485359364, 53.56103199609107], [10.018166035795144, 53.56088977938037], [10.018203022472425, 53.56088255747596], [10.018239024104645, 53.560873746032], [10.018273848272054, 53.56086339214361], [10.018307308848572, 53.56085155114995], [10.018339226996607, 53.56083828633831], [10.018369432122965, 53.56082366860587], [10.018435439340793, 53.56078961959719], [10.018502066554221, 53.56075600140799], [10.018569305830404, 53.56072281804025], [10.018831147586257, 53.560593551214474], [10.019090525146488, 53.560462535735304], [10.019347405581813, 53.5603297882476], [10.021167179981784, 53.559378303841456], [10.021200234373618, 53.55936098634688], [10.021233145165624, 53.55934357217547], [10.021265911560299, 53.559326061749275], [10.021624975484526, 53.55912156786607], [10.021964460398413, 53.55890554499737], [10.02228332394624, 53.55867865661744], [10.022465915116372, 53.55854119110913], [10.023610432655488, 53.558077501751974], [10.024344805738858, 53.55765812476525], [10.024889063747139, 53.55734726072379], [10.025026016455465, 53.557269024333586], [10.025360528651138, 53.55706972423198], [10.025680649861087, 53.55686221461421], [10.025985812500705, 53.556646863541786], [10.025986450639207, 53.55664640861722], [10.026005718918851, 53.556503120322986], [10.026233072938686, 53.55640156254708], [10.026354865341915, 53.55638889467275], [10.026695054309744, 53.55668729549537], [10.026796110420928, 53.55661999019629], [10.026810179807667, 53.556610619718036], [10.027029822570928, 53.55646436135563], [10.02704384722786, 53.55645501820036], [10.027169551136883, 53.556451143115545], [10.027274408995376, 53.55647352406752], [10.02740670311739, 53.556501763798046], [10.027704567757015, 53.55671100721567], [10.028029000384523, 53.556905741173985], [10.028378014444195, 53.55708477307778], [10.028749472755273, 53.55724700648096], [10.028753116506579, 53.557248476304565], [10.02929619997226, 53.55746667734947], [10.029798554837976, 53.55766485752647], [10.030041528850818, 53.557764565806586], [10.030327618478774, 53.55788158357001], [10.030487917533817, 53.55795118879133], [10.030954359900623, 53.55815461750656], [10.031081857333673, 53.5582162347814], [10.031233550813177, 53.558285724426106], [10.031417596222438, 53.55835142918163], [10.031548488507868, 53.558371954883604], [10.03170482555637, 53.55842872039006], [10.0319378584855, 53.558519081117396], [10.032365514624031, 53.55869027180905], [10.032403613662767, 53.55870552091046], [10.032527547479445, 53.55875207486329], [10.032620955720754, 53.55879245610441], [10.032768272304079, 53.558859329843536], [10.032798482026145, 53.55887297498604], [10.033161560326604, 53.55902376707634], [10.033213980040248, 53.55904553509694], [10.033592067603735, 53.55919940530658], [10.033597963080625, 53.5591935204913], [10.03442805672924, 53.55954368439474], [10.035275646101093, 53.559901223926694], [10.035725539271853, 53.560090988240525], [10.035719213034922, 53.56009715554998], [10.035935551692388, 53.560193118411995], [10.036030612128888, 53.56026686788676], [10.036228663146188, 53.560328614644405], [10.036391117791826, 53.56038803574071], [10.036596400644072, 53.560468263561226], [10.036998404661713, 53.56062980813959], [10.037042047533983, 53.56059318605022], [10.037491632497895, 53.560763557130976], [10.037446820753193, 53.56081040104086], [10.037736019503958, 53.560908416389346], [10.037761993209669, 53.560880873425894], [10.037797177279488, 53.56089530114304], [10.038104731424244, 53.561021471729596], [10.03810973038617, 53.56101660124264], [10.038470485544465, 53.56117888543037], [10.03959760826991, 53.561649682768966], [10.039593670903091, 53.56165351035456], [10.039961845317713, 53.561795886833295], [10.040010576808804, 53.56181473556368], [10.040145476416141, 53.5618675235726], [10.04041504479321, 53.561972265166276], [10.040537527841424, 53.562019857221664], [10.040580880974503, 53.562036703014655], [10.040914257392156, 53.56216174286512], [10.04132564668513, 53.562302040156275], [10.041445163409383, 53.56234373335224], [10.0416584259006, 53.56240075432215], [10.041741414044184, 53.56242377155202], [10.041978718547787, 53.562489571571156], [10.041977587134642, 53.56249083988936], [10.042012787302372, 53.56250150882542], [10.042144303579578, 53.56253562691813], [10.04226106553663, 53.56256592725709], [10.042344458504775, 53.56258757421277], [10.042407847145373, 53.562605584108816], [10.042847472820988, 53.56272655541927], [10.04309280719923, 53.562783518938765], [10.043100033682, 53.562783285126926], [10.043326782928492, 53.56283352465944], [10.043428279825314, 53.56285576802335], [10.043533875247531, 53.56287521591677], [10.0435380008854, 53.56287597994515], [10.043574372438105, 53.56288268303765], [10.044065084172896, 53.562973037033174], [10.04434381346399, 53.56302544569902], [10.044441653610452, 53.56304385485739], [10.044608975864666, 53.563068300023104], [10.045146012571635, 53.56314630760219], [10.04567161901716, 53.56320646163902], [10.045962627095195, 53.563244179014895], [10.046368349532695, 53.56329263186269], [10.046521102372946, 53.56330663073092], [10.046525673664018, 53.563292415056], [10.046652128136254, 53.56330534044196], [10.046649951619543, 53.563312586656764], [10.046676291861628, 53.56332452729335], [10.04668856830019, 53.563325795185214], [10.046853900147728, 53.56334291060955], [10.047174710166326, 53.563368193079675], [10.047442934002163, 53.56338930585936], [10.047579544310016, 53.56339708950331], [10.047827363188588, 53.56341120689555], [10.048075288338747, 53.563425340821766], [10.04819667251052, 53.563432241418525], [10.048300747373462, 53.563437675573226], [10.048796901140358, 53.56346352923423], [10.048950337075228, 53.563471514351164], [10.049459551731681, 53.56349307982112], [10.050111547821384, 53.56353743530463], [10.050452829316166, 53.56356064157166], [10.050559553984566, 53.5635681808894], [10.051072939151304, 53.563604408903764], [10.051112582446253, 53.5636084112211], [10.051385374641685, 53.563635201032056], [10.051674280885955, 53.56366394298325], [10.051974866731603, 53.56369908057891], [10.052104210738067, 53.56371698168184], [10.052478346121294, 53.56375887800237], [10.053238191264105, 53.563876957218135], [10.053917179505847, 53.56400270159353], [10.054107473508632, 53.56403794264524], [10.054671726491893, 53.56416723772303], [10.055240425499319, 53.56429060311653], [10.055377863818299, 53.564321157735975], [10.055807761494094, 53.56441670152167], [10.056277117032215, 53.564522610244204], [10.056373250567736, 53.56454428775756], [10.056995484819131, 53.56470693946174], [10.057220063468526, 53.564770772317644], [10.057241840317326, 53.56477697103227], [10.057256910081799, 53.56485509626839], [10.057350154854102, 53.564879558164236], [10.057569368289592, 53.564937082555836], [10.057575224950066, 53.56490916480083], [10.057638756307878, 53.56492583501966], [10.057644555904291, 53.5648998683837], [10.0578705679216, 53.56495631635055], [10.058607591592498, 53.565140390032], [10.058605548366245, 53.565154709652205], [10.059129814472136, 53.56527606777243], [10.059708082814725, 53.565411444483196], [10.060333351933242, 53.56557849259201], [10.060578763121372, 53.56562544187645], [10.060578467877638, 53.565626918694385], [10.060569823735145, 53.56567069098917], [10.061029576015695, 53.565788837430865], [10.061516931317176, 53.56591474637446], [10.061733382931132, 53.56597067864258], [10.06175098230981, 53.56597522368381], [10.062055898507204, 53.56605804729451], [10.062235722890591, 53.566106887919645], [10.062230028586868, 53.56609055149406], [10.062232788817331, 53.56608621224955], [10.062259130849608, 53.56604495240304], [10.062272585191915, 53.566023879499], [10.06281556413097, 53.56517310783089], [10.062936106822793, 53.56498415702475], [10.064023222225252, 53.56327995141849], [10.064439511900037, 53.56260402968847], [10.066115728245226, 53.55988238519651], [10.066794727273077, 53.55979953761278], [10.067193982164921, 53.559750922829565], [10.067674980307228, 53.55969235429195], [10.068401439173824, 53.55956573772881], [10.068550506836743, 53.559539776087135], [10.068584634528316, 53.55958260060415], [10.068669701189318, 53.55957409280567], [10.068755017261388, 53.55956652200591], [10.068840553634805, 53.55955989078796], [10.068894593834118, 53.559556195404966], [10.06894870250275, 53.55955287416442], [10.069002872334393, 53.55954992751479], [10.069017639381793, 53.55954956631044], [10.069032406937195, 53.55954992007519], [10.069047077513838, 53.55955098647364], [10.06906155426514, 53.559552758466076], [10.06907574162402, 53.55955522435484], [10.069089545933748, 53.559558367861555], [10.069102876066207, 53.559562168234606], [10.069115644023464, 53.55956660038617], [10.069127765518665, 53.559571635057694], [10.069139160532437, 53.55957723901321], [10.069149753841137, 53.55958337525857], [10.06920138893789, 53.55961416282589], [10.069255885017137, 53.559643149645204], [10.069313065202689, 53.55967024163196], [10.069334094822647, 53.5596794388323], [10.069355434621974, 53.55968837917358], [10.069377075752106, 53.5596970589486], [10.069423168187297, 53.55971431280336], [10.069470449505934, 53.55973038585946], [10.069518834428886, 53.55974524912626], [10.06959052172221, 53.55976454211856], [10.069664060134613, 53.55978118308277], [10.069739173209397, 53.55979510945932], [10.069777475964889, 53.55980107225108], [10.069816069318886, 53.55980632900715], [10.069854916567781, 53.55981087472821], [10.06975724475119, 53.55985314288174], [10.069753254384842, 53.55987321213185], [10.069748943857597, 53.559893257896725], [10.06974431355833, 53.559913278365876], [10.069738977127535, 53.55993441752192], [10.069733263959096, 53.55995552174517], [10.06972717469675, 53.55997658865561], [10.06971908495497, 53.56000281980131], [10.069710414190212, 53.560028985062566], [10.06970116391315, 53.560055079877344], [10.070186691138186, 53.560077847514634], [10.07057712660118, 53.5600961518488], [10.071000832466357, 53.56049736883297], [10.071894605998983, 53.56089675469575], [10.072849642185592, 53.56127317474613], [10.072788893782405, 53.561338467695556], [10.072879359259412, 53.561368794296904], [10.073240978891407, 53.56149002129429], [10.073217110959488, 53.5615300748919], [10.07315377776916, 53.56163639922526], [10.073263593995678, 53.56165038063103], [10.073243348672463, 53.561702923461155], [10.073238314415551, 53.5617157870066], [10.074729087670331, 53.561891476611336], [10.074919230587327, 53.56191388555266], [10.075545698933277, 53.56197667844846], [10.075621663909573, 53.561810246361], [10.075839818624054, 53.56184531918549], [10.076017415536105, 53.56186774034972], [10.076743109906571, 53.56199230589873], [10.077945159623384, 53.56218202432776], [10.078392159596286, 53.56225722445692], [10.079265743193433, 53.5623859605628], [10.079315373790607, 53.56239848391463], [10.07932263750455, 53.562400315057495], [10.07945119772887, 53.56243278291265], [10.07945522469491, 53.56243379828828], [10.079756780950099, 53.56246554040664], [10.079752833052614, 53.562473558318665], [10.079786448790479, 53.56247973595519], [10.079791323953962, 53.56246366447473], [10.07983537934781, 53.56246061498037], [10.080564637226903, 53.56254642739835], [10.081033200319176, 53.5625947344002], [10.081289130062737, 53.56262111406071], [10.081585729508538, 53.562649022108396], [10.082094582658804, 53.56269691567928], [10.082607378446795, 53.56273774196822], [10.082838327576745, 53.562755481220485], [10.083203163095567, 53.562783513586396], [10.083276974357537, 53.56278918239546], [10.083292987769697, 53.562790709327366], [10.083774313301927, 53.56283657983689], [10.083827800621448, 53.56284219874371], [10.083996829117988, 53.56285454608315], [10.084147432224077, 53.5628655140779], [10.084327684988452, 53.56287867609556], [10.084354880951654, 53.56288116221669], [10.0845128825091, 53.56289566728777], [10.08467080869576, 53.56291017283401], [10.084818836958139, 53.56292376116984], [10.08487615042679, 53.56292902130096], [10.085002679887143, 53.56294031443826], [10.085150214266635, 53.56295347537044], [10.085250547997171, 53.56296242604487], [10.085382964192911, 53.56297423167864], [10.085395358481525, 53.56297534171832], [10.085521977401692, 53.562986579561155], [10.085688064200502, 53.56300134229929], [10.085850246410079, 53.563015744736035], [10.085944283768917, 53.56302408679992], [10.08608025578247, 53.563036173996295], [10.086197704304917, 53.563046595488764], [10.086216371557583, 53.563048565360575], [10.086310948881582, 53.5630585292513], [10.086444540743951, 53.563072588275254], [10.086915141792296, 53.56312214819127], [10.086842025864946, 53.56321785382514], [10.087049534866875, 53.56327401939558], [10.087057942730835, 53.56327628912456], [10.087159260557437, 53.56314340000456], [10.08751951997559, 53.56317820260856], [10.08785415512473, 53.563210567437174], [10.087891103085099, 53.56321414162655], [10.088130093744876, 53.56323909664798], [10.088359516518882, 53.56326305057848], [10.088613919532792, 53.563289608269606], [10.088673356656164, 53.56329580009606], [10.088866145388888, 53.56331486384972], [10.089429935820913, 53.56337063090349], [10.091029261859504, 53.56351520445933], [10.091585238887319, 53.563564021180795], [10.092293169861245, 53.563626180821345], [10.092612437836582, 53.56365254216087], [10.092892217374526, 53.56368398272054], [10.093372299972819, 53.563739390391966], [10.093808565531026, 53.56379008207211], [10.094177644057444, 53.563829179660964], [10.09441202727829, 53.56383972787874], [10.094437125081305, 53.563847453551574], [10.094439962734837, 53.563840982433156], [10.094447732725149, 53.563841333822886], [10.094454129117114, 53.56387503819283], [10.094459197288808, 53.56390174325142], [10.094664564856723, 53.56393409425186], [10.094687591414525, 53.563906628691925], [10.09471685763737, 53.56387170802587], [10.095170621761346, 53.56392807748182], [10.096595644947215, 53.56410321621331], [10.097106666331255, 53.56417460446381], [10.097196711203992, 53.564187181197866], [10.098108877848059, 53.56431461707648], [10.09810916151343, 53.56432381926912], [10.099807240929545, 53.5645456997006], [10.100496223836998, 53.5646451908391], [10.102244954270816, 53.56491805108303], [10.102332357105126, 53.56493168205084], [10.10266980281935, 53.564977651981486], [10.103198391760568, 53.565049652353586], [10.103940977310183, 53.56514964507347], [10.104682661025068, 53.56524328625634], [10.10542634066042, 53.56533111544857], [10.106172508314273, 53.56541232803425], [10.10692012570248, 53.56548765269947], [10.107233464189404, 53.56551386816501], [10.107386062998303, 53.56552664022894], [10.107403374883281, 53.565528088994846], [10.107558449874077, 53.5655420064926], [10.10827322427624, 53.565606129808636], [10.110540364265464, 53.56579492487887], [10.111308103459427, 53.565859077673245], [10.111388429030926, 53.56586635858867], [10.112105972005693, 53.56593139514808], [10.112906685767511, 53.56600442693097], [10.113556850574858, 53.56606401406466], [10.114188575798211, 53.566125729053816], [10.114495999311368, 53.56615576502437], [10.1150089822015, 53.56620430736918], [10.115352130373207, 53.56623652506014], [10.115602078342157, 53.56625999275342], [10.11570418025, 53.56626959360076], [10.11620060336933, 53.56631592118096], [10.116368277964668, 53.566331570438926], [10.116825562273185, 53.566375563990945], [10.11706754773823, 53.56639821305509], [10.11761933498269, 53.566449860597885], [10.118346564980314, 53.566525888764374], [10.119080570270313, 53.56660278399453], [10.119301896711136, 53.56662582857646], [10.11942646780197, 53.56663880263259], [10.119832720979035, 53.566681104907865], [10.120602818391426, 53.566761895757175], [10.121367991884549, 53.56684195476003], [10.122132672675843, 53.56692439560622], [10.122437307003318, 53.56697810561495], [10.122707995596453, 53.56700383585755], [10.123213918923993, 53.567051896970035], [10.123951029845532, 53.567118800283616], [10.124672551214895, 53.567181971352326], [10.125051184141842, 53.56721413325188], [10.125435212142344, 53.56724188348985], [10.125814284953847, 53.56726441153449], [10.12641248496372, 53.567295679921656], [10.126960505573736, 53.56731438393552], [10.127241385921819, 53.56732398937092], [10.127337574856208, 53.56732568069376], [10.127342546913948, 53.56733945904004], [10.127876799685952, 53.56735315585231], [10.128382886049225, 53.56736384396538], [10.128529490431442, 53.567366487988245], [10.128613494645297, 53.56736822133204], [10.128990141898964, 53.56736080159571], [10.129210410068843, 53.5673562323929], [10.129372452862569, 53.567352859764824], [10.129758713133294, 53.56735202573125], [10.130137560966674, 53.567347296298585], [10.130356177395498, 53.567342515863594], [10.130521835766721, 53.567338828848605], [10.130903803668383, 53.56732596833356], [10.131282277205113, 53.56730892376578], [10.131662731810001, 53.56728917151963], [10.132042039282275, 53.56726605801112], [10.132418603355816, 53.567239184865116], [10.132795273503849, 53.56720725766018], [10.133172138365996, 53.56717190257958], [10.133375321140901, 53.567155828712785], [10.1333795388746, 53.567182549260394], [10.133383610874848, 53.56721511409514], [10.13355772011479, 53.56720278518544], [10.133734316084201, 53.56719027963737], [10.13374414240931, 53.56718956625314], [10.13389445351072, 53.567178936627975], [10.134070104452421, 53.56715877184997], [10.134060045898972, 53.56712709978002], [10.134046047751168, 53.56708306910819], [10.134738324577183, 53.567034165082276], [10.13497706961939, 53.56700690128434], [10.13612523112377, 53.56687896325602], [10.136470036921086, 53.566833627729714], [10.136874415131539, 53.56677657853649], [10.137252849394429, 53.56671274517326], [10.137653024849053, 53.56663702699581], [10.138071334872668, 53.566552900921536], [10.138367721430932, 53.56651361179821], [10.139327260419286, 53.566334555074725], [10.139402919455518, 53.56633709742787], [10.139494074500067, 53.56635998724456], [10.139572750614215, 53.56632085427631], [10.139636999813737, 53.56627474833899], [10.139822324118466, 53.56623214501679], [10.140524954498426, 53.56605247920754], [10.141218923852321, 53.56587663133855], [10.142343024478745, 53.56561464673023], [10.142394552614974, 53.56568328975087], [10.142746536540036, 53.56560796076279], [10.142728436297451, 53.5655313847703], [10.147554171406636, 53.56441278384605], [10.147718380108095, 53.56437609684916], [10.147743842083758, 53.564259146984035], [10.148010655896908, 53.564010257967034], [10.148085485077269, 53.56399288292058], [10.14939976349501, 53.56366761029797], [10.150050090592508, 53.56350154176206], [10.150843929992154, 53.5632988246327], [10.151090868997278, 53.56323526850955], [10.151797824766607, 53.5630533009891], [10.152295658542528, 53.56292475283789], [10.152275325336504, 53.56289549141015], [10.152243427548676, 53.562849603663324], [10.152363693966086, 53.5628208843991], [10.152457092732767, 53.56279858143556], [10.15264717520755, 53.5627531885461], [10.15272372502328, 53.562820345573826], [10.154022835400154, 53.56244410979], [10.154046044589368, 53.56237930806776], [10.154578078389633, 53.56220589726703], [10.154951053047721, 53.56208432318105], [10.155151679435523, 53.56212134453502], [10.156048311946412, 53.56184801503532], [10.156388714499396, 53.561744244066354], [10.156600535164836, 53.56167967662619], [10.157489759931156, 53.56144317334183], [10.158346835833045, 53.56124664373125], [10.15903144941996, 53.56112566087818], [10.159742450278262, 53.561038882513614], [10.160261661268418, 53.56098592588773], [10.160488270746425, 53.56096280969898], [10.15874489008773, 53.560274533978024], [10.158798495543532, 53.56020632654979], [10.159071321144971, 53.559998380399335], [10.159156834795244, 53.559933207532055], [10.159228009327423, 53.559878672874895], [10.15924518204827, 53.5598849875878], [10.159349886545204, 53.55973210149435], [10.159477869245755, 53.55952284357995], [10.15958893806402, 53.55934161578278], [10.15979098145945, 53.55913823745854], [10.159847776587275, 53.55905815093894], [10.159901781832712, 53.55891582378891], [10.159946381704744, 53.55883753645246], [10.160014263565225, 53.55876870457538], [10.160128725382044, 53.558535621026586], [10.160203365994237, 53.55848429721388], [10.160237329883847, 53.558261217234225], [10.160246288331837, 53.55812349783925], [10.160260662087211, 53.557999407354394], [10.160299992492329, 53.557614408090856], [10.16025680056237, 53.557374421926575], [10.160144419416953, 53.55720281300789], [10.160072705401927, 53.55710940146511], [10.159947379271234, 53.55682103231014], [10.159947105487811, 53.55682040572658], [10.1599466296898, 53.556816257364694], [10.159921199812358, 53.55659468830636], [10.159907414344676, 53.556468219139234], [10.159886005219782, 53.55636989694782], [10.159877648093902, 53.5563552268384], [10.159741362589754, 53.556115873574626], [10.159736027764037, 53.55610793397182], [10.159708930441592, 53.55606766475352], [10.159718084016571, 53.55603142172339], [10.1597402204378, 53.55600069797109], [10.159759734574633, 53.55593260487218], [10.159772870745822, 53.55576102785449], [10.159779277594573, 53.55567734885723], [10.159660108754164, 53.55550184108149], [10.15957479500134, 53.555400623698475], [10.15951862486362, 53.55530796900833], [10.159494567720154, 53.5552689916662], [10.159466799103743, 53.55522401859586], [10.159424591235291, 53.55509650349598], [10.159424015346758, 53.55509476518794], [10.15941726863083, 53.555074380325664], [10.159379814331265, 53.5550218873387], [10.159331516234326, 53.55490460693639], [10.159269439715713, 53.554836064289894], [10.159116091467475, 53.554746463775444], [10.158992643294102, 53.55467433583132], [10.158825391765621, 53.55456977693345], [10.158691915129058, 53.5545184298363], [10.15847117840615, 53.55445136989258], [10.158275368966535, 53.554378908369166], [10.1582544460395, 53.5543711646135], [10.157919624807048, 53.554161750976256], [10.157343298404633, 53.554000149725994], [10.157094914733058, 53.553757275754094], [10.157089440039451, 53.55375192625584], [10.156920777821314, 53.55361526919711], [10.156841850251027, 53.55355132894047], [10.156793749695037, 53.553512358899646], [10.156786414872016, 53.55349913492509], [10.156682142464069, 53.553311218942795], [10.156727138863646, 53.553094712056485], [10.15672972783445, 53.55308226403961], [10.156771909538882, 53.55290813213829], [10.15648358535645, 53.55249389690573], [10.156218611683373, 53.55232357999073], [10.155749939264547, 53.552365082428764], [10.155619328222487, 53.55235867684977], [10.155203985272664, 53.55208261524537], [10.154800022436696, 53.55180851881187], [10.154358695172482, 53.55150964808213], [10.153861545605624, 53.551177173626705], [10.153354304830353, 53.55083800764891], [10.153271754599572, 53.55078255876097], [10.152752864199206, 53.55043316509479], [10.151971598329121, 53.54990979529029], [10.151832410447257, 53.54981681302056], [10.15118768986156, 53.54938288616392], [10.150977535653597, 53.549241586272416], [10.150818902675763, 53.54913493772923], [10.150542319013336, 53.54894898009243], [10.150424471274427, 53.54887236684066], [10.15039102223005, 53.5488506202962], [10.150287433584197, 53.54878328136251], [10.150209012510995, 53.548732303202584], [10.150197201007755, 53.548723652403964], [10.150122342739436, 53.54859587275684], [10.150068026851518, 53.54851205011499], [10.149799411991163, 53.54809750147464], [10.149713743757447, 53.54796395560051], [10.149278447146006, 53.547285433276215], [10.148924934277195, 53.54673436258964], [10.148461740024334, 53.54601230125348], [10.148448756336347, 53.54600658300819], [10.14841023337728, 53.54598963090278], [10.14842641331589, 53.545983515727755], [10.148462000500325, 53.5459700768009], [10.149964795182493, 53.54540241677723], [10.150813903544153, 53.54508139063501], [10.151540629714455, 53.54481316154648], [10.151757552329814, 53.54443626144476], [10.152116963020122, 53.54381177571378], [10.152100905166346, 53.543777322239706], [10.152050745996679, 53.54375700461369], [10.152124203322048, 53.543752170895004], [10.152181485264698, 53.54374745702564], [10.152481405576147, 53.54318235020655], [10.152445186412049, 53.54303961014439], [10.1524286750637, 53.54297457103853], [10.152364359403855, 53.54272862772733], [10.15230034074096, 53.54263528115569], [10.15198487017862, 53.54217523611342], [10.151734234118834, 53.5420963885332], [10.15178042119772, 53.54208498591408], [10.151802802587028, 53.54207945775634], [10.152011995968936, 53.540981630333164], [10.152300700150032, 53.540076383624985], [10.15231225780221, 53.540040198816484], [10.152331479483395, 53.539980047006814], [10.152424992310637, 53.539982678552626], [10.153498124029882, 53.54001282759036], [10.153910267759986, 53.53874997517782], [10.153924222101248, 53.53870709712287], [10.154196732602747, 53.53787204497611], [10.15423271094494, 53.537761796357366], [10.154601037223403, 53.53663314041632], [10.154672683656463, 53.53641359870541], [10.154675315701363, 53.53640551900922], [10.15459849852298, 53.53637900567386], [10.153639402108936, 53.53610257866723], [10.153531103010778, 53.536071370415875], [10.153507423416174, 53.53606454236972], [10.153185506438838, 53.53596283394454], [10.153099999047617, 53.53593741024694], [10.152911507339375, 53.5358841962416], [10.152258388791468, 53.535690896701595], [10.152000616135988, 53.53563735107752], [10.151894555612808, 53.535626264469286], [10.151880772818352, 53.5354853844501], [10.152072288766663, 53.535512826006304], [10.152100646761856, 53.53551136620704], [10.152229539863427, 53.53553812543057], [10.152417719082232, 53.535610481416406], [10.15259585464079, 53.535691356756345], [10.15271884955914, 53.53575091978453], [10.152797678715029, 53.53578715017265], [10.152948218383518, 53.53584139550199], [10.153146929077083, 53.53590029991166], [10.153189690034637, 53.53591300269207], [10.153807737699797, 53.53610034318389], [10.15434641512536, 53.53626361872211], [10.154604732356624, 53.536341919165835], [10.15461109209397, 53.536343844358136], [10.154664768865391, 53.53636117849189], [10.154704196859063, 53.53637391291856], [10.154725221782675, 53.53638076636527], [10.154860977685333, 53.53642500331568], [10.155019272614803, 53.53649012892668], [10.155279870184936, 53.53654290367026], [10.1553303583538, 53.536548959961394], [10.155399452406838, 53.53655725453177], [10.155523106895595, 53.53657208729164], [10.155721993871733, 53.536617259306475], [10.15583762247094, 53.536659289586574], [10.156005830791868, 53.53672043475908], [10.156134272197097, 53.53673371043316], [10.156534753870478, 53.53672950498277], [10.15680086037436, 53.53670304668307], [10.15683315604122, 53.5367314276136], [10.15683402190029, 53.53673219230384], [10.157217796554892, 53.536702428231514], [10.157255025371656, 53.53671913833175], [10.157295276490904, 53.53674596792304], [10.157301905536485, 53.536789851733275], [10.157268990481967, 53.53679465588682], [10.157246427757446, 53.53685759157399], [10.157244634083636, 53.53695947401394], [10.157261683250217, 53.53710270397405], [10.157284699474058, 53.53721408154533], [10.157384827675562, 53.537364309968986], [10.157482143868142, 53.53737878438252], [10.15754772496651, 53.53734065578322], [10.157582550547511, 53.53733506898159], [10.157694673613308, 53.53734691887187], [10.15779166357383, 53.53736602560596], [10.157965533619691, 53.53739721529619], [10.158104270117803, 53.53739726500202], [10.158238402514419, 53.537390617279016], [10.158558411999536, 53.53728896903962], [10.158567475699392, 53.53728933067852], [10.158604459061655, 53.53726551064615], [10.158788451067702, 53.53720153177368], [10.158838031002952, 53.53721185624912], [10.158885627323222, 53.53721861325641], [10.158951861382244, 53.53731494630547], [10.159098006732393, 53.53747741099385], [10.15927418198795, 53.537578565992916], [10.159381678102147, 53.53764028604349], [10.159510962368536, 53.53770359255218], [10.159591614824606, 53.53772226297086], [10.159671248922786, 53.53772796287339], [10.159757586801904, 53.53772993911743], [10.15986204193778, 53.537715145586596], [10.159946717688715, 53.537684471229845], [10.160040494953881, 53.53767320599132], [10.160184547663713, 53.53768332350033], [10.160218243265943, 53.53768442583651], [10.160298055087672, 53.53773304681029], [10.160315053702648, 53.5377736027324], [10.160289890565116, 53.53789029241055], [10.160221559633293, 53.537995013885435], [10.160158938292579, 53.53804420785296], [10.160127795007321, 53.53815854641729], [10.160192091480173, 53.53821586667661], [10.160217803919066, 53.53822741995527], [10.160270325889714, 53.53820841964353], [10.16036152338373, 53.538155199842045], [10.16044639243898, 53.5380443939398], [10.160458880569104, 53.538030366523415], [10.160570269445232, 53.537997068329915], [10.160853829515649, 53.53791228978356], [10.161060299221843, 53.53785527153433], [10.1612075430318, 53.537767464928116], [10.161268186731494, 53.53775248435547], [10.161340963186007, 53.53774524243791], [10.161470877058552, 53.53776858392909], [10.161505375060942, 53.53778631703595], [10.161553688918872, 53.537789479342145], [10.162043863100708, 53.537754549160866], [10.162646966745076, 53.53770741737671], [10.162632606602081, 53.53760793017716], [10.16305984059643, 53.53757528874472], [10.164183652816577, 53.53748940991359], [10.164319628029007, 53.537483950959746], [10.164376901611387, 53.53746608913097], [10.164400961090438, 53.53749821581637], [10.164418520062716, 53.537521659347796], [10.16445064644462, 53.53756455738172], [10.164500498892172, 53.537556152444886], [10.167987390120377, 53.53729343251266], [10.168011805969297, 53.537302776465545], [10.168014338702864, 53.53731365557945], [10.168052139186596, 53.5374759452248], [10.168095796964653, 53.53760925950269], [10.168237942663346, 53.53752866732017], [10.168349483947505, 53.537490209564375], [10.168495858963944, 53.537465695087626], [10.168512096107474, 53.537462974503526], [10.1686036000461, 53.53741857271911], [10.168690726997239, 53.537397702325904], [10.168776256411286, 53.53738293314719], [10.168651432407094, 53.535654206520306], [10.168587059317764, 53.53468915652651], [10.168513495277542, 53.534734965119405], [10.168453523455785, 53.534734643277815], [10.167758246270463, 53.53472972267368], [10.167545838997652, 53.53472855182074], [10.167530762892833, 53.53472846531184], [10.165920032346072, 53.53472133175111], [10.165876101754959, 53.53473919908344], [10.165857802345169, 53.534730532173235], [10.165827639654111, 53.53471624584246], [10.165760970225044, 53.53468467869427], [10.165697679056585, 53.53465469662398], [10.165620705963574, 53.53461824985157], [10.165602193527322, 53.534584792864784], [10.165293798354442, 53.53408818103463], [10.165176159790466, 53.53378178115983], [10.165181700301623, 53.53374836837799], [10.165239204293103, 53.533683041065096], [10.165290297165669, 53.53360238675351], [10.165316631697902, 53.53356081589782], [10.16532082649718, 53.53350367583732], [10.165338167778385, 53.53350384841625], [10.165320288473955, 53.53308294318203], [10.165268703362525, 53.5329906777284], [10.165201114548507, 53.532901327884275], [10.165139446025806, 53.532806131288396], [10.164595399403286, 53.53220023116986], [10.16437708140259, 53.53205409009074], [10.164254121205069, 53.53200865164966], [10.164175485019548, 53.53199000971222], [10.163921862597263, 53.5319312896024], [10.163829572796335, 53.53188240595537], [10.163782360630528, 53.53183829720829], [10.163649034281798, 53.531505521457746], [10.163564908827484, 53.53137135882848], [10.163273915677998, 53.531060944789765], [10.163238715820059, 53.5310311915176], [10.163062135862289, 53.53081716030856], [10.163048713133417, 53.53078430962155], [10.1631319755703, 53.530661354869785], [10.163403228778975, 53.530293027472524], [10.163496548276612, 53.530142953149046], [10.163643902304049, 53.52998382215471], [10.163699277227396, 53.52988275733704], [10.163756362301141, 53.52983967396556], [10.163794018147113, 53.52978844672427], [10.16383157856806, 53.52972824021891], [10.163937487155772, 53.52944370882877], [10.16396070766732, 53.529343640066465], [10.163971113467547, 53.529193842112925], [10.16391045169255, 53.52912460477448], [10.163660056830784, 53.52896229749777], [10.163489966334591, 53.528839470766094], [10.163182907591077, 53.52861709092534], [10.163091175767642, 53.528555238905476], [10.162898134702438, 53.52843214918106], [10.162670452352861, 53.528086401662584], [10.16251904727589, 53.52787826440613], [10.162304922222754, 53.52750289988468], [10.162177978808106, 53.52724528170775], [10.162079167914316, 53.52707236459982], [10.162070278561535, 53.52705680085218], [10.161941249892754, 53.52687721970779], [10.161910419291422, 53.526786468006925], [10.16188422343441, 53.526730558233716], [10.161775189352994, 53.5263201563951], [10.161700279687585, 53.526082797050975], [10.161710671990377, 53.52580654868058], [10.161746568202124, 53.52561057749574], [10.16177931319165, 53.525276868834595], [10.16183821273879, 53.52506487110205], [10.161860281165593, 53.52495071885831], [10.161914687903998, 53.52462695737572], [10.161949369608958, 53.52453439138156], [10.162005865817957, 53.52438731873759], [10.162021107720435, 53.52430486570566], [10.162062556943722, 53.52415093670539], [10.16209717095436, 53.523993649248176], [10.162121230876513, 53.52387734713876], [10.162147670279833, 53.52368100024206], [10.162190111944144, 53.52354077002513], [10.16221441218306, 53.52346467413909], [10.162298430218508, 53.52314052564487], [10.162310894564177, 53.52307677007983], [10.162336378717855, 53.52298057183881], [10.16203172101023, 53.522968134913896], [10.161677908217046, 53.522953693832335], [10.161671094321663, 53.52295330159223], [10.161486180014732, 53.522942567270135], [10.161192121472583, 53.52292550367995], [10.160799775776223, 53.52290471933452], [10.160452190874459, 53.52288630386879], [10.160191408132512, 53.522872492519895], [10.159896403143494, 53.522858293488895], [10.15946810138322, 53.52283766483618], [10.158943192561651, 53.52281239788751], [10.158985443551384, 53.5227725797656], [10.15903266006048, 53.52265439979568], [10.159054205448893, 53.52260926302316], [10.15916189952056, 53.52234924975071], [10.159307305154561, 53.521998160906776], [10.159267450646745, 53.52195168678844], [10.158636496322549, 53.52138916590159], [10.158120659994848, 53.52092660090907], [10.156759176037639, 53.519728031980044], [10.156448798830782, 53.51945482427948], [10.156265025600973, 53.51929262124754], [10.15612278833238, 53.519317548414975], [10.155983971739913, 53.519348578066804], [10.15584931187333, 53.51938554567604], [10.155719522747626, 53.51942825523064], [10.15559529255774, 53.5194764802725], [10.155172658025599, 53.51965395697373], [10.155077292989194, 53.51954112038272], [10.155097302150779, 53.5194710182342], [10.155031266085741, 53.5194316094725], [10.154637948690079, 53.51919683608688], [10.154463250308957, 53.519099606324126], [10.154445459836557, 53.51909053321606], [10.154426423651858, 53.51908240750841], [10.154406283374605, 53.519075289652115], [10.154385188838168, 53.51906923260023], [10.15436329697488, 53.51906428141399], [10.154340770648568, 53.51906047292749], [10.154317777442973, 53.51905783547386], [10.154294488415047, 53.51905638867428], [10.154271076822427, 53.519056143292175], [10.15424771683454, 53.51905710115309], [10.154229785522238, 53.51905830803153], [10.153233388901283, 53.519530407863286], [10.15260055871417, 53.51982800261395], [10.152397186051152, 53.5199207448187], [10.152196658319667, 53.520012191780474], [10.151401718769499, 53.52044473264618], [10.151170681539044, 53.52057992534189], [10.15104553965492, 53.52050399418819], [10.150704494261888, 53.520674781466866], [10.150537090329138, 53.52075145219367], [10.150006419248749, 53.520994555259996], [10.149648498615795, 53.52115853519572], [10.149461022524026, 53.521244431522796], [10.148999934624882, 53.521448980662576], [10.14892602011593, 53.52148177335047], [10.14764588592428, 53.52201605159972], [10.146740565434497, 53.52235474885043], [10.146460561265371, 53.52245947923379], [10.146452742284847, 53.522451463965076], [10.146315142243099, 53.522505657635485], [10.146321589754436, 53.52251148371787], [10.146222444458877, 53.52254127153838], [10.145649331416305, 53.522786883327456], [10.145526231450066, 53.52283570543664], [10.14558140912028, 53.52291111718332], [10.145481555363874, 53.52293706380811], [10.145003301221637, 53.52308147147609], [10.144538490623514, 53.52324513813645], [10.143237836008518, 53.523756894341716], [10.143182314751677, 53.52377837377982], [10.143126288200117, 53.52379938216339], [10.14306976760749, 53.52381991527236], [10.142624594175782, 53.52397898196713], [10.142319389263353, 53.524098730540445], [10.142295620884187, 53.52410230160091], [10.141009315027311, 53.524608268952655], [10.140756944546856, 53.52470668137394], [10.1405027187193, 53.524804580594356], [10.140296942202403, 53.524882133179474], [10.13994241460372, 53.52501495780026], [10.139529125397232, 53.52515108312613], [10.139133722071504, 53.525286542193996], [10.137761330179154, 53.52577693409977], [10.137678594443994, 53.52580597899537], [10.137596275412742, 53.525835441354644], [10.137514379017752, 53.52586531905466], [10.137472533537341, 53.52588080219693], [10.13743080180016, 53.52589639397519], [10.137389184600522, 53.52591209409269], [10.13726079080624, 53.525961527007745], [10.137133519352817, 53.52601198006413], [10.137007393067844, 53.52606344421416], [10.13690376203073, 53.526106873880835], [10.136800953382595, 53.5261509921803], [10.136698980011612, 53.52619579358297], [10.136676874818136, 53.52620564564534], [10.136654807460276, 53.526215527782156], [10.136632778053285, 53.52622543994185], [10.136396031704308, 53.52633229712575], [10.13633539099289, 53.52635953248312], [10.136274519270438, 53.526386584278235], [10.136213418101715, 53.526413451815536], [10.135718459041222, 53.526343202979824], [10.135674639567641, 53.5263084177118], [10.13536023130644, 53.52605888961117], [10.134956040933906, 53.52604479381978], [10.134744025416635, 53.52603740359236], [10.134339231428752, 53.52602328447863], [10.134364167782646, 53.52590866997396], [10.134377980552237, 53.52584522835151], [10.133696821258209, 53.52530805251533], [10.133525740396724, 53.52517595206413], [10.133450327854824, 53.52511772517247], [10.133257477860372, 53.52497818094973], [10.133104314344118, 53.52487861258744], [10.13295223594139, 53.524778413496506], [10.132799103785851, 53.524678835459795], [10.132643834682765, 53.524580553931905], [10.132479018849184, 53.52448798085028], [10.132307804134557, 53.524399234598626], [10.132122751776349, 53.524318772293384], [10.13191431498827, 53.52425232943988], [10.131757114667646, 53.52421671042508], [10.131610999461936, 53.52419061366228], [10.131466094131, 53.52417085160991], [10.13131766189094, 53.524155158883126], [10.131167369076852, 53.52414662994813], [10.130561320298014, 53.52413665834686], [10.130409836518842, 53.52412758239518], [10.1302618769127, 53.524108656787256], [10.130117871227139, 53.52408242140283], [10.12998210869049, 53.524042830967566], [10.129853385665244, 53.52399510160031], [10.129733152173289, 53.52393816789205], [10.129622846809292, 53.523876771534546], [10.129517046998071, 53.52381348074581], [10.12940744239094, 53.523747214442345], [10.128729038884838, 53.52324308253527], [10.128491337118335, 53.523261336095764], [10.12849638375117, 53.523217951785895], [10.128487579931846, 53.5231744644918], [10.128466455589018, 53.52313054514988], [10.128436108075045, 53.52309035346173], [10.128396295225663, 53.52305272311702], [10.127289589233412, 53.52240131042751], [10.125953684044397, 53.52157585009691], [10.125722409741709, 53.52144707410308], [10.125752512353092, 53.521426969586], [10.125525643785114, 53.521281683612415], [10.125266010615517, 53.52112657483399], [10.124702527152577, 53.52080849257457], [10.12414037132985, 53.520480983558535], [10.123571519771613, 53.520158326060724], [10.122818465376271, 53.51974564380335], [10.12263895085749, 53.51964726246389], [10.122615652353817, 53.519648604885994], [10.122455786028048, 53.51965782762507], [10.122397214850896, 53.519624641259185], [10.122367645691385, 53.519607875439405], [10.12206473758477, 53.51984346574329], [10.122143808598048, 53.51988811877943], [10.122132945985923, 53.519894872705095], [10.122065204666862, 53.51993705634236], [10.122032655339872, 53.51998446495193], [10.121974886777025, 53.520094683670465], [10.121945190134795, 53.52015929767331], [10.121921080068516, 53.5202252705376], [10.121922628373415, 53.52024733334764], [10.12191882435424, 53.52028718196799], [10.12192068237735, 53.52029013993873], [10.121989387382893, 53.520399135771044], [10.122032067109316, 53.52045480950564], [10.122076338757514, 53.52049880037418], [10.122143275606103, 53.520557985884324], [10.122175664888948, 53.520591831630895], [10.122218070352261, 53.52063539949584], [10.122264536007277, 53.52070246281269], [10.122303171684877, 53.520783730550015], [10.122329388970844, 53.52084371170173], [10.122348835158624, 53.520891764894834], [10.122382708605356, 53.521015407192], [10.12258545260217, 53.521397717640745], [10.122549666521, 53.521414575702984], [10.122478108403154, 53.52144825570636], [10.1224270658062, 53.5214722864813], [10.12206611816496, 53.52119367623653], [10.122013001686494, 53.52116890626152], [10.12192032263911, 53.521129387792634], [10.121751262467143, 53.521062027434894], [10.121586235900331, 53.52103942190049], [10.121435340166402, 53.521035551802264], [10.121284681311607, 53.521040650456825], [10.12113485717049, 53.52107450635122], [10.120930155222267, 53.52115112556883], [10.120920118138438, 53.521154887245295], [10.120787537016504, 53.52122827708518], [10.120581137752117, 53.52136008696318], [10.120376793539231, 53.52149322558943], [10.120173454527446, 53.52160390855404], [10.120154122734228, 53.52161442719462], [10.119916209858902, 53.52172568534009], [10.119735847804279, 53.521826875517924], [10.119708140212945, 53.521804644189835], [10.119683351606346, 53.521819312907425], [10.119587073150196, 53.52188752523836], [10.119441242808474, 53.52198548809064], [10.119264647690011, 53.52206829543828], [10.11895170014196, 53.52220643044969], [10.118734975064879, 53.52230397722692], [10.11860049111069, 53.52238099603563], [10.118485984431299, 53.52247599484691], [10.118405202875373, 53.522551405350974], [10.118333140097485, 53.5226291163646], [10.11826328135026, 53.522708047218494], [10.118193639899186, 53.52278951093399], [10.118129444920644, 53.52287273947562], [10.11810684621719, 53.52290473641367], [10.118102348628486, 53.522913237253924], [10.118077063788176, 53.522961233004104], [10.118052898872715, 53.52300707886049], [10.118005894608046, 53.52306548037533], [10.117929614235152, 53.523139473112785], [10.117919817681724, 53.523147241439005], [10.117874100306281, 53.52318349062195], [10.117686433555534, 53.523254587382986], [10.117454490070685, 53.523292918788705], [10.117381654560464, 53.52327317621339], [10.117277349512715, 53.523259624558264], [10.117110122617389, 53.52324707425382], [10.11698364666998, 53.5232795201588], [10.11678655778115, 53.52331420763421], [10.116673029089407, 53.52335200665077], [10.116598832981067, 53.523379172628], [10.116445987358905, 53.523427649156645], [10.116368213118387, 53.523450120117204], [10.116206445470214, 53.52348687691162], [10.116125093161331, 53.523504652833125], [10.115986863211774, 53.52353589499044], [10.115864722105815, 53.52356172818266], [10.115781132305058, 53.52357530884769], [10.115700415681864, 53.52359375273094], [10.115661153183375, 53.52360478023151], [10.115619713596649, 53.52361217844545], [10.115539737521507, 53.52363182884241], [10.115457598924802, 53.52364783179484], [10.115374009056671, 53.523661421163474], [10.115253303330409, 53.523689667402586], [10.115135861705873, 53.523715842540895], [10.115008320703271, 53.523729670790395], [10.11496499549827, 53.523731333316206], [10.11488007965688, 53.52374097049574], [10.11479377824176, 53.52374552369568], [10.114677999333674, 53.52374426602199], [10.114588269335286, 53.52375037919184], [10.114503644024238, 53.52376361803729], [10.114340342035963, 53.52379834606243], [10.114109493165788, 53.52386999245054], [10.113797414701947, 53.523959591356416], [10.113560583772793, 53.52402293251077], [10.113173283958135, 53.524138786459666], [10.113018526455066, 53.52418536168794], [10.11285182896887, 53.52425467349459], [10.112437175739542, 53.52436994365018], [10.112314854919719, 53.524419605048905], [10.112167639862557, 53.52449734622056], [10.111969269068286, 53.524636653121604], [10.111807212355062, 53.5247819233777], [10.11174268680559, 53.52485081381045], [10.11168142137837, 53.52492957092457], [10.11161322651235, 53.52503175517784], [10.111513645428968, 53.525260950924086], [10.11144692294033, 53.525478182222514], [10.111464059463561, 53.52555710027548], [10.111566631510058, 53.52579066404733], [10.11125016305954, 53.52582855559161], [10.111129030469488, 53.52584428872152], [10.111027359206286, 53.525853143984435], [10.110926791095583, 53.525855732478206], [10.110805374946164, 53.52584795235849], [10.1106966667016, 53.5258369348353], [10.110616892129887, 53.525830511565424], [10.110598313217274, 53.52582903014688], [10.110483976421458, 53.52580756541433], [10.110455430062604, 53.52580220335727], [10.11045058337987, 53.52579454469078], [10.110492693524764, 53.52579248159706], [10.110516625939692, 53.52576505821071], [10.110522645920488, 53.52575817055886], [10.110560072363516, 53.52571085473564], [10.110595426128896, 53.525663890750764], [10.110640684789583, 53.5255855525831], [10.110658670424636, 53.52553207099409], [10.110664263000483, 53.52551115527761], [10.110091814071653, 53.52527918573287], [10.110004263987122, 53.5253722809621], [10.109742753661932, 53.525192040512486], [10.109375370186527, 53.52513449469597], [10.108640399166239, 53.524609416516064], [10.108475920166228, 53.52449190755835], [10.10832551168136, 53.524566635249606], [10.108304409647845, 53.52457711442632], [10.10814962464515, 53.524466859276615], [10.108232594690952, 53.52442533352881], [10.108347757620773, 53.524367688425926], [10.107981623065383, 53.52410910293959], [10.10599420874379, 53.52270535266989], [10.105022848238642, 53.522019223378905], [10.104753401847358, 53.52184656934193], [10.103679940992834, 53.521071373486606], [10.10210982310579, 53.519944823036035], [10.101675832323465, 53.51963343049117], [10.100647034368071, 53.518895262696056], [10.100520563707052, 53.5188045131398], [10.100205537169472, 53.518960452558524], [10.100180220765601, 53.51897299165114], [10.10009023907288, 53.5189498636507], [10.099814872795651, 53.518879045911135], [10.098868734588766, 53.51863572698063], [10.098727352741198, 53.51853103562636], [10.098750693526721, 53.51851966560659], [10.097707737377924, 53.517746545231724], [10.097754081780737, 53.517723610916754], [10.09756164650145, 53.51758547998449], [10.097412088050774, 53.51747812046795], [10.097354382339244, 53.51743668891844], [10.09720988402893, 53.51730973135177], [10.097259787974181, 53.51728505662288], [10.097146524703382, 53.517201238766475], [10.097042318621329, 53.517124124482166], [10.09680792278716, 53.51695070852856], [10.096656620689144, 53.51683874365855], [10.09662650899093, 53.516853645186885], [10.096622206634542, 53.516850574414214], [10.096520754158828, 53.516777812124616], [10.096417120014548, 53.51670348767172], [10.096452103718438, 53.516686267262656], [10.09621540220665, 53.51651507363775], [10.096288062022639, 53.516479187953635], [10.096251166614364, 53.5164527296968], [10.096151883337539, 53.51638155625847], [10.09614931258641, 53.51634272882025], [10.096053370367688, 53.516298725766504], [10.096042289712194, 53.51629364961868], [10.09595488874234, 53.51628021211455], [10.095865771968372, 53.51628619780122], [10.095725134645821, 53.51635707173054], [10.095701854395207, 53.51634037655498], [10.09568186219672, 53.51632602436916], [10.095663253286133, 53.51631267527355], [10.095341123973732, 53.516081523311165], [10.095115928896744, 53.51591992136692], [10.095035992854115, 53.51586254787075], [10.09318093470451, 53.51453125527346], [10.09324909960961, 53.514488347070355], [10.0934234812163, 53.514378577062345], [10.093451040589994, 53.51436121867821], [10.093453370800969, 53.51435975910402], [10.093465213932664, 53.51435230666026], [10.093493188974609, 53.5143346927686], [10.093387027061123, 53.514089100985814], [10.093302082933642, 53.51389261144138], [10.093246726463075, 53.51376457314796], [10.092980799969718, 53.51361694023937], [10.092908738472344, 53.51357695022153], [10.091835965527409, 53.51298138007243], [10.091561502498116, 53.51280868839039], [10.091351667987201, 53.51261270853818], [10.090572827313212, 53.511519447980746], [10.090488082306637, 53.511400485858886], [10.090419138476982, 53.51130370854449], [10.09038364223573, 53.511253890954706], [10.090374991223252, 53.511241753635254], [10.090313791443092, 53.5111558364063], [10.09031025582446, 53.511150870697364], [10.090267597848895, 53.51109169778441], [10.090216182842603, 53.51102036152464], [10.089976176452081, 53.51099082748554], [10.089570232448999, 53.510940916993704], [10.089376623632687, 53.51106052897903], [10.089267215678838, 53.51112813540098], [10.089043094210925, 53.511339956682065], [10.08904991243783, 53.51134532400101], [10.088981839898613, 53.51137592287609], [10.088995447118334, 53.51138669374332], [10.088774087684168, 53.51148869612685], [10.08876027240516, 53.511478043988305], [10.088693373518966, 53.51151032196351], [10.088472636121326, 53.51161781946233], [10.088239624512399, 53.511731298184024], [10.088144128246055, 53.51178755848189], [10.087777160348535, 53.51200374279531], [10.087622013741138, 53.51209513559565], [10.087498124657891, 53.512174000652756], [10.087207595433892, 53.51237549171696], [10.087135995500553, 53.512426886483645], [10.087034703906864, 53.51249959474355], [10.087007260884612, 53.51250859070323], [10.08613025560062, 53.51305304195234], [10.08438257267897, 53.51413781323503], [10.083680642027362, 53.51457348063351], [10.083095174530664, 53.51493706570224], [10.082019513716642, 53.51560509731854], [10.081216149131908, 53.516103980508696], [10.080944754159436, 53.5162725266027], [10.079673374338205, 53.5170620321593], [10.077245403192963, 53.518569582842815], [10.074535300089869, 53.52025214709021], [10.072903637083968, 53.52126505870644], [10.071716582528385, 53.52200197077588], [10.071135751773486, 53.5223624880302], [10.06994382160575, 53.523102284329184], [10.069919285788325, 53.52311751568983], [10.069395314039253, 53.52344289845858], [10.06932951723036, 53.52348372214597], [10.0681415997203, 53.52422120793513], [10.068218469911155, 53.524299643142534], [10.06836798813975, 53.52434444817393], [10.068530063083166, 53.52437029966142], [10.068606531283438, 53.52436080691593], [10.068683315030961, 53.524351266355424], [10.068638356388714, 53.52441877178091], [10.068582424021763, 53.52450278934937], [10.068563353515925, 53.524531437235545], [10.068555838826507, 53.524542731773124], [10.068531186156363, 53.52457974445349], [10.068664375705703, 53.52463801688257], [10.068699897173916, 53.524691795730156], [10.068764128672505, 53.524851155492605], [10.068303869597099, 53.52496581675013], [10.068212780511004, 53.524971026283644], [10.068119025245782, 53.5249757921338], [10.068025820563323, 53.524982656439235], [10.06793533028254, 53.524984687262986], [10.067906785548532, 53.52498454670556], [10.067954408749378, 53.525052878883365], [10.066351383612739, 53.52545250413993], [10.066326910552412, 53.52545787514107], [10.066301752327174, 53.52546197064745], [10.066276095773222, 53.52546476024397], [10.066250131427708, 53.525466223213826], [10.066224052113677, 53.525466348692305], [10.066198051508017, 53.52546513574754], [10.066172322703071, 53.52546259338741], [10.066147056772596, 53.52545874049261], [10.066122441352707, 53.525453605676475], [10.06609865924836, 53.52544722707246], [10.066075887075716, 53.52543965205093], [10.066054293950485, 53.525430936867345], [10.064426240812242, 53.5247108898402], [10.065044011502556, 53.524219240434526], [10.065181244290514, 53.52376671164354], [10.065849383646771, 53.52157490658551], [10.065666829723066, 53.519674252642], [10.066365411308432, 53.51904293081242], [10.066827975643848, 53.518617727683655], [10.068099098470189, 53.51746493303376], [10.068948803382746, 53.51669620421687], [10.069785475589594, 53.51595615314045], [10.071390460300792, 53.51450478137319], [10.071807228977407, 53.51409627423483], [10.072172936711718, 53.51367074949049], [10.072485639969651, 53.51323047039149], [10.072743677294085, 53.51277777859177], [10.072945678110434, 53.51231508168697], [10.073066486665368, 53.51193474268497], [10.073147563356853, 53.51155067539518], [10.07318859827371, 53.511164353017556], [10.070903025337055, 53.511040412689226], [10.070158038291684, 53.51100000822412], [10.069984242116098, 53.51099057025395], [10.069898301694701, 53.51097328031815], [10.069639510498376, 53.510921203081416], [10.069547568258848, 53.51090270812136], [10.069536276327065, 53.51090223384658], [10.069408984673869, 53.51089685553917], [10.06940048534733, 53.510896491106024], [10.069418333021593, 53.5105158582585], [10.06944056455978, 53.509720581265505], [10.069440652362612, 53.50971927705846], [10.06945909284505, 53.50942570739003], [10.06946164274966, 53.50938503580104], [10.069468219698205, 53.50928030770827], [10.069490577087763, 53.509089619349865], [10.069495245836535, 53.50904985467993], [10.069501266438754, 53.50899849993427], [10.069509523066898, 53.50892814915982], [10.069601500715338, 53.50891408524468], [10.069554848118003, 53.50863812331668], [10.069543311385095, 53.508639880535846], [10.069546459761636, 53.50861879086825], [10.069548721081999, 53.50860379476862], [10.069551861607456, 53.50858312488728], [10.069555045739321, 53.508562457376875], [10.069558273472484, 53.50854179227005], [10.069584169740816, 53.5083843075524], [10.069612408175217, 53.50822696595509], [10.069642986528017, 53.508069779856925], [10.069676087865524, 53.507911960791766], [10.06971154633701, 53.507754323785186], [10.06974935910195, 53.50759688134856], [10.07000265226708, 53.50672507586513], [10.070328195179565, 53.5058618371712], [10.070725181442182, 53.50500929195982], [10.070480164650505, 53.50496450927721], [10.070403471274854, 53.5049504988566], [10.070472741812795, 53.50478839794659], [10.070412484445834, 53.504626594007085], [10.068499183064368, 53.501677562121095], [10.068455673706776, 53.50161051463188], [10.068430437173125, 53.50157162852896], [10.068403161815226, 53.50152960546138], [10.068224671625268, 53.50125453343419], [10.068202682454253, 53.50122066116074], [10.067789733878104, 53.50058426216862], [10.067786989029106, 53.50058002584334], [10.067457898102766, 53.500072886270246], [10.066762365610746, 53.50029176606572], [10.066088073705581, 53.500533124185694], [10.065437063885684, 53.50079623002994], [10.064547504620865, 53.5011985093499], [10.063715147418463, 53.50164218496482], [10.062945397801746, 53.502124376550704], [10.062243255351431, 53.502641953634566], [10.061613281228418, 53.50319155589386], [10.06105956852648, 53.50376961494944], [10.060585715648152, 53.50437237751128], [10.06019480287773, 53.50499592972768], [10.059889372305003, 53.50563622258017], [10.059671411231934, 53.50628909816017], [10.058092497278853, 53.50664350206966], [10.057736042654591, 53.50611318905024], [10.057392705456824, 53.50561822995192], [10.05624554705117, 53.50409046110241], [10.054704051384357, 53.50200994200097], [10.054253083379782, 53.50138712746347], [10.053947016238796, 53.50095341409249], [10.05330668412176, 53.500018113958006], [10.052982887413302, 53.49952276315703], [10.052727712219076, 53.499109695746256], [10.052315182169627, 53.49841178180394], [10.052150358776668, 53.49811340981235], [10.051973162391581, 53.49777003909783], [10.051811121810376, 53.49743040905401], [10.051672483301648, 53.49712438993549], [10.05149975807031, 53.49671463946441], [10.051412553637471, 53.49647903773988], [10.051321613665001, 53.49618379903497], [10.051231821154298, 53.495847137288365], [10.051176125957818, 53.49560664681847], [10.051134913325122, 53.49538607468769], [10.051097924000638, 53.49514668712469], [10.05106425584592, 53.4948715116162], [10.051036464891139, 53.49453955406471], [10.051021118685517, 53.494231694760835], [10.051013566086619, 53.49389335670869], [10.05101500000042, 53.49359412319813], [10.051030781623126, 53.49323260372067], [10.051047104772836, 53.492999668863035], [10.051062691179496, 53.49282655409936], [10.051240416362244, 53.49134880600072], [10.051350879291736, 53.490645181323714], [10.051669032902554, 53.48868130495768], [10.051738444512248, 53.488225763255016], [10.05181747338036, 53.48770697919564], [10.051851814790739, 53.48754463887125], [10.051905518240785, 53.48731143758159], [10.051976407283629, 53.48703212355152], [10.052065381267845, 53.48672905378803], [10.052125579278545, 53.48653790927779], [10.052140657943074, 53.48648704186202], [10.052158609699326, 53.48642864322304], [10.05217453778307, 53.48638165162935], [10.05218942502923, 53.486341932416735], [10.052204977688701, 53.48629987016867], [10.052220935811096, 53.486252878302956], [10.05223241736367, 53.4862180521902], [10.05225984241089, 53.48614904384881], [10.052275030086637, 53.48611050854391], [10.052293024933261, 53.48606604265845], [10.05231204142093, 53.486020839654245], [10.052332941958662, 53.485970163652276], [10.052370439321132, 53.48588613563836], [10.052414229959926, 53.48578723809831], [10.052497672435326, 53.48561770529645], [10.052607785256491, 53.48540901457165], [10.05265695161867, 53.48532275325333], [10.052755184019329, 53.48516263644137], [10.052806597158922, 53.48507888121116], [10.052883257410617, 53.48496483487076], [10.052968217225432, 53.48484392855417], [10.05308346914472, 53.48469199442439], [10.053357355672738, 53.48434418207979], [10.053659190376747, 53.48398954261541], [10.053952702731902, 53.483658068842644], [10.05410543297398, 53.4834905216021], [10.054252666660169, 53.48333352196119], [10.054374634915103, 53.48320604065001], [10.054546785912017, 53.48303235268555], [10.054751056387117, 53.48283036183214], [10.054947952018226, 53.482640373297], [10.05514343444697, 53.48245423526557], [10.055373225180414, 53.48224241757675], [10.05551956313007, 53.4821085802492], [10.055618589169484, 53.4820212210299], [10.055735044489, 53.48192268706385], [10.055832674118472, 53.4818422436593], [10.055950713890892, 53.481746868645246], [10.056046509393049, 53.481672095438284], [10.056125290618358, 53.481612484387384], [10.056193795760795, 53.48156082960531], [10.056285079332438, 53.48149191205446], [10.056591106103628, 53.48126470285316], [10.056699488270514, 53.4811901594108], [10.056874057531992, 53.481065967785135], [10.057284826739302, 53.48077149948738], [10.057925657491547, 53.48031844730518], [10.058157222748033, 53.48014746405524], [10.058384590273823, 53.479979241233764], [10.058486668068502, 53.479901102369766], [10.058596920226849, 53.4798117534498], [10.058685566733438, 53.47974011568462], [10.058795813198582, 53.4796445191673], [10.058918067406005, 53.47953795725168], [10.059067143172951, 53.47940534965986], [10.059180077835922, 53.479298564427985], [10.05931759310583, 53.479169546765675], [10.059418549584537, 53.479065294549336], [10.059516939154328, 53.478962062798246], [10.059584500687794, 53.47888919998665], [10.059676673196556, 53.47878444113197], [10.059778194835722, 53.478670286530864], [10.0598634259108, 53.47856396204701], [10.059952758836948, 53.478448108571904], [10.06004108862513, 53.47833253359886], [10.060130751008163, 53.47821300948583], [10.060227952308729, 53.47807495469551], [10.060333089644155, 53.47791315197516], [10.06048011545501, 53.477680610338815], [10.060535814817575, 53.47758117241975], [10.060667862232442, 53.47733480330408], [10.06096287480575, 53.47677391297998], [10.061097046337693, 53.47651805889797], [10.061285093345232, 53.47614120856483], [10.06135419639754, 53.47599275017047], [10.061451403420671, 53.47576834440654], [10.061562462684448, 53.475494680759965], [10.061699787195904, 53.47513727435639], [10.061781075359802, 53.474913917617485], [10.061884757069313, 53.474614088802824], [10.061980430654078, 53.47431703678474], [10.062035161018201, 53.47414229551146], [10.062130132612232, 53.47381600784256], [10.06218888436845, 53.473570665823225], [10.062291813020796, 53.473048478370636], [10.062365940652537, 53.472614110267806], [10.062412744839378, 53.47223678753957], [10.062464608744492, 53.47087859408494], [10.062603499850693, 53.469512417093085], [10.062643188641934, 53.469240663198846], [10.062666110430868, 53.469095607900194], [10.062696355325489, 53.46893734530018], [10.062739850932795, 53.46871550130687], [10.062773326949184, 53.46856116517167], [10.062853479719648, 53.468238801792246], [10.062926385377452, 53.4679936298815], [10.062955474458862, 53.46789167663293], [10.063054320540843, 53.467591637680115], [10.063174565876011, 53.46726301142891], [10.064236282456063, 53.464577662460506], [10.064301909441003, 53.46441242316783], [10.064426826768466, 53.4640912417795], [10.064568006186473, 53.46373375188452], [10.064719311042287, 53.46334275878913], [10.06508674120039, 53.46259368647489], [10.065551104678317, 53.46186403402945], [10.066109558241097, 53.46115826129243], [10.066690579637301, 53.46051523892912], [10.066825036612315, 53.46036966314614], [10.067141521779002, 53.46005238614042], [10.067300866168685, 53.459901715369156], [10.06769275937591, 53.45955140212688], [10.068085789235994, 53.459203423569484], [10.068477968805086, 53.4588878213424], [10.068715841948665, 53.45870320428687], [10.069103476722264, 53.45841450029317], [10.06947065446978, 53.458155831227145], [10.069941112388712, 53.45783279941621], [10.070508128301325, 53.45746634573587], [10.071861869922808, 53.456628739655045], [10.072819047943334, 53.45603576981264], [10.07412825894194, 53.455212012159514], [10.078989015573196, 53.45387077291799], [10.077238138332689, 53.45407241597506], [10.07158079749498, 53.45472990243656], [10.06994533031407, 53.45506919623487], [10.0695249927046, 53.45516862292032], [10.069024832431893, 53.45529622438162], [10.068697761429656, 53.45538310063296], [10.06836553300783, 53.45548176198766], [10.067971848376024, 53.455616137511214], [10.067418202906255, 53.455816600252504], [10.067084261562288, 53.45594450616371], [10.066771968565957, 53.45607753943414], [10.066438945570347, 53.45621941351008], [10.066197481109132, 53.4563242431596], [10.065856273912413, 53.45647684980529], [10.065371820809023, 53.456705918481774], [10.064948027760245, 53.456907872436055], [10.0646904976304, 53.4570354589954], [10.061343349778218, 53.45873735419041], [10.06004950390054, 53.459400628340575], [10.057844284404625, 53.46053419340342], [10.056148495929905, 53.461405819024534], [10.055213101087734, 53.46188181748603], [10.053585586212801, 53.46271730489042], [10.053171938730033, 53.462931531998485], [10.052685368614734, 53.4631976204329], [10.05222865061818, 53.463482087491045], [10.051917506693306, 53.46369554226134], [10.05160967081272, 53.46391071098443], [10.050787256133738, 53.46449354073643], [10.050128580496139, 53.46501417695074], [10.049528012122396, 53.465510019311424], [10.048972537676526, 53.466005471671615], [10.04871606012094, 53.4662607151157], [10.0484372635736, 53.466507485458415], [10.048136931929358, 53.46674508851427], [10.047900305587723, 53.46691968390657], [10.047457967125947, 53.46724163477495], [10.047311456894562, 53.46734970123972], [10.046058751530321, 53.46827370325693], [10.044451082330571, 53.469222261128145], [10.042737575222517, 53.47009622970216], [10.040895391462554, 53.47088324558024], [10.039029983475123, 53.471644366112315], [10.037117119696811, 53.472376222865435], [10.036455979396862, 53.47258366657571], [10.035117306816488, 53.47300370085999], [10.033060080355158, 53.47356251499314], [10.030937318385096, 53.47402931572541], [10.028740252769161, 53.474353826988185], [10.026495774604646, 53.474525053800555], [10.025755911966613, 53.47457186711309], [10.025447929039116, 53.474588586418044], [10.025138731493415, 53.47459215480815], [10.024829895087342, 53.47458255409657], [10.023272812481105, 53.474478490818385], [10.023209730116179, 53.474474275739176], [10.020823018404242, 53.474305197720206], [10.020514980279078, 53.474279440174996], [10.020208807683504, 53.4742467102193], [10.019904943890387, 53.474207055238764], [10.016359779665178, 53.47371173859963], [10.016347252549394, 53.47375497495744]]]]}, "properties": {"city_code": "HH", "area_code": "1", "area_name": "Hamburg-Mitte"}}, {"type": "Feature", "geometry": {"type": "MultiPolygon", "coordinates": [[[[9.86003086983975, 53.54476434038479], [9.857175108051118, 53.545140785662994], [9.849819594750846, 53.54613499243142], [9.842475637378856, 53.54715900157717], [9.84090865693373, 53.54738202361956], [9.839923509054811, 53.5475418023876], [9.835195737702009, 53.548341205249095], [9.829819096205792, 53.54923366259361], [9.814581248530914, 53.55176064683711], [9.79792186036849, 53.55451942859615], [9.777594853791273, 53.55714025712124], [9.774379313950126, 53.55432182635151], [9.769852501159516, 53.55461129383495], [9.768105357414424, 53.55461096707114], [9.765113701561503, 53.554610348583815], [9.76334767975844, 53.555150436160865], [9.730130859481985, 53.557639840425004], [9.73023929615177, 53.557828275810635], [9.734576140064636, 53.56536736463537], [9.734616602766982, 53.5654377680398], [9.73474071633552, 53.56565372548627], [9.734741837481128, 53.56565568714483], [9.734949085716835, 53.56590192031221], [9.735007192286332, 53.56597096573503], [9.735027681405839, 53.56599530732314], [9.735072537985554, 53.56621366600477], [9.735078029996885, 53.566240418847244], [9.735116801638071, 53.566429151894354], [9.735280008808232, 53.56647159163526], [9.735050142959881, 53.56689450658764], [9.734929524691808, 53.567256722798675], [9.734828446103869, 53.56724799541565], [9.734772839657582, 53.56741213066429], [9.734763753580669, 53.56749338218626], [9.734801061869033, 53.567914790031445], [9.7348230091738, 53.56821832337387], [9.734806563855784, 53.568313202148964], [9.7347689207097, 53.56836469641473], [9.734708018481815, 53.56841069755413], [9.734711122164683, 53.5684590831013], [9.735093274777121, 53.569773628282576], [9.735211989497351, 53.56988464728931], [9.736138031544629, 53.57264539383236], [9.736487296707056, 53.5738468147146], [9.73689412883016, 53.57507897199591], [9.73692076050925, 53.57513923050949], [9.736943013344678, 53.57523254075597], [9.735973228394379, 53.575625810097634], [9.736038589939815, 53.57624994807219], [9.736037550766804, 53.57627359494265], [9.736037292924735, 53.57627961900791], [9.736586800887375, 53.57695466470993], [9.736750435982742, 53.57715567980003], [9.736911827745578, 53.57714335994072], [9.737094125560976, 53.577308349453645], [9.737527018008759, 53.57766577182941], [9.73808055400405, 53.577587211996594], [9.738380987775766, 53.577579964868036], [9.738782431920187, 53.57760553150428], [9.739290564633587, 53.57766899940445], [9.74002423599462, 53.577795340007846], [9.739988268942792, 53.577854708617046], [9.740149925851755, 53.57787822099985], [9.740708972212124, 53.577922329666684], [9.742013324375097, 53.57796468291447], [9.742526189149618, 53.57797530767447], [9.742005439298913, 53.57866500233926], [9.741470154270782, 53.579477939874764], [9.741045214672587, 53.580144771074906], [9.74050091157826, 53.580982254225816], [9.740322313289985, 53.581277903514696], [9.73902412279172, 53.58119446876872], [9.739076604949677, 53.58055501609681], [9.739138924970126, 53.5800492734392], [9.73860348322358, 53.57998481388666], [9.737936402893991, 53.579911348224634], [9.73792382701438, 53.57990996062253], [9.737898598804804, 53.579907131953306], [9.737874369413063, 53.57990441397259], [9.737430871922061, 53.57986601580536], [9.737227538132343, 53.58024541748713], [9.73699256598183, 53.58062622717176], [9.736830571068312, 53.58087909025098], [9.736556424780781, 53.58133808187538], [9.73646755167, 53.5814338919333], [9.73633440434495, 53.5815478800404], [9.73614813123955, 53.581673988148516], [9.735594931758003, 53.58204925592081], [9.735394716888516, 53.5821782440562], [9.734650019464164, 53.58246930002242], [9.734549288841546, 53.58252629603305], [9.73452771862071, 53.582538500372394], [9.735032054393526, 53.58312536258113], [9.735224255056474, 53.58331589399175], [9.735396073047342, 53.583467736896445], [9.736345898291662, 53.58416645225268], [9.737532928226734, 53.585039985719064], [9.73759730483069, 53.58508736413769], [9.737753357733903, 53.58520046939128], [9.737823046810682, 53.5852510059417], [9.737895811069986, 53.58530376168782], [9.738008863203035, 53.58538682169353], [9.738125566991625, 53.58547222310917], [9.738495956075939, 53.585743276792726], [9.738561799150482, 53.585791463618726], [9.738756085191769, 53.585933643905086], [9.73949870530009, 53.5864770831565], [9.739693976920519, 53.586619974930734], [9.739897252999878, 53.58676872250391], [9.739972784721083, 53.5868239407724], [9.740204078685165, 53.58699301790734], [9.74042062320937, 53.58715132744704], [9.740636404186075, 53.58730907502969], [9.7410008832357, 53.58757551036038], [9.741284536746567, 53.587782858867335], [9.741646774636031, 53.58804766117427], [9.742000294078382, 53.58830608050037], [9.742119231549479, 53.588393019227915], [9.74217183822222, 53.58847077828773], [9.74223488850604, 53.58857636466112], [9.742432540041419, 53.58890738992381], [9.74245584874256, 53.588942598082696], [9.74255414430654, 53.58909114757553], [9.74263436363288, 53.58916340472657], [9.742783643372615, 53.589297857809306], [9.742804166438855, 53.58931633713406], [9.742819025539351, 53.58932972802566], [9.742968148803701, 53.589350977416686], [9.743019961801714, 53.589358359042855], [9.743068988045962, 53.58936534447026], [9.74313114428912, 53.58935432474456], [9.743166989199105, 53.58934797178], [9.743375854060151, 53.589323905790614], [9.743395716777625, 53.58931593519799], [9.743436537044468, 53.58929953776221], [9.7435088765792, 53.58927049502505], [9.743539827107721, 53.58924954764966], [9.743662479482003, 53.58916654723446], [9.743684128337463, 53.5891518958322], [9.743785753958194, 53.58916029784595], [9.743955981226417, 53.589174592346914], [9.744124679110438, 53.589188680387174], [9.74418426054363, 53.58919365814118], [9.744281529356838, 53.58916990707014], [9.744325428407011, 53.589081139645664], [9.744374465634344, 53.588996771696635], [9.74442442687412, 53.588995076597676], [9.744671031657106, 53.58898668363576], [9.744969384496757, 53.58897340169292], [9.745134969842757, 53.58896602454806], [9.745314398090784, 53.588958039598076], [9.7455973568923, 53.58899716656876], [9.745575653603327, 53.58902069955501], [9.745388345022404, 53.58922390695602], [9.745329503736412, 53.589344282447904], [9.745382532437409, 53.58949884643342], [9.74557939747246, 53.59002042415013], [9.745580887394475, 53.59002438789793], [9.745616859664302, 53.59012824459015], [9.745679508681908, 53.59030909453421], [9.745833142653316, 53.5907526670809], [9.745968362370329, 53.591143032895516], [9.74617645712325, 53.591743739463254], [9.746270820718925, 53.5920161485189], [9.74629040073221, 53.59207269152506], [9.746297134048215, 53.59209211917707], [9.746429126275572, 53.59251318316506], [9.746467115652074, 53.592634375287766], [9.746341737350708, 53.59277728760287], [9.746294709640503, 53.592830812337645], [9.745888386072387, 53.59329330949325], [9.745666112740738, 53.59354629009031], [9.745555019614724, 53.59367273501216], [9.745443940777399, 53.59379917074856], [9.745160752249888, 53.59412148257304], [9.745011142746096, 53.59429090834216], [9.744927693093748, 53.59438539630869], [9.744730082612671, 53.59460917888966], [9.744620949777376, 53.594605956942495], [9.744564969824836, 53.59460430079471], [9.744380644153573, 53.59477342940473], [9.744314101502596, 53.59483448145987], [9.74417353614484, 53.594963454437796], [9.744105540480444, 53.595217018508194], [9.744051554412941, 53.59541832470543], [9.743989200768334, 53.595650810939176], [9.743903348724631, 53.595970939709375], [9.743817679186671, 53.59629034816297], [9.743747538268149, 53.59655191629505], [9.743713119789843, 53.59668026483182], [9.743686216720981, 53.59678054871853], [9.743625178953051, 53.596850707703155], [9.74377895784488, 53.59801552062432], [9.743848518252836, 53.59815345202195], [9.743863745022542, 53.59817553260643], [9.74391530247214, 53.59825031307576], [9.744068988274766, 53.598425330242286], [9.74466447952008, 53.599108330243524], [9.74516387517028, 53.599681076486995], [9.746907844960555, 53.60138617332585], [9.747161400565682, 53.60162201016602], [9.747198505504246, 53.60165652897256], [9.7474100730954, 53.60185330169576], [9.747704549870678, 53.60249083140831], [9.74779306268522, 53.602682448661305], [9.74816948315449, 53.6034973343126], [9.748331998447437, 53.60384915322296], [9.74947943628573, 53.60365913247944], [9.749624813185111, 53.60363475230793], [9.755429479326024, 53.60266138945314], [9.755693917023665, 53.60328448268992], [9.756099510303853, 53.6041652627738], [9.756701834504842, 53.60545010905925], [9.756992747645569, 53.60607094644535], [9.757173655857347, 53.60646284373609], [9.757974368723453, 53.60821825595175], [9.758081595934707, 53.60845821433707], [9.758236849909158, 53.608805679289276], [9.758528377157301, 53.609467488498886], [9.758842894014988, 53.61016753309566], [9.759036550311611, 53.610605845311696], [9.759199378222384, 53.610974393421884], [9.759210113200949, 53.61099815446454], [9.75625899219467, 53.611965393247694], [9.756309499073167, 53.612020651426114], [9.753758569060878, 53.61285669661738], [9.7537121243178, 53.61292160011426], [9.753712660939083, 53.612922873134586], [9.7535891279163, 53.61296679694154], [9.75481457738348, 53.61474385876929], [9.754929066432844, 53.61471643115311], [9.755687307234203, 53.615804918097815], [9.755707570022624, 53.615834021500625], [9.755856033078954, 53.61604713256805], [9.755994200346777, 53.61607226430698], [9.756645821072098, 53.615974520002275], [9.757016572153123, 53.616433405172444], [9.757210883432942, 53.61664163132599], [9.757287252846824, 53.61671742648313], [9.75742407132479, 53.616906888032666], [9.75754632771187, 53.61705975859874], [9.757531504820758, 53.61706271083251], [9.75791119430861, 53.61823643696738], [9.758150557000404, 53.618976302049425], [9.758443150294136, 53.6199146238987], [9.758628002840856, 53.62049117560479], [9.758830381805433, 53.62108617758229], [9.75898529492694, 53.62148919344853], [9.759559886690965, 53.623013487185666], [9.759917587418268, 53.623974573708864], [9.76001587564908, 53.62424430333525], [9.760036814901152, 53.62429130721526], [9.760054362651331, 53.624306917058654], [9.76138722228924, 53.62454029666988], [9.76265587082004, 53.624760560568006], [9.763402412626013, 53.6248905964577], [9.763546151039106, 53.62490754921614], [9.763544606637675, 53.624964394737326], [9.763566465747603, 53.62535027581662], [9.763617431488731, 53.62600495855911], [9.76363604473929, 53.62627295527037], [9.763643626464523, 53.626388879326875], [9.763671084062713, 53.626704513721634], [9.763711914402442, 53.627166156372674], [9.763725818658626, 53.627349994757864], [9.763736060419733, 53.62738626179969], [9.763893236345645, 53.62739406779719], [9.764657041355377, 53.62742147846679], [9.766015358309982, 53.62746809233126], [9.767063603378912, 53.6275057479019], [9.76785437619888, 53.62753744174381], [9.768127919460797, 53.62754562823666], [9.768195762107489, 53.62754857262552], [9.770029764603338, 53.62761114332689], [9.770327071153813, 53.62848401248611], [9.770866922391885, 53.63015198904614], [9.771271838458235, 53.631409149211926], [9.771391187274435, 53.63137763877977], [9.771335455360255, 53.6311659541348], [9.770985636714574, 53.630094146150824], [9.770792180956672, 53.62951103555627], [9.770444139444587, 53.62847714672398], [9.770460118050732, 53.6284660776433], [9.770170631550517, 53.62761589994861], [9.76990027506305, 53.62677181862182], [9.769559596057794, 53.62574203231367], [9.769262824485555, 53.624835090259346], [9.768973807524095, 53.62395477608445], [9.768564010373215, 53.622689944000186], [9.768542865545701, 53.62264208896537], [9.768526372869832, 53.622604792775014], [9.768517772052412, 53.62255914032921], [9.768524478977092, 53.62253216704446], [9.76876531098325, 53.62175960350294], [9.768941933186927, 53.621200511692145], [9.769223914782788, 53.62029633933566], [9.769574750185525, 53.61916115351423], [9.76984638879266, 53.6182882367125], [9.77009149941522, 53.61749504012056], [9.770107974590065, 53.61744170283236], [9.770400127508545, 53.616486108903686], [9.770529146670738, 53.61603985053273], [9.77054266152146, 53.61602656805925], [9.77065676805175, 53.61599261101211], [9.771890522920037, 53.615644823306525], [9.773345803089148, 53.61523199628761], [9.774716407684654, 53.61484514672102], [9.776489144499019, 53.61434499467677], [9.77748686407755, 53.614059695627695], [9.77767896873606, 53.61400475775462], [9.778593802664432, 53.61374732273556], [9.779505643610802, 53.613469154147495], [9.780370072278377, 53.61319941354519], [9.780783445479743, 53.61306851997611], [9.781018659019391, 53.61299262134495], [9.781155168032194, 53.61294810804468], [9.781219236426466, 53.6129255056275], [9.78158652827557, 53.612808411149054], [9.781966783809889, 53.612687015111284], [9.782272048157791, 53.61259269676417], [9.783005859299317, 53.61235833442999], [9.783071271853046, 53.612338221091846], [9.783483795917276, 53.612211350642745], [9.7843954948667, 53.611922493791496], [9.786095001303012, 53.61138644478476], [9.786161902268796, 53.611370940187925], [9.786174268627912, 53.61139626117052], [9.786209716640865, 53.61139636089133], [9.786778597249132, 53.611344523576655], [9.7876385968876, 53.611266372504254], [9.788556418328868, 53.611187834272016], [9.788902813362466, 53.61115900760859], [9.788904711590911, 53.611133529952106], [9.78890218437331, 53.61112688594339], [9.788892182705126, 53.611125522659975], [9.788886084376982, 53.61082349572899], [9.788897078531072, 53.61070538291663], [9.788923738205789, 53.61064598026527], [9.788947719805966, 53.6106034671569], [9.788984333753241, 53.610555873016295], [9.789076650478195, 53.610453304916014], [9.789252296517763, 53.61027612886422], [9.78940091298229, 53.610128820701355], [9.789711427706619, 53.609819554372905], [9.79014035103783, 53.60941326286388], [9.790286761953055, 53.60928010744097], [9.790595715189294, 53.60906189619296], [9.790868043296552, 53.608868007056955], [9.791062994925573, 53.60873142875069], [9.791210209906705, 53.60862701290835], [9.79121108291991, 53.60862681837264], [9.791220543017383, 53.60862672886258], [9.791236794852633, 53.60863177197442], [9.791505926836285, 53.60872151586613], [9.79285743609887, 53.60917415156885], [9.794434800539841, 53.6097069269182], [9.796014279777692, 53.61023831018034], [9.796042580992152, 53.610255479234745], [9.796259800847205, 53.61033013304303], [9.796274577326773, 53.61030650215208], [9.79631186277564, 53.61030709901187], [9.79647068634941, 53.61015810509118], [9.796676451264448, 53.609970290623636], [9.79719844580447, 53.609567893353464], [9.79771037198917, 53.60914025749086], [9.798206799381079, 53.6086903946587], [9.79901743731055, 53.607934153543184], [9.79887938445483, 53.607798931325505], [9.797168692087382, 53.60565193796375], [9.795443958968105, 53.60532458287567], [9.793400322979725, 53.605056486252344], [9.792665646987249, 53.604969336775255], [9.792259085648721, 53.60490891889679], [9.792185446539328, 53.60489885357602], [9.7921851937547, 53.60430467077905], [9.79218922963363, 53.60429420810341], [9.789748099053371, 53.60397573610958], [9.789715911476256, 53.603971040657306], [9.790039102160769, 53.60338065556053], [9.790518424864125, 53.602592680804385], [9.791207466641156, 53.60139927229407], [9.791315362037825, 53.60125348009501], [9.791403265235987, 53.601178112206426], [9.79243311652547, 53.60032868934875], [9.792617379969304, 53.600186165472095], [9.792807733181839, 53.60004611781532], [9.793195754113832, 53.59976947871032], [9.793522525064654, 53.59953081758109], [9.79415438798486, 53.59908258032056], [9.794859389466987, 53.5985787526421], [9.795840940649859, 53.59786786794519], [9.796396975418045, 53.59747189823814], [9.797185003209753, 53.59689433527052], [9.797376704937424, 53.596755259960744], [9.797488342235427, 53.596681527082694], [9.79744085978554, 53.59663950636117], [9.797504252528146, 53.59651539823548], [9.797539968175549, 53.59641403638991], [9.797553602170291, 53.59630356326555], [9.79750528879306, 53.596064963422], [9.797504783508101, 53.59605418024983], [9.798509508615268, 53.595944648054356], [9.79863330116775, 53.59593878817848], [9.798711779807872, 53.59590976992193], [9.799856881238286, 53.595487189694815], [9.801345964971132, 53.59493763876238], [9.801410186080378, 53.59491392769816], [9.801458578520673, 53.59490812041861], [9.801586340949358, 53.59484874760004], [9.801580420061466, 53.59476743873572], [9.801802792558886, 53.59460558888814], [9.801998607225581, 53.59456535515475], [9.80205595194733, 53.594465824454055], [9.802021932043937, 53.59442470405606], [9.802019824699025, 53.59437725737742], [9.8020437816374, 53.59434977088253], [9.802137221281166, 53.59428127917831], [9.802147579584545, 53.59428570413386], [9.802171857710189, 53.59426720424818], [9.802315622220593, 53.5941115433144], [9.802366712543453, 53.594104638919156], [9.802430132912928, 53.5941185058071], [9.802501596290714, 53.594110296186045], [9.802640901227747, 53.59395061980577], [9.80278862889199, 53.59382881944044], [9.802776290257187, 53.59378368860801], [9.802908752244946, 53.593669630976656], [9.802988514723156, 53.59365291591032], [9.803046008300077, 53.59359329393982], [9.803138182940703, 53.59356184374209], [9.803278110469076, 53.59349097166648], [9.803397262443873, 53.59340019391512], [9.803510828697583, 53.593341543535765], [9.80370630912559, 53.59329205076584], [9.80374331998438, 53.59330762243703], [9.803906107158337, 53.59331084348175], [9.804203624312642, 53.59343109180653], [9.804329398165622, 53.59352202197718], [9.804508646547704, 53.593572502481635], [9.804583515323234, 53.59362431384249], [9.804670918774447, 53.59373941184176], [9.805775805053257, 53.593013592235295], [9.806008372715226, 53.59286478942946], [9.806694184289483, 53.59261953774833], [9.806735711864398, 53.59261044874983], [9.806726902502515, 53.59249697967167], [9.806602206769478, 53.59239930313595], [9.80667996165825, 53.59235988444289], [9.806710399297431, 53.59234446120659], [9.806709092652968, 53.592283795651966], [9.807238625082261, 53.591814424991426], [9.807310302529874, 53.59173843551527], [9.808544720492023, 53.59097297404536], [9.809523660609123, 53.59037267170218], [9.809670512666042, 53.590282617033296], [9.810425671540706, 53.589808576818236], [9.812697330982699, 53.58840766154373], [9.813925097713984, 53.5876504763988], [9.814298217513837, 53.58742427811958], [9.814672930889385, 53.587193168905294], [9.815031153149981, 53.586967276476884], [9.81540469368016, 53.586736083029685], [9.815788726434999, 53.58649846176767], [9.815827321074789, 53.586474764784754], [9.816766257014581, 53.586233696945946], [9.816780547557086, 53.586230543194944], [9.816964676766318, 53.586190274632415], [9.817288965532041, 53.586117138173904], [9.818156709163683, 53.585913921124295], [9.818253408176842, 53.58589211815614], [9.818287908580773, 53.58588336081018], [9.819293390166596, 53.5856281459028], [9.819483661674042, 53.5855690807191], [9.820229666170414, 53.58533749563515], [9.821134732628321, 53.58508725016535], [9.821093063356889, 53.5849676882702], [9.821350988155181, 53.58483683852329], [9.821567404771736, 53.58474597684551], [9.82184272337096, 53.58465454838585], [9.822047850952528, 53.58459779503292], [9.822249735242117, 53.58454986366678], [9.822380473439274, 53.584564389908465], [9.822533120039104, 53.584530908933175], [9.822954130402945, 53.584438566090746], [9.823070525043876, 53.58441303719183], [9.823250501345326, 53.58435255364104], [9.823425734669623, 53.58429366651438], [9.823594062854225, 53.58427201340122], [9.823948785516288, 53.58422637978623], [9.82402430769738, 53.584216664102215], [9.824290177791895, 53.58419595615036], [9.824421295338311, 53.5841857493086], [9.82452825162136, 53.58418916509528], [9.82462352703176, 53.58420091303103], [9.824815971077241, 53.58422465629924], [9.824826129942554, 53.5842312559674], [9.824918187186249, 53.58429106210154], [9.824949483974718, 53.58436383551836], [9.824986998543633, 53.58445103805026], [9.825126613061416, 53.5846087009518], [9.825130126864856, 53.584611499207625], [9.825277293089634, 53.58472871410305], [9.825419026481667, 53.58484616405269], [9.825609555997197, 53.584927294886576], [9.825627172733018, 53.5849615465605], [9.8257132047904, 53.584988000203026], [9.825797018071723, 53.585013767970345], [9.825943488006313, 53.585083480951305], [9.826081404189743, 53.58513052009226], [9.826297590789109, 53.58517545448923], [9.827160591373346, 53.58528875490494], [9.827527398442038, 53.58532868160991], [9.827964761049067, 53.58536669872153], [9.828417022320677, 53.58539791440914], [9.82860041478055, 53.5854033591123], [9.828763216060993, 53.5854272743714], [9.829152043234446, 53.58550076063281], [9.829646828692017, 53.585626706776], [9.82996849641706, 53.585750346268014], [9.83116705830153, 53.5861897051444], [9.831965144185121, 53.58644043851299], [9.832360668995749, 53.58658493342043], [9.832589469417929, 53.58670291075784], [9.832826585387986, 53.58690030892411], [9.832871420352586, 53.58693091837281], [9.832925963501737, 53.58698813004987], [9.833164440341315, 53.58710785467026], [9.833588850479977, 53.5872526207946], [9.833678930292157, 53.58726164716153], [9.833910072813536, 53.58730407260935], [9.834032073190745, 53.58731151891659], [9.834439757576662, 53.58734472151986], [9.834740318333825, 53.58730664273152], [9.834932877448644, 53.587283860814615], [9.835132325169447, 53.58730705326822], [9.8352152958307, 53.587317907887645], [9.835455786832178, 53.58735243583258], [9.836317201248741, 53.58758617660006], [9.836380411783425, 53.587607703430805], [9.836620949650221, 53.58768959980125], [9.836689973574801, 53.58774232197367], [9.836715722680012, 53.587762528555466], [9.836740629599678, 53.587776044349575], [9.836756899158985, 53.587792820564644], [9.836771077369235, 53.58784444308592], [9.836815348805466, 53.58796639041674], [9.83681007803151, 53.58838094674959], [9.836761815687101, 53.58847531633177], [9.836744142952563, 53.5885098850838], [9.836762312481378, 53.58859835182818], [9.836854429260466, 53.58874853098668], [9.83679748534898, 53.58922859963024], [9.836792689655095, 53.58927491659978], [9.83672712048793, 53.58935667902028], [9.836641616055363, 53.58939674683754], [9.836542490327012, 53.58946007401395], [9.83604252835406, 53.589783956939485], [9.836055400492787, 53.58989341371861], [9.836112655958773, 53.590116691370035], [9.836120979223747, 53.59013193217447], [9.836187108676908, 53.590252908965276], [9.836531521064272, 53.59082315209401], [9.836616617435835, 53.59097720072251], [9.836698491343357, 53.591127172922285], [9.836645575538975, 53.591135282309054], [9.836919245312822, 53.59151579759345], [9.837032749375767, 53.59184188191035], [9.837083512711146, 53.59203365372438], [9.837216000170397, 53.59208402594928], [9.837353867707229, 53.59213674241356], [9.837363056621491, 53.592097145298], [9.837484397269783, 53.592091127496204], [9.837606223003776, 53.59205998243608], [9.837689172836438, 53.59199136538969], [9.837706482604602, 53.59199341050773], [9.83781031085699, 53.59200567238721], [9.837867582685478, 53.59201761300089], [9.837869576077734, 53.59203971152901], [9.83790003144885, 53.592032639795505], [9.837944223662577, 53.592049391093305], [9.838011312723332, 53.59208329447441], [9.838407858093921, 53.59233209552564], [9.838756252733923, 53.59255174949133], [9.838921760596113, 53.59259925463896], [9.839065755765015, 53.59261026301513], [9.839349306404012, 53.5925294693486], [9.839440589056709, 53.592511651355494], [9.83959378965842, 53.592480194267836], [9.83963082191842, 53.592484779383895], [9.83967869266223, 53.59251554476159], [9.839910499124615, 53.5927344404492], [9.839971378425021, 53.59279715952533], [9.839971548940268, 53.59282861019561], [9.840032930020568, 53.59297679137922], [9.840003025957525, 53.59303071847979], [9.839981239809486, 53.59316561376787], [9.839929491929391, 53.59334545670528], [9.839861959356485, 53.59342650647652], [9.839809700800576, 53.59350749395078], [9.839772258115518, 53.59356150086351], [9.839704757482833, 53.593633525547006], [9.839644606846354, 53.59368304455611], [9.839539333341154, 53.59375969377183], [9.839351055285777, 53.59384279487145], [9.839328684866336, 53.59389497005857], [9.839336669830956, 53.59395784473398], [9.839402322024, 53.594074553381006], [9.83943611846125, 53.59416432128153], [9.839467038899532, 53.59427211394226], [9.839482392124907, 53.594308033392785], [9.83952787223265, 53.59434386731318], [9.839573741324603, 53.594433613389796], [9.839584604476334, 53.59447854415595], [9.839619669015704, 53.59453240178308], [9.839635404558212, 53.59464017510283], [9.839652471776889, 53.59470308489744], [9.83967989721779, 53.59473896455165], [9.839689205595867, 53.59477481852724], [9.839681881693725, 53.594810852140434], [9.839674453327836, 53.59483780778504], [9.839667170570953, 53.594882775988054], [9.839653873682687, 53.594927723470924], [9.839652634336758, 53.59497266724208], [9.839652138197692, 53.59498498539684], [9.839651623247963, 53.59499787896758], [9.83965087647434, 53.595016607904405], [9.839650006858061, 53.59503828603364], [9.839694126795141, 53.59503748204528], [9.839707569662965, 53.595037234899365], [9.839741660368878, 53.595036618128916], [9.841410890172964, 53.595006150318376], [9.841418828163663, 53.59503303397412], [9.841874053996017, 53.59502068138408], [9.841949280382382, 53.59501508239711], [9.842250896836461, 53.5949988113429], [9.842402779181583, 53.59501543215223], [9.842553117318415, 53.594996962321744], [9.842779996952597, 53.59500254661869], [9.843319333323633, 53.5949952410579], [9.843535311929227, 53.594992891716366], [9.844487322672018, 53.59498380357401], [9.844668140960655, 53.59497389803611], [9.84509854506558, 53.59496559155728], [9.84468528082087, 53.59601876277356], [9.844522478014621, 53.59646701552253], [9.84459984110886, 53.596476006619504], [9.849190404020623, 53.59735687015493], [9.849319353716327, 53.597386004579235], [9.849199230407969, 53.59750764882921], [9.849006999853458, 53.597803486469175], [9.849106894999819, 53.59779431019482], [9.851135589510507, 53.59760801329998], [9.8511590737091, 53.5976058597276], [9.852861775491931, 53.59742748788008], [9.852956953466986, 53.597417515034905], [9.853752196506656, 53.597933689605284], [9.854068574693837, 53.59814126686406], [9.854241459882656, 53.598253642455354], [9.854318116517199, 53.598353922759365], [9.854495175660732, 53.59832711229822], [9.854500992244473, 53.59834652256383], [9.854523579258316, 53.598421948236115], [9.854805163478023, 53.59850225665189], [9.854825046905194, 53.59860391297277], [9.855044532517969, 53.59857080307126], [9.855127591381233, 53.598594398451475], [9.855402104267961, 53.59867238295278], [9.85561158403117, 53.59873189240838], [9.85581904307168, 53.59879083167765], [9.856032658009974, 53.59885151532557], [9.856258979620844, 53.598915811062696], [9.856505669037396, 53.59898444600839], [9.856848856311666, 53.59908052450741], [9.857125191504194, 53.599157889770254], [9.857487439523348, 53.59925931309223], [9.857673959079486, 53.59931152275922], [9.857756755613453, 53.59933470471557], [9.857867305917287, 53.59936430341996], [9.85784199348992, 53.600054916000815], [9.85783460664787, 53.6001527583009], [9.85781450523346, 53.60041889049099], [9.857789418927444, 53.60070154388824], [9.857722849826231, 53.60145189505323], [9.85769635643408, 53.60174272929729], [9.857645445963888, 53.60230161417557], [9.858016107658228, 53.60263185780788], [9.858317732484856, 53.60290059064647], [9.858328105912635, 53.602909837641874], [9.858583817315617, 53.60315746978963], [9.858628490672576, 53.60319770678741], [9.858872609902912, 53.60341757414862], [9.858884170805178, 53.60342798111888], [9.859206924185795, 53.60371852873047], [9.859416106341184, 53.6038958770513], [9.859563640729563, 53.604020966421096], [9.859971685861705, 53.60436129957595], [9.860453747393011, 53.604758133182486], [9.86073792371194, 53.60499970433912], [9.860839332417113, 53.60519207256628], [9.860919545325519, 53.605384071839936], [9.861069107639583, 53.60574211678404], [9.861330160597714, 53.60633603451975], [9.861577863315578, 53.606892240832515], [9.861600875739892, 53.60694390463143], [9.861663032500473, 53.607082370175824], [9.861720456558155, 53.60721032589098], [9.86181202724798, 53.607241190243016], [9.86197631306603, 53.607296564631085], [9.86288944264649, 53.607604340740856], [9.863093117911093, 53.60767298470743], [9.864072741203243, 53.60800315775732], [9.864592884982091, 53.60816782440003], [9.864938554424707, 53.60827725525099], [9.866075265962964, 53.60863709915104], [9.866509211085122, 53.60877447102282], [9.867986294420886, 53.60924203469953], [9.868148046736714, 53.60929323023753], [9.86851567272641, 53.610693446468396], [9.868843146969521, 53.61190083728561], [9.869201485912969, 53.613256560870354], [9.86930941938013, 53.61318750695136], [9.875409897210721, 53.60929590876397], [9.876369892643016, 53.60868989482544], [9.876770008850832, 53.60843587945837], [9.877388117226168, 53.60805860104221], [9.877605647103861, 53.6079259939713], [9.877647200653945, 53.60790066436271], [9.878210801568745, 53.607576338977644], [9.878547478515513, 53.607385030666045], [9.87899511124306, 53.607135018456255], [9.879224824007837, 53.60693161282789], [9.879848355071404, 53.606615171912686], [9.880323595466171, 53.60637437195536], [9.880764149747296, 53.606151272682844], [9.881229682165191, 53.605924527135386], [9.881701758081787, 53.605700886618756], [9.882231397384254, 53.60545334104379], [9.882798592722194, 53.60519661711044], [9.8837334944598, 53.60478150704298], [9.88468295368654, 53.60437683484806], [9.885392376094169, 53.60407946012196], [9.886051794238577, 53.60380444706937], [9.88628975664805, 53.603706639221876], [9.886515627574063, 53.6036138823078], [9.887131920257625, 53.60336079186185], [9.887675135169296, 53.60314157090893], [9.887859987127191, 53.60306697650964], [9.888056662309431, 53.60298761089814], [9.88930956835952, 53.60249690929652], [9.890192264301989, 53.602121057794264], [9.890224581067653, 53.602112736420096], [9.890255107799387, 53.602115592490264], [9.890300243056656, 53.6021390411599], [9.890302596091667, 53.60214026411305], [9.890430990407085, 53.602049681098904], [9.890482435436521, 53.602030394758756], [9.890870857422795, 53.60188474297863], [9.890891294228947, 53.60187707616209], [9.891134061666538, 53.601786018364145], [9.89136000529125, 53.601701287686154], [9.89158957677915, 53.60161520818772], [9.891818952416843, 53.60152920161473], [9.892047922373475, 53.60144335043214], [9.892277296142861, 53.601357342985715], [9.892508393148061, 53.60127068403487], [9.89273878492164, 53.601184308548625], [9.89296902560286, 53.601097978686056], [9.893199910127919, 53.60101140986033], [9.893430584067362, 53.60092493204535], [9.89373746800355, 53.60080987538069], [9.894040336249802, 53.600695090622295], [9.894193388866622, 53.60063708360598], [9.894346576099021, 53.60057903044157], [9.894579789356944, 53.60049065274222], [9.894809478651077, 53.600403613306206], [9.89503903196305, 53.60031661938611], [9.895267294994225, 53.60023011108325], [9.895728452348076, 53.60005756186595], [9.895957950110496, 53.59997169018656], [9.896170059137196, 53.599871808837754], [9.89638535402803, 53.59977042008324], [9.896598777700433, 53.59966991687477], [9.896814699217115, 53.59956824398796], [9.897030051261627, 53.59946684464064], [9.897078696534114, 53.599446938215266], [9.89725892609962, 53.5993732446993], [9.897395453609839, 53.59931741589829], [9.897486242109684, 53.599280294214985], [9.897747406529646, 53.59918591181532], [9.897712763102023, 53.599152032077825], [9.89743906708291, 53.59888118366408], [9.897407067468608, 53.598765970895684], [9.897455089071457, 53.598748055524204], [9.897610179034022, 53.59868263097696], [9.8985129075154, 53.59830162319608], [9.899250547068927, 53.59799030837598], [9.899989749911006, 53.59767840191092], [9.900433309558872, 53.59749129687741], [9.900507291852577, 53.59746002523213], [9.900519572723113, 53.59745485410918], [9.90088191069617, 53.59730198591094], [9.900200635786492, 53.59720212333617], [9.900158162847735, 53.597170999851826], [9.900088290160642, 53.59711977664388], [9.900083316246814, 53.597096200344275], [9.900080676219563, 53.59708360884352], [9.900077906077856, 53.597040015770936], [9.90008120198558, 53.59691925271748], [9.900094861542591, 53.59686520786591], [9.900199644991739, 53.596477440521355], [9.900339252140077, 53.59600848438466], [9.900523720087934, 53.595388986667224], [9.900535523067854, 53.59534929294407], [9.9006654042851, 53.59487522294243], [9.900769779141982, 53.594477237683186], [9.900769058705805, 53.59437446452299], [9.900691826794711, 53.59392589970071], [9.900685617727099, 53.593759706514575], [9.9006853995891, 53.59375371258879], [9.900696559827153, 53.593539612873336], [9.900684552995937, 53.593333121325294], [9.900680580957957, 53.59327849896814], [9.900637206196338, 53.593189880709524], [9.900609823704611, 53.593145618934756], [9.900505533556423, 53.5930209823252], [9.900438155656886, 53.5929133983691], [9.900351831162967, 53.592832105532366], [9.900296697185226, 53.59278018725232], [9.900287292377715, 53.59277133207952], [9.90030162466162, 53.592768905114774], [9.900300025874447, 53.592766903640204], [9.900293439043773, 53.59275272383812], [9.900225258429048, 53.59260590943261], [9.900216210740034, 53.592556988224125], [9.900206332679174, 53.59250383052063], [9.900112265135387, 53.59199773733672], [9.900106620937928, 53.591904205768806], [9.900111846709141, 53.59183302862136], [9.900137762864437, 53.59175860365317], [9.900189441183601, 53.5916899534641], [9.900261259510206, 53.59162842370672], [9.900351364219329, 53.59157921486538], [9.90044161189279, 53.59153318693575], [9.900651339015484, 53.591431050055895], [9.900728699857845, 53.59138793242241], [9.900796287256103, 53.59133993545573], [9.900858664609325, 53.59128921809649], [9.900913344383609, 53.591235322673086], [9.9009568110746, 53.59117847342239], [9.901193180517431, 53.59086232589359], [9.901291451244608, 53.59073265844001], [9.901490939475869, 53.590500411483944], [9.901636833146924, 53.590339678956305], [9.901847793944736, 53.59013695423985], [9.901942836145839, 53.590032506342894], [9.901987139646346, 53.589975344768256], [9.902021784331373, 53.589915837989025], [9.902047473740897, 53.589855805448984], [9.902069664078102, 53.5897180276302], [9.902069625754331, 53.58965522272428], [9.902049657799946, 53.58952988871995], [9.902008691846762, 53.589315965950696], [9.90198976527912, 53.58920475457546], [9.901985349882983, 53.5891102160128], [9.90199202392961, 53.58900576003036], [9.902011425335926, 53.58890658343765], [9.9020569463603, 53.588764063364714], [9.902096650299136, 53.58864919193595], [9.902195888005322, 53.58838513282478], [9.902255418442602, 53.58820459198222], [9.902291667558876, 53.58806588108584], [9.90231228489318, 53.58790611029152], [9.902259477400998, 53.58778449364417], [9.90222148269472, 53.58770577700384], [9.90221448130551, 53.587691276823115], [9.90238342909244, 53.58765453265035], [9.90275752806981, 53.587613283162746], [9.9032527415723, 53.58756992270535], [9.90377860996548, 53.58752388366577], [9.903876593804712, 53.58751530518411], [9.904418854387899, 53.58746795295687], [9.904480898221939, 53.58736271083287], [9.904549026484087, 53.587258809456856], [9.90462315749771, 53.5871563733247], [9.904688857161037, 53.58707426660962], [9.904757549457928, 53.58699294622451], [9.904829907101801, 53.58691349473009], [9.904905837662984, 53.58683512179819], [9.90492492856664, 53.58681653224481], [9.904985088958519, 53.58675804506237], [9.905066103676864, 53.58668220438555], [9.905149692714213, 53.586605957654974], [9.905233570562247, 53.586531928930064], [9.905319798384042, 53.58645689358695], [9.905405969852435, 53.58638347660304], [9.905495179042338, 53.58630942532174], [9.90558415581473, 53.5862372364276], [9.9056751072996, 53.58616486172879], [9.905739847873653, 53.586115076666715], [9.905749300474856, 53.58610781400964], [9.905893716364622, 53.586125965817004], [9.905988645692334, 53.586137903347435], [9.906152253744272, 53.5861584713404], [9.90731731286955, 53.58630495157433], [9.907448370099653, 53.586321432005064], [9.907612782389622, 53.58634209977159], [9.90773679471027, 53.58635621532207], [9.90779449509751, 53.58628465757096], [9.907859032083971, 53.58626424853869], [9.907902529621628, 53.586268008409405], [9.90773797812051, 53.586479821328574], [9.90767493065129, 53.58656484327342], [9.907616871355895, 53.58665111386959], [9.907563869972517, 53.586738529538415], [9.907523636608724, 53.5868122002782], [9.907486992685977, 53.58688653113406], [9.907453968741272, 53.58696146020133], [9.907405328958118, 53.58707875635068], [9.907339863145376, 53.58739792631537], [9.907335990085718, 53.58741670647284], [9.907327000372918, 53.587698773515775], [9.907328991136657, 53.588205703759456], [9.907330285584504, 53.588217469363265], [9.907330663599714, 53.58822665312204], [9.907336913256085, 53.588375236696706], [9.907343342269648, 53.58837632952893], [9.907344142173375, 53.588555426696544], [9.90736435454888, 53.58910754955175], [9.907379493984267, 53.58921762928351], [9.907685408570527, 53.58987587390391], [9.907695149018721, 53.589895413720356], [9.907750042611621, 53.589921064984985], [9.907806935338787, 53.58994764488778], [9.90784730143643, 53.589948219522384], [9.908208207350304, 53.5899533008885], [9.908513477909581, 53.58996790036198], [9.908520501204046, 53.58996851220909], [9.908641681829868, 53.589978998871814], [9.90881942734481, 53.58999441314069], [9.909801250459267, 53.590097370740565], [9.910206897753465, 53.59013992203912], [9.910742436859177, 53.59019609024254], [9.911386623386978, 53.59026361742712], [9.911834701565327, 53.5903105501748], [9.912284552740866, 53.59035768346182], [9.912433281719089, 53.59037325967475], [9.91285477225705, 53.590417416044126], [9.913122446115503, 53.59044545930428], [9.913390393001716, 53.59047353583787], [9.914163435570718, 53.59055452745176], [9.914509144773534, 53.59046427108102], [9.914946121840224, 53.59006909640809], [9.915341244052348, 53.589711786819464], [9.914722626695031, 53.58947167885515], [9.914961783987877, 53.58934991168709], [9.91516197814006, 53.58935057389862], [9.91516221527358, 53.589358751960525], [9.915370089056001, 53.589356838198995], [9.915360270629476, 53.58934014007478], [9.915285144260606, 53.58921244356055], [9.915366785946178, 53.58913409218784], [9.915400998530801, 53.58880872979246], [9.915401299094952, 53.58880586004166], [9.915407088200752, 53.58875076787703], [9.916122292171805, 53.58866789957602], [9.916151901875084, 53.5886545670734], [9.916251069768624, 53.58860992399851], [9.916255663912622, 53.58859672011292], [9.916319835637134, 53.5884121005234], [9.916285276767898, 53.58714558065534], [9.916364551571455, 53.58646646595869], [9.916369546251445, 53.586423604681706], [9.916617175374025, 53.58539162703862], [9.916777657718205, 53.58509803405618], [9.916905494180163, 53.584969897697405], [9.917537995125699, 53.584508089860336], [9.917747935868835, 53.584277748498145], [9.9178372773228, 53.584161493061686], [9.917880946233055, 53.58410768317279], [9.91789303872298, 53.584072479817685], [9.917936507227125, 53.583945987325826], [9.917918099833356, 53.58394351278843], [9.917922793239804, 53.583930056374825], [9.917941125694838, 53.58393255845309], [9.917993162215417, 53.58378111896577], [9.918017471658095, 53.583708805627715], [9.917995553124198, 53.5837025377678], [9.918004820730948, 53.58369104178504], [9.918019815196256, 53.58366219825525], [9.917995145765593, 53.58352828237008], [9.917982082071624, 53.583457307491926], [9.918129278722668, 53.582986382865975], [9.918237577096281, 53.58277200275298], [9.918200342983575, 53.58262011566197], [9.918172886695805, 53.582503974230384], [9.918282883200078, 53.58249484225546], [9.91827044202556, 53.5824428381583], [9.918260967964198, 53.582391827030364], [9.918254318065827, 53.58234148636959], [9.918249466711025, 53.58227864633982], [9.918249909787104, 53.58221197236319], [9.91825258822656, 53.582150863327946], [9.91825811970868, 53.582070154597446], [9.91828001452477, 53.58196316260771], [9.918311277331211, 53.58186605839347], [9.918357246567291, 53.581761713093414], [9.91841184542543, 53.58165898244943], [9.918481076637395, 53.58154978429953], [9.918542768804201, 53.58146770054359], [9.918681345861907, 53.581298553279545], [9.918741385571934, 53.581225282226534], [9.91910488394425, 53.580767634438665], [9.919692382186138, 53.58082863059697], [9.920673576029028, 53.580153487790994], [9.921135461679297, 53.579865892383516], [9.921734464047312, 53.579525058286144], [9.92224074266976, 53.579272865328576], [9.922778244093566, 53.57900510330306], [9.923011571046237, 53.57891481666315], [9.923383913317327, 53.57868718500399], [9.923503455642233, 53.57861410839695], [9.923598806115885, 53.578555825393785], [9.923813867549493, 53.57842810459108], [9.924278625182728, 53.578152133248025], [9.924664810847016, 53.57786181885066], [9.924950924879443, 53.57764673198002], [9.925341275704227, 53.57735529548195], [9.925669828600455, 53.57710999947763], [9.925697612165477, 53.57708824708985], [9.926183467235711, 53.57670768087445], [9.927182322666964, 53.57599559116519], [9.92800297770433, 53.575409803198184], [9.928168634883898, 53.57529156339205], [9.92887745094756, 53.57477093458525], [9.929130439980176, 53.574585092873164], [9.9292780705879, 53.5744763669295], [9.929724227609157, 53.57414778054068], [9.930081991958502, 53.573884267265406], [9.930545598776185, 53.57354347895038], [9.930689808420537, 53.57343747450365], [9.930569097617003, 53.57339696570368], [9.930743046671658, 53.573213425220274], [9.930814480144791, 53.573237499031045], [9.930915582212105, 53.57327155332848], [9.931012120395627, 53.57330408797859], [9.93106862295913, 53.57332288449333], [9.93123237845043, 53.573377278173545], [9.931396793501142, 53.57343074063764], [9.931542953961445, 53.573475437017976], [9.931597222176789, 53.57349150007665], [9.931610538412752, 53.57349544138505], [9.931687019646308, 53.5735168865608], [9.931733383924536, 53.573529262740166], [9.931757720468685, 53.57353575194905], [9.931832240198371, 53.573554524626076], [9.931907272673643, 53.57357257414973], [9.931941543147246, 53.573580280337694], [9.931972049729696, 53.573587143914764], [9.93203780965419, 53.57360039360626], [9.93210393703163, 53.57361318196422], [9.93217020306766, 53.573624719746746], [9.93223700924621, 53.573635408325835], [9.932302712928383, 53.57364472116775], [9.932304727916792, 53.57364501108707], [9.932355051872957, 53.57365132460805], [9.93237255839264, 53.5736535162916], [9.932440941329723, 53.57366104634923], [9.932438703567447, 53.573665045878855], [9.932525284201176, 53.57358057636821], [9.932525770692138, 53.573558073332755], [9.932529220358656, 53.573401189949905], [9.93271443494145, 53.57322966681415], [9.932856400124662, 53.573289567585626], [9.932890059402174, 53.57325921921783], [9.93299448136712, 53.57316891125168], [9.933100889025742, 53.573076897787416], [9.933333557680786, 53.5728748367238], [9.933511232975999, 53.57267255714939], [9.933540047542797, 53.572630048443735], [9.933652891856903, 53.572463574018826], [9.933760497956914, 53.572273930993504], [9.934059188015471, 53.57170819198001], [9.934826388974889, 53.57164963184735], [9.934846192726098, 53.571648603377874], [9.9348660712651, 53.57164852412585], [9.934885896384523, 53.571649394602446], [9.93490554022152, 53.57165120919347], [9.934924876082386, 53.57165395619563], [9.934943779259674, 53.57165761789205], [9.934962127836453, 53.57166217066644], [9.934979803472617, 53.5716675851555], [9.934996692168092, 53.57167382643821], [9.935012684998078, 53.57168085426117], [9.935027678815556, 53.57168862329802], [9.935041576916536, 53.57169708344198], [9.935054004262545, 53.571705983833795], [9.935065224775764, 53.57171543519591], [9.93507516979378, 53.57172537969269], [9.935083778459175, 53.5717357564708], [9.935142456483582, 53.57181414854512], [9.935327313652058, 53.57170728131972], [9.93542610760046, 53.571616916302304], [9.93575607785239, 53.571618281717434], [9.936198005534399, 53.57166313038153], [9.937634306815246, 53.57183651342488], [9.937709515319431, 53.571845036351355], [9.937785036789055, 53.57185251484215], [9.937860830289484, 53.57185894484371], [9.938011877311451, 53.57186853782512], [9.938163511029686, 53.571873933375855], [9.938315402384516, 53.57187511978727], [9.938322937033487, 53.57187506967284], [9.938330471430625, 53.57187500757735], [9.938338005522164, 53.57187493350124], [9.9386868520343, 53.57187138763424], [9.938912465923616, 53.57186908669949], [9.939158266659462, 53.57186659988976], [9.939158670794173, 53.57188211158952], [9.93965556345957, 53.57186921160957], [9.939995128817689, 53.57186595955279], [9.940594207244319, 53.5718602258374], [9.94096571944497, 53.57187496733283], [9.942038320715012, 53.571928728790006], [9.942069514372495, 53.571968519788], [9.942282505604943, 53.5717971763767], [9.94304233519341, 53.57111114990009], [9.94369285040634, 53.57052403203057], [9.943752608783749, 53.57044955478005], [9.943805269486123, 53.5703838976985], [9.943820171286163, 53.57035663357472], [9.943901152730403, 53.570208531307436], [9.943947622393095, 53.57004866514976], [9.943971690797984, 53.56996582206154], [9.94396297216587, 53.56976691202622], [9.943958107021377, 53.569656269786044], [9.944446044985138, 53.56964866999741], [9.944381986439156, 53.56968660562463], [9.944382139625565, 53.569690092118265], [9.944388267266078, 53.56983159234608], [9.944394012121487, 53.569964043745166], [9.94439047202821, 53.570137935475174], [9.944404651269563, 53.57013790443288], [9.944415726839466, 53.570271707022485], [9.944424150699657, 53.57037189398922], [9.944427774546494, 53.57037187436772], [9.944462697200912, 53.57078701277938], [9.944470986558848, 53.57088589740315], [9.94450747845372, 53.57123926947912], [9.944609780260866, 53.571712411638764], [9.944766340608906, 53.571753800733966], [9.94500385022611, 53.57165584210708], [9.945029639407297, 53.57167799382697], [9.945416174462247, 53.57151859524323], [9.945689130280071, 53.571405999785846], [9.945701205992336, 53.57140101434604], [9.945880472429652, 53.571327074362195], [9.945895257336892, 53.57132091829416], [9.945909938110441, 53.57131467455481], [9.945924513283062, 53.571308343768166], [9.945977427577986, 53.57128425179326], [9.946028856580101, 53.571259045998254], [9.94607873415229, 53.571232758798885], [9.946226242930091, 53.57115214797853], [9.946370752415811, 53.571073178707785], [9.946404331295286, 53.57105504102878], [9.946438268813816, 53.571037141423645], [9.94647256020738, 53.571019482404786], [9.94654417719965, 53.570983897006855], [9.946617210235988, 53.57094934640234], [9.946691617125119, 53.57091585054953], [9.946739756554734, 53.57089505217007], [9.946788425378863, 53.57087469502142], [9.946837612184002, 53.57085478387725], [9.946898038725854, 53.57083071863567], [9.947122605476034, 53.57074127183598], [9.947488947938506, 53.57059533894486], [9.947540470783474, 53.57057432950953], [9.947591273135497, 53.57055270736488], [9.947641334433495, 53.57053048126243], [9.947708870263327, 53.570498868211835], [9.947774883278, 53.57046613535561], [9.94783932109318, 53.57043230867053], [9.947894558990944, 53.57040167220027], [9.947948508124115, 53.570370232574675], [9.94800113554564, 53.57033800899585], [9.948059745293302, 53.57030007898933], [9.948116526582572, 53.57026117602945], [9.948171433853222, 53.57022133133473], [9.948190363987143, 53.57020703086118], [9.948209049464259, 53.57019261683173], [9.948227488362395, 53.57017809072939], [9.94831094598517, 53.57011166615082], [9.948478379639274, 53.56997839921289], [9.94874245617814, 53.56976811250161], [9.948883356842458, 53.569655172637404], [9.949042458090743, 53.569713075610686], [9.94986594809679, 53.56944374809909], [9.949959919635688, 53.56932713456442], [9.95028606780674, 53.56892236131471], [9.950383976305968, 53.56881912763784], [9.95050058832952, 53.56869611343501], [9.950618705395877, 53.568571559034666], [9.950707598765195, 53.56847781712443], [9.950717010045604, 53.568467881467555], [9.950892730952372, 53.568349916271536], [9.95089746786176, 53.568344997626234], [9.950888247842105, 53.56834191580363], [9.950931083868623, 53.56829663960946], [9.950940943028057, 53.56829994107109], [9.950944639995571, 53.56829511159144], [9.950954499357303, 53.56829842203931], [9.950965292190634, 53.568296898008725], [9.951005077437783, 53.56825429777566], [9.951003408344151, 53.56824653561879], [9.950993685878592, 53.56824326903129], [9.950998037280534, 53.56823866805931], [9.950988832374627, 53.568235586124295], [9.951031653089476, 53.56819031001426], [9.951040857988586, 53.56819339194604], [9.951046025236435, 53.568188137282654], [9.951047075246688, 53.5681884974807], [9.951070931096996, 53.56816347138957], [9.951087012791293, 53.56816884475305], [9.951309485556035, 53.56793395669519], [9.95173373374044, 53.567486249994694], [9.951653713028897, 53.56746181650702], [9.952072409984593, 53.5670207775497], [9.952077823524101, 53.56701507143272], [9.952079933184626, 53.567012861341105], [9.952083060133603, 53.56700955549135], [9.952181463897787, 53.566905902845996], [9.952259693270452, 53.56693263343025], [9.95231117816765, 53.5668785955678], [9.952339175075137, 53.566848421540534], [9.952326912813954, 53.56684433931103], [9.952328978170875, 53.56684217451227], [9.95244836618725, 53.56671752721022], [9.952558535850793, 53.56660198707407], [9.952495435450748, 53.56657519015033], [9.952506793883783, 53.5665632432978], [9.952572183593466, 53.566494361726576], [9.952766427157501, 53.56643522259708], [9.952937154754032, 53.56638324590787], [9.952997100251821, 53.56639799559277], [9.952975172464226, 53.56637167090527], [9.953429078262852, 53.566283351081815], [9.953595719802818, 53.566233716171574], [9.953599799491148, 53.5662385376741], [9.953737492508052, 53.56619753799842], [9.953816398524596, 53.566173825242636], [9.953779968988343, 53.566131813782874], [9.953858062049363, 53.566108215348265], [9.953936694670865, 53.56608444176947], [9.954262065277526, 53.565989323377515], [9.954287412673462, 53.566032034352894], [9.95446983238425, 53.5659777509022], [9.954656823998421, 53.56592200144173], [9.95467897740037, 53.56591539754294], [9.954788257556972, 53.565880726901426], [9.954897423064105, 53.565844996379674], [9.954864773666607, 53.56580660457756], [9.95503373309096, 53.565752104105776], [9.955067257340371, 53.56578843939922], [9.955528950453184, 53.565636767247064], [9.955495724210001, 53.565601607251736], [9.955911883772476, 53.56546443692133], [9.956152059053862, 53.56538358543207], [9.956390248174372, 53.56530442127954], [9.956553525136192, 53.565249200016076], [9.956725819285596, 53.56519211760623], [9.95687711951724, 53.56514148616092], [9.957343141068081, 53.56499219034], [9.957366374290013, 53.56501806333341], [9.957403801347228, 53.56500517925356], [9.957397620847724, 53.56499894545169], [9.957500950335826, 53.56496307047567], [9.957507131048155, 53.56496931325949], [9.957632942754454, 53.56492606704498], [9.957803425169828, 53.564855747872954], [9.957844431667047, 53.56483690228976], [9.957863067334632, 53.56482835738668], [9.95803546221931, 53.564749159467404], [9.958255811942665, 53.56464794074502], [9.958505346377482, 53.56453332793637], [9.958486159983014, 53.564518838691406], [9.958952443362627, 53.56430490393197], [9.958971594136152, 53.56431915068695], [9.959455545588392, 53.56409684740765], [9.959656595921324, 53.56377501237221], [9.95986309922676, 53.56366481390427], [9.959867024044453, 53.5636666363094], [9.959871193482257, 53.56366825475961], [9.959875577717751, 53.56366965767871], [9.959880145392136, 53.56367083503217], [9.959884863834528, 53.56367177839878], [9.959889699295664, 53.563672481031], [9.959894617189265, 53.563672937903156], [9.95989958233945, 53.56367314574742], [9.959904559232324, 53.56367310307714], [9.959909512269997, 53.563672810197545], [9.959914406025211, 53.56367226920349], [9.959919205494739, 53.5636714839645], [9.959923876349745, 53.56367046009709], [9.959928385181335, 53.56366920492463], [9.959932699739516, 53.56366772742488], [9.959936789163867, 53.563666038165884], [9.95994062420428, 53.563664149230256], [9.959944177430174, 53.563662074128864], [9.959947423426689, 53.56365982770413], [9.95995033897648, 53.5636574260239], [9.960057348453986, 53.56356093378062], [9.960109122089818, 53.56351426109919], [9.960198655450975, 53.56343349583354], [9.96026761103234, 53.56337015447867], [9.960334909864276, 53.56330833652721], [9.960417797713536, 53.56323218184229], [9.96048451917849, 53.56317088979848], [9.960773609897275, 53.56328335692561], [9.96077499523138, 53.56339645371994], [9.960758668796872, 53.56341156943312], [9.960506340447024, 53.56365555139778], [9.960543424285921, 53.56373490466028], [9.960762543091718, 53.56379906079669], [9.961022945218776, 53.56387530757878], [9.961033220293865, 53.56387831722211], [9.961743781528083, 53.56408630036797], [9.962113503981126, 53.56419448440314], [9.962494244326853, 53.56430505060429], [9.962537430794379, 53.564317161771015], [9.962570132277794, 53.564326337012034], [9.962641112158952, 53.56434625160671], [9.962743487014135, 53.56437498332183], [9.962846256961038, 53.564403819636695], [9.962943237578715, 53.564431039514915], [9.962950075838709, 53.56443296203247], [9.963054319801616, 53.564462199794406], [9.963261471916459, 53.56452034422424], [9.9634021110737, 53.56455980565526], [9.96363116124631, 53.564624074326], [9.963770023161574, 53.56466303727386], [9.964044297972048, 53.56473998372351], [9.964180972445018, 53.56477833459978], [9.964453713975553, 53.56485485201543], [9.964781421325306, 53.564946781989896], [9.964904344562715, 53.564981278829755], [9.965027282890908, 53.56501576643313], [9.96523889232117, 53.56507512994468], [9.965446718323998, 53.565133426968856], [9.965575059702267, 53.56507628200842], [9.966066379353048, 53.56522680796046], [9.966060642818839, 53.56528384422404], [9.966053688511138, 53.565315271819195], [9.966040863473394, 53.56534947946741], [9.966040820999595, 53.565362855365436], [9.96605243678508, 53.565394186916414], [9.966068023244055, 53.56542350882878], [9.966089951994826, 53.56545086486903], [9.966145270783226, 53.5655049450275], [9.96620106072299, 53.56554524129726], [9.96644484636506, 53.56569776491522], [9.966717691758856, 53.565868444574356], [9.966764257351224, 53.56589552047782], [9.967808794737511, 53.56641629808729], [9.967797003248041, 53.56642495995793], [9.967850471974772, 53.566450766080756], [9.967850685795511, 53.566450872218056], [9.967860174998755, 53.566443882937136], [9.967900558700977, 53.566463358825345], [9.967941584314085, 53.56648317108565], [9.96793207960817, 53.566490142520536], [9.96805237700168, 53.56654819944522], [9.968223700455432, 53.56663085948024], [9.968264054308158, 53.566650335487985], [9.968561158630868, 53.56679369493775], [9.968854891094448, 53.56693544497571], [9.968905322457559, 53.566959774076594], [9.969159100866218, 53.56707899708731], [9.969943950053572, 53.5672846399152], [9.969972980352086, 53.567292242877535], [9.970042395780652, 53.56730280829177], [9.970064586825188, 53.56729521885289], [9.970086678898303, 53.567287527777594], [9.970108670686422, 53.56727973552326], [9.971451304912422, 53.56667848985547], [9.971491186992889, 53.56666096903812], [9.971530791215164, 53.56664322628202], [9.971570114094385, 53.56662526314856], [9.97160828071151, 53.566606437451874], [9.97164614880862, 53.56658739932942], [9.97168371504981, 53.56656815045856], [9.972174958367031, 53.56632122353873], [9.972281523845995, 53.56626699526705], [9.97238865122882, 53.56621316087258], [9.97249633640646, 53.56615972241914], [9.972534844879732, 53.56614147637506], [9.972632003279232, 53.566095815977526], [9.972729579909743, 53.56605047282396], [9.972827571847711, 53.566005448272314], [9.973783003658971, 53.565560460307566], [9.974040334711775, 53.56544488241402], [9.974296276378057, 53.565328216841834], [9.974550815691002, 53.56521046950701], [9.974143486075494, 53.56475473053233], [9.973726928451716, 53.56428863810168], [9.974311714133112, 53.56430109003391], [9.975191447289564, 53.56433463195311], [9.975938570647784, 53.56436310100386], [9.975962308883997, 53.56436461785553], [9.97598575417461, 53.564367301083955], [9.976008745104046, 53.56437113221576], [9.976031123384784, 53.56437608487444], [9.976052734947109, 53.564382124961995], [9.976147100865214, 53.564411485883646], [9.97615359552135, 53.564413714493355], [9.976159758424545, 53.56441625515683], [9.976165547371737, 53.56441909047585], [9.976170922720657, 53.56442220103439], [9.976175847661302, 53.56442556553165], [9.976180288467999, 53.5644291609278], [9.97618421473036, 53.56443296260192], [9.976187599561522, 53.56443694452044], [9.976190419782291, 53.564441079415516], [9.976192656079856, 53.564445338971716], [9.97619429314004, 53.56444969401992], [9.9761953197522, 53.56445411473712], [9.976195728885978, 53.56445857085053], [9.976195517739463, 53.564463031845044], [9.976194687758374, 53.56446746717206], [9.976193244626172, 53.56447184645876], [9.976191198225148, 53.56447613971607], [9.976188562568733, 53.56448031754407], [9.976187054375533, 53.564482219581954], [9.976185301727599, 53.56448404584375], [9.97618331529046, 53.564485785215936], [9.976181107152351, 53.564487427113754], [9.976178690750647, 53.564488961545564], [9.976176080790095, 53.56449037917376], [9.9761762801461, 53.56449051238119], [9.97639547125158, 53.56437303546859], [9.976552226615855, 53.56426735803294], [9.976606499257947, 53.56420865749026], [9.976688964736804, 53.56420645603662], [9.976741796459862, 53.564199912144005], [9.976879688158006, 53.56413077561023], [9.976912341405848, 53.56406434120413], [9.976925042278797, 53.56405986883865], [9.976940560124303, 53.5640492160276], [9.976951705702135, 53.56403360106428], [9.976953965983679, 53.56402160931023], [9.976942419404494, 53.56402440929386], [9.976925064502575, 53.56400186290658], [9.97692897948452, 53.56399943087954], [9.9767649532983, 53.563778967871656], [9.976759689761254, 53.563772673637615], [9.976670250895632, 53.56377231629575], [9.976645728103012, 53.563772219891796], [9.976650242222382, 53.56377941015676], [9.976509119558319, 53.56377444985655], [9.976462043609812, 53.56377061834808], [9.976466383820883, 53.56377943704108], [9.976467271220594, 53.56378125455538], [9.975565186554563, 53.563790341227964], [9.975291778943726, 53.563793092183616], [9.972546100335318, 53.56373613854467], [9.97158906519736, 53.56370279165513], [9.971589119256828, 53.563701856364695], [9.9716050640067, 53.5634080397029], [9.971614023341148, 53.56324292970222], [9.97161522104571, 53.56322074421949], [9.970573192399351, 53.56320056527511], [9.970570830945098, 53.563222724232624], [9.970568396196153, 53.563245638856955], [9.970570209347072, 53.563245696056214], [9.970558375029496, 53.563377075766994], [9.970602828413725, 53.56338181179436], [9.970675504583147, 53.56338800870034], [9.97065086737523, 53.56354249504925], [9.970399177543936, 53.56353356171274], [9.969702211037484, 53.56350884036438], [9.969344276191588, 53.56349614576684], [9.96918231610017, 53.563490392863294], [9.96873132797534, 53.56347439635565], [9.96871809076789, 53.56347392826835], [9.965651968341685, 53.563365082015984], [9.965679766982301, 53.563096043008116], [9.96568555839495, 53.56306170514107], [9.965695742339314, 53.563027731369736], [9.965710259194115, 53.56299432055652], [9.965898901680111, 53.56262058285432], [9.965934800701179, 53.562549451022356], [9.966172494860388, 53.562459331668585], [9.967071343356784, 53.56247702111987], [9.96804067361468, 53.56249610199858], [9.968183569083777, 53.56249892754099], [9.968195031263898, 53.562293419178026], [9.968149491029182, 53.56227276262994], [9.967722692921017, 53.561481700693676], [9.96772071429576, 53.5614823279509], [9.967576147795384, 53.561217577226756], [9.967577891861218, 53.5612172574938], [9.967819464537328, 53.56117318081943], [9.968239550253255, 53.56109652098724], [9.968148256023602, 53.56092473493829], [9.968055108963126, 53.56083509590915], [9.967935945344651, 53.56060708460435], [9.967855521976578, 53.56045903108952], [9.967770499166836, 53.56030655621112], [9.967336174535768, 53.560388785885635], [9.967296384988925, 53.56031501170687], [9.96723303220752, 53.5601904516902], [9.967201845832346, 53.560129129524775], [9.967194100463422, 53.56011389295193], [9.967140433174892, 53.5601174011335], [9.967026993178797, 53.56012481735557], [9.967199105577638, 53.55870646931953], [9.9672243439007, 53.55849847644922], [9.967234955716748, 53.55841105390532], [9.967239302816221, 53.558375278648455], [9.96728815150637, 53.5579726815905], [9.967296793147511, 53.55790148206123], [9.967328103285015, 53.55764336253365], [9.967588635899354, 53.557514753506965], [9.967658933899333, 53.557480044712705], [9.967667696972661, 53.55747572203675], [9.967670175861226, 53.55735809940204], [9.96735399381958, 53.557350850109216], [9.965782090074867, 53.55718102334275], [9.96463035716827, 53.55707263430938], [9.964633707973384, 53.557215289034495], [9.964413640595199, 53.55720376903913], [9.964402838885798, 53.557207722956285], [9.964392632180356, 53.557212202381365], [9.964383092405088, 53.55721717574812], [9.964374286786455, 53.55722260800956], [9.964366277377442, 53.557228460884865], [9.964359120620259, 53.557234693129104], [9.964352866948582, 53.55724126082402], [9.964347560432165, 53.55724811768734], [9.964343238466252, 53.5572552153991], [9.964339931508063, 53.557262503942006], [9.964299669763143, 53.55738667842639], [9.964107545834388, 53.557814079134076], [9.96405618423529, 53.55790827980512], [9.963992102194855, 53.55799967536918], [9.963915725806494, 53.55808765800479], [9.963755865012088, 53.55835465979585], [9.963408733801622, 53.558529082520025], [9.96312493400247, 53.55867169472356], [9.962904421611038, 53.55878249721849], [9.962706775522681, 53.55888178917084], [9.962524757497958, 53.558973251493505], [9.962356008317826, 53.55905802686044], [9.962282194490092, 53.55909511589531], [9.961844204764514, 53.559315182766085], [9.961827929906773, 53.559324500352446], [9.961613926876359, 53.55944702361525], [9.9611178123917, 53.559730684493196], [9.961102356420875, 53.559739509995346], [9.960959095948219, 53.55981729989063], [9.960808985289022, 53.55989036755461], [9.960652462959944, 53.55995849951861], [9.960629343998772, 53.5599676922868], [9.960606102867, 53.55997677519802], [9.960582741037156, 53.55998574767674], [9.960093714107334, 53.56017627571226], [9.959893535458002, 53.56024830180747], [9.95976764660475, 53.560051986577456], [9.959737900075188, 53.56004578917728], [9.959685910850549, 53.55992201497564], [9.959591365802508, 53.55969699803193], [9.959539746179907, 53.55957417362646], [9.959510385133829, 53.55950426837699], [9.959457823753954, 53.55937916829507], [9.959404528484297, 53.55925231224074], [9.959351378538353, 53.55912585949841], [9.959298754478722, 53.55900061602179], [9.95923974674178, 53.558860115531054], [9.95920194659099, 53.55877015161695], [9.95917252345051, 53.55870012093202], [9.959142941537326, 53.558629740943495], [9.959112290065589, 53.55855678969436], [9.959076660161907, 53.558471976983164], [9.959067884706231, 53.55845110308903], [9.95899538200013, 53.55827856618295], [9.958959432801933, 53.558192964966864], [9.95894113124794, 53.558149389431414], [9.958920834439127, 53.55810102978844], [9.958874115812522, 53.55798980647964], [9.95879912266994, 53.55781121288023], [9.958786788482698, 53.55778182798598], [9.958724017195191, 53.557632296528936], [9.958625236728517, 53.55739710127223], [9.958564925734796, 53.55725350968414], [9.958499077175162, 53.5570966677774], [9.958441655010155, 53.556959956489656], [9.95844009152909, 53.55695623860223], [9.958398516952977, 53.55685942811397], [9.958276311161733, 53.55657281466744], [9.958244763522977, 53.55649881865461], [9.95820628254941, 53.5564085991813], [9.958167928581553, 53.55631864834606], [9.958125303937411, 53.55621873599091], [9.958093661195987, 53.55614451597381], [9.95806208320427, 53.55607048419725], [9.958033294268867, 53.55600296504223], [9.957993922081787, 53.55591067618642], [9.957968496102687, 53.55585101339274], [9.957988518797588, 53.55583120316072], [9.957948697482651, 53.55573171773189], [9.957914035703427, 53.55571962654263], [9.957740997490939, 53.555311529381214], [9.957667714974894, 53.55513873718551], [9.957527210932513, 53.55480745050315], [9.957471096778608, 53.55468092172658], [9.95744302350319, 53.554614259631684], [9.957362010518482, 53.5544218972385], [9.95730609045466, 53.554289209390504], [9.957240662474355, 53.554133864538045], [9.9571309439247, 53.55387345159832], [9.95709373306067, 53.5537851182514], [9.957033682849689, 53.55364258445397], [9.956999647370175, 53.553561830325705], [9.956963059329844, 53.55347498411915], [9.95694618524794, 53.55343494747663], [9.95692790841031, 53.55331333826457], [9.956926634591843, 53.553309734894974], [9.956871450766679, 53.55315402021494], [9.956915275509436, 53.55314548963002], [9.956804895537903, 53.55285555292574], [9.956805256535077, 53.552855496104], [9.956687062055844, 53.552569711775945], [9.956659106397682, 53.55250212267984], [9.956635062255886, 53.55244398564262], [9.95657710667952, 53.552303816917195], [9.956547536151632, 53.55230783777698], [9.956534573550513, 53.55227989589513], [9.956520754851455, 53.552250136099744], [9.956495369417619, 53.55219542556545], [9.956390940563365, 53.55197035014278], [9.956314260494807, 53.551805027092726], [9.956271387122067, 53.55167694462104], [9.956236768462754, 53.55155947501821], [9.956191821219797, 53.551407004066625], [9.956127291030755, 53.551163208993664], [9.95612009439073, 53.5511426009049], [9.956121569521219, 53.55114241832171], [9.956117151808948, 53.5510971043282], [9.956116910336148, 53.55109442754811], [9.956098887324691, 53.5509228966822], [9.956078112167384, 53.55075147623351], [9.956054586795478, 53.55058018186213], [9.956047221185147, 53.550530236138655], [9.95603961526429, 53.55048030319045], [9.956031769096217, 53.55043038342756], [9.956014864263292, 53.550327693399865], [9.955996993950292, 53.550225061366845], [9.955978158724784, 53.55012249054793], [9.955942618024302, 53.549984776074126], [9.955833432004136, 53.54956161239488], [9.95582990997354, 53.54954798630801], [9.95582731046873, 53.54954649693786], [9.955671575583887, 53.5495425998101], [9.955620043691685, 53.549517734618654], [9.955604646704408, 53.54947539446038], [9.955587464097936, 53.549433298664844], [9.955568506777658, 53.54939147393628], [9.95524643203597, 53.54904006149991], [9.955208908242096, 53.54898035987603], [9.955204564146142, 53.54896238967766], [9.955129125139822, 53.54884435583965], [9.955045956603461, 53.548697403258664], [9.95511978213381, 53.548613090471974], [9.95496711064876, 53.54851515239488], [9.955002998418516, 53.548504231878056], [9.955166686594493, 53.54844391210164], [9.955172465250987, 53.5484418074759], [9.955383401615455, 53.54834558563953], [9.95544075974448, 53.548321612283736], [9.955987776892778, 53.54807935689613], [9.956086261791414, 53.54805330161872], [9.956285878448982, 53.548002122484725], [9.956321216827371, 53.54799297678794], [9.956399981118892, 53.54797257120188], [9.956559106977187, 53.54793500110334], [9.956720765094596, 53.54789595432165], [9.956802832922769, 53.54787615126862], [9.956863539263546, 53.5478614989615], [9.956869709005769, 53.5478600113626], [9.957111708585415, 53.54780027581051], [9.957120601042162, 53.54777363325622], [9.956975759328015, 53.54770839085776], [9.956771923619135, 53.54761658145242], [9.956682494109469, 53.547576298197875], [9.956898151449504, 53.547412699526674], [9.957222535420684, 53.5474343108776], [9.957255908518148, 53.54741702763762], [9.957272105570768, 53.547332185956726], [9.957393810805835, 53.54668463520391], [9.957423310151913, 53.546562616488735], [9.957453531303857, 53.54644316282966], [9.957467179854389, 53.54638920963084], [9.957562859429663, 53.546393540311755], [9.957767422865258, 53.54640278784669], [9.957891204751567, 53.54639106362366], [9.957891535877744, 53.546378323601175], [9.95789351406548, 53.54629816210072], [9.957893934584936, 53.54628470224441], [9.957889177152863, 53.5461488720673], [9.957888642490728, 53.54613388274751], [9.957953126274008, 53.546152297004866], [9.957965862162457, 53.546156351160064], [9.957977958256256, 53.5461610492286], [9.957989323013056, 53.54616635565594], [9.957999870425105, 53.54617223028351], [9.958009520670155, 53.54617862865262], [9.958018200715532, 53.54618550234096], [9.958019273659447, 53.54618644477487], [9.958020326505293, 53.54618739521534], [9.958021359084658, 53.546188353510345], [9.958031450601242, 53.54619145476409], [9.958154085577455, 53.546229214746376], [9.958259666373687, 53.546258688871035], [9.9583687529957, 53.54628321983902], [9.9584806941548, 53.54630266119006], [9.95859482151644, 53.546316896851046], [9.958710453691115, 53.54632584182891], [9.958826900303272, 53.54632944271833], [9.959228586765105, 53.5463325946855], [9.959534536605878, 53.54633623482279], [9.959535891214653, 53.54638277783567], [9.959902741887404, 53.546373146063566], [9.960111108160085, 53.546367680076436], [9.960123325510237, 53.54619062509436], [9.960126770241915, 53.546140771567494], [9.96012865841957, 53.54611350184545], [9.960131217212632, 53.54607651864945], [9.960141033803094, 53.545934099463146], [9.960146077080227, 53.54586085278241], [9.960146712796105, 53.54585159802593], [9.960151568486653, 53.545781400111636], [9.960151669307356, 53.54577985319891], [9.960182520074676, 53.545333168169144], [9.960257265336626, 53.54425003486821], [9.959250467403018, 53.54414833325438], [9.958255580561142, 53.54401122172801], [9.957276112806635, 53.54383918375224], [9.956355664964441, 53.543659676450105], [9.955735183145228, 53.54354218496581], [9.955111392904188, 53.543431085501716], [9.954484479766089, 53.54332641109775], [9.954425950593881, 53.54345503400099], [9.9505925108508, 53.54271053825348], [9.947096733978183, 53.542524463460744], [9.944522477464268, 53.54236910695981], [9.943373017904943, 53.5423701440176], [9.93656284978593, 53.54210881669735], [9.932390456214467, 53.54194863466547], [9.92770402415041, 53.541768574128774], [9.927522508010437, 53.541761586444416], [9.924521284629156, 53.54164565967165], [9.921510871102235, 53.54152964754338], [9.91698589930351, 53.54151146783517], [9.91442543877468, 53.54153493931329], [9.914294732282903, 53.54153613645868], [9.901904218579377, 53.541648914133106], [9.894363603158489, 53.54172220314035], [9.886830420172828, 53.54193262678879], [9.882619306089106, 53.54212390993014], [9.88188063972236, 53.542207904586874], [9.871166464404466, 53.54342594995975], [9.868246771902827, 53.543757768011886], [9.864547533663712, 53.54419337443855], [9.863207580595763, 53.54435504714063], [9.861605491615538, 53.5445570931319], [9.86003086983975, 53.54476434038479]]]]}, "properties": {"city_code": "HH", "area_code": "2", "area_name": "Altona"}}, {"type": "Feature", "geometry": {"type": "MultiPolygon", "coordinates": [[[[9.945029639407297, 53.57167799382697], [9.94500385022611, 53.57165584210708], [9.944766340608906, 53.571753800733966], [9.944609780260866, 53.571712411638764], [9.94450747845372, 53.57123926947912], [9.944470986558848, 53.57088589740315], [9.944462697200912, 53.57078701277938], [9.944427774546494, 53.57037187436772], [9.944424150699657, 53.57037189398922], [9.944415726839466, 53.570271707022485], [9.944404651269563, 53.57013790443288], [9.94439047202821, 53.570137935475174], [9.944394012121487, 53.569964043745166], [9.944388267266078, 53.56983159234608], [9.944382139625565, 53.569690092118265], [9.944381986439156, 53.56968660562463], [9.944446044985138, 53.56964866999741], [9.943958107021377, 53.569656269786044], [9.94396297216587, 53.56976691202622], [9.943971690797984, 53.56996582206154], [9.943947622393095, 53.57004866514976], [9.943901152730403, 53.570208531307436], [9.943820171286163, 53.57035663357472], [9.943805269486123, 53.5703838976985], [9.943752608783749, 53.57044955478005], [9.94369285040634, 53.57052403203057], [9.94304233519341, 53.57111114990009], [9.942282505604943, 53.5717971763767], [9.942069514372495, 53.571968519788], [9.942038320715012, 53.571928728790006], [9.94096571944497, 53.57187496733283], [9.940594207244319, 53.5718602258374], [9.939995128817689, 53.57186595955279], [9.93965556345957, 53.57186921160957], [9.939158670794173, 53.57188211158952], [9.939158266659462, 53.57186659988976], [9.938912465923616, 53.57186908669949], [9.9386868520343, 53.57187138763424], [9.938338005522164, 53.57187493350124], [9.938330471430625, 53.57187500757735], [9.938322937033487, 53.57187506967284], [9.938315402384516, 53.57187511978727], [9.938163511029686, 53.571873933375855], [9.938011877311451, 53.57186853782512], [9.937860830289484, 53.57185894484371], [9.937785036789055, 53.57185251484215], [9.937709515319431, 53.571845036351355], [9.937634306815246, 53.57183651342488], [9.936198005534399, 53.57166313038153], [9.93575607785239, 53.571618281717434], [9.93542610760046, 53.571616916302304], [9.935327313652058, 53.57170728131972], [9.935142456483582, 53.57181414854512], [9.935083778459175, 53.5717357564708], [9.93507516979378, 53.57172537969269], [9.935065224775764, 53.57171543519591], [9.935054004262545, 53.571705983833795], [9.935041576916536, 53.57169708344198], [9.935027678815556, 53.57168862329802], [9.935012684998078, 53.57168085426117], [9.934996692168092, 53.57167382643821], [9.934979803472617, 53.5716675851555], [9.934962127836453, 53.57166217066644], [9.934943779259674, 53.57165761789205], [9.934924876082386, 53.57165395619563], [9.93490554022152, 53.57165120919347], [9.934885896384523, 53.571649394602446], [9.9348660712651, 53.57164852412585], [9.934846192726098, 53.571648603377874], [9.934826388974889, 53.57164963184735], [9.934059188015471, 53.57170819198001], [9.933760497956914, 53.572273930993504], [9.933652891856903, 53.572463574018826], [9.933540047542797, 53.572630048443735], [9.933511232975999, 53.57267255714939], [9.933333557680786, 53.5728748367238], [9.933100889025742, 53.573076897787416], [9.93299448136712, 53.57316891125168], [9.932890059402174, 53.57325921921783], [9.932856400124662, 53.573289567585626], [9.93271443494145, 53.57322966681415], [9.932529220358656, 53.573401189949905], [9.932525770692138, 53.573558073332755], [9.932525284201176, 53.57358057636821], [9.932438703567447, 53.573665045878855], [9.932440941329723, 53.57366104634923], [9.93237255839264, 53.5736535162916], [9.932355051872957, 53.57365132460805], [9.932304727916792, 53.57364501108707], [9.932302712928383, 53.57364472116775], [9.93223700924621, 53.573635408325835], [9.93217020306766, 53.573624719746746], [9.93210393703163, 53.57361318196422], [9.93203780965419, 53.57360039360626], [9.931972049729696, 53.573587143914764], [9.931941543147246, 53.573580280337694], [9.931907272673643, 53.57357257414973], [9.931832240198371, 53.573554524626076], [9.931757720468685, 53.57353575194905], [9.931733383924536, 53.573529262740166], [9.931687019646308, 53.5735168865608], [9.931610538412752, 53.57349544138505], [9.931597222176789, 53.57349150007665], [9.931542953961445, 53.573475437017976], [9.931396793501142, 53.57343074063764], [9.93123237845043, 53.573377278173545], [9.93106862295913, 53.57332288449333], [9.931012120395627, 53.57330408797859], [9.930915582212105, 53.57327155332848], [9.930814480144791, 53.573237499031045], [9.930743046671658, 53.573213425220274], [9.930569097617003, 53.57339696570368], [9.930689808420537, 53.57343747450365], [9.930545598776185, 53.57354347895038], [9.930081991958502, 53.573884267265406], [9.929724227609157, 53.57414778054068], [9.9292780705879, 53.5744763669295], [9.929130439980176, 53.574585092873164], [9.92887745094756, 53.57477093458525], [9.928168634883898, 53.57529156339205], [9.92800297770433, 53.575409803198184], [9.927182322666964, 53.57599559116519], [9.926183467235711, 53.57670768087445], [9.925697612165477, 53.57708824708985], [9.925669828600455, 53.57710999947763], [9.925341275704227, 53.57735529548195], [9.924950924879443, 53.57764673198002], [9.924664810847016, 53.57786181885066], [9.924278625182728, 53.578152133248025], [9.923813867549493, 53.57842810459108], [9.923598806115885, 53.578555825393785], [9.923503455642233, 53.57861410839695], [9.923383913317327, 53.57868718500399], [9.923011571046237, 53.57891481666315], [9.922778244093566, 53.57900510330306], [9.92224074266976, 53.579272865328576], [9.921734464047312, 53.579525058286144], [9.921135461679297, 53.579865892383516], [9.920673576029028, 53.580153487790994], [9.919692382186138, 53.58082863059697], [9.91910488394425, 53.580767634438665], [9.918741385571934, 53.581225282226534], [9.918681345861907, 53.581298553279545], [9.918542768804201, 53.58146770054359], [9.918481076637395, 53.58154978429953], [9.91841184542543, 53.58165898244943], [9.918357246567291, 53.581761713093414], [9.918311277331211, 53.58186605839347], [9.91828001452477, 53.58196316260771], [9.91825811970868, 53.582070154597446], [9.91825258822656, 53.582150863327946], [9.918249909787104, 53.58221197236319], [9.918249466711025, 53.58227864633982], [9.918254318065827, 53.58234148636959], [9.918260967964198, 53.582391827030364], [9.91827044202556, 53.5824428381583], [9.918282883200078, 53.58249484225546], [9.918172886695805, 53.582503974230384], [9.918200342983575, 53.58262011566197], [9.918237577096281, 53.58277200275298], [9.918129278722668, 53.582986382865975], [9.917982082071624, 53.583457307491926], [9.917995145765593, 53.58352828237008], [9.918019815196256, 53.58366219825525], [9.918004820730948, 53.58369104178504], [9.917995553124198, 53.5837025377678], [9.918017471658095, 53.583708805627715], [9.917993162215417, 53.58378111896577], [9.917941125694838, 53.58393255845309], [9.917922793239804, 53.583930056374825], [9.917918099833356, 53.58394351278843], [9.917936507227125, 53.583945987325826], [9.91789303872298, 53.584072479817685], [9.917880946233055, 53.58410768317279], [9.9178372773228, 53.584161493061686], [9.917747935868835, 53.584277748498145], [9.917537995125699, 53.584508089860336], [9.916905494180163, 53.584969897697405], [9.916777657718205, 53.58509803405618], [9.916617175374025, 53.58539162703862], [9.916369546251445, 53.586423604681706], [9.916364551571455, 53.58646646595869], [9.916285276767898, 53.58714558065534], [9.916319835637134, 53.5884121005234], [9.916255663912622, 53.58859672011292], [9.916251069768624, 53.58860992399851], [9.916151901875084, 53.5886545670734], [9.916122292171805, 53.58866789957602], [9.915407088200752, 53.58875076787703], [9.915401299094952, 53.58880586004166], [9.915400998530801, 53.58880872979246], [9.915366785946178, 53.58913409218784], [9.915285144260606, 53.58921244356055], [9.915360270629476, 53.58934014007478], [9.915370089056001, 53.589356838198995], [9.91516221527358, 53.589358751960525], [9.91516197814006, 53.58935057389862], [9.914961783987877, 53.58934991168709], [9.914722626695031, 53.58947167885515], [9.915341244052348, 53.589711786819464], [9.914946121840224, 53.59006909640809], [9.914509144773534, 53.59046427108102], [9.914163435570718, 53.59055452745176], [9.913390393001716, 53.59047353583787], [9.913122446115503, 53.59044545930428], [9.91285477225705, 53.590417416044126], [9.912433281719089, 53.59037325967475], [9.912284552740866, 53.59035768346182], [9.911834701565327, 53.5903105501748], [9.911386623386978, 53.59026361742712], [9.910742436859177, 53.59019609024254], [9.910206897753465, 53.59013992203912], [9.909801250459267, 53.590097370740565], [9.90881942734481, 53.58999441314069], [9.908641681829868, 53.589978998871814], [9.908520501204046, 53.58996851220909], [9.908513477909581, 53.58996790036198], [9.908208207350304, 53.5899533008885], [9.90784730143643, 53.589948219522384], [9.907806935338787, 53.58994764488778], [9.907750042611621, 53.589921064984985], [9.907695149018721, 53.589895413720356], [9.907685408570527, 53.58987587390391], [9.907379493984267, 53.58921762928351], [9.90736435454888, 53.58910754955175], [9.907344142173375, 53.588555426696544], [9.907343342269648, 53.58837632952893], [9.907336913256085, 53.588375236696706], [9.907330663599714, 53.58822665312204], [9.907330285584504, 53.588217469363265], [9.907328991136657, 53.588205703759456], [9.907327000372918, 53.587698773515775], [9.907335990085718, 53.58741670647284], [9.907339863145376, 53.58739792631537], [9.907405328958118, 53.58707875635068], [9.907453968741272, 53.58696146020133], [9.907486992685977, 53.58688653113406], [9.907523636608724, 53.5868122002782], [9.907563869972517, 53.586738529538415], [9.907616871355895, 53.58665111386959], [9.90767493065129, 53.58656484327342], [9.90773797812051, 53.586479821328574], [9.907902529621628, 53.586268008409405], [9.907859032083971, 53.58626424853869], [9.90779449509751, 53.58628465757096], [9.90773679471027, 53.58635621532207], [9.907612782389622, 53.58634209977159], [9.907448370099653, 53.586321432005064], [9.90731731286955, 53.58630495157433], [9.906152253744272, 53.5861584713404], [9.905988645692334, 53.586137903347435], [9.905893716364622, 53.586125965817004], [9.905749300474856, 53.58610781400964], [9.905739847873653, 53.586115076666715], [9.9056751072996, 53.58616486172879], [9.90558415581473, 53.5862372364276], [9.905495179042338, 53.58630942532174], [9.905405969852435, 53.58638347660304], [9.905319798384042, 53.58645689358695], [9.905233570562247, 53.586531928930064], [9.905149692714213, 53.586605957654974], [9.905066103676864, 53.58668220438555], [9.904985088958519, 53.58675804506237], [9.90492492856664, 53.58681653224481], [9.904905837662984, 53.58683512179819], [9.904829907101801, 53.58691349473009], [9.904757549457928, 53.58699294622451], [9.904688857161037, 53.58707426660962], [9.90462315749771, 53.5871563733247], [9.904549026484096, 53.58725880945686], [9.904480898221943, 53.58736271083287], [9.904418854387899, 53.58746795295687], [9.903876593804712, 53.58751530518411], [9.90377860996548, 53.58752388366577], [9.9032527415723, 53.58756992270535], [9.90275752806981, 53.587613283162746], [9.90238342909244, 53.58765453265035], [9.90221448130551, 53.587691276823115], [9.90222148269472, 53.58770577700384], [9.902259477400998, 53.58778449364417], [9.90231228489318, 53.58790611029152], [9.902291667558876, 53.58806588108584], [9.902255418442602, 53.58820459198222], [9.902195888005322, 53.58838513282478], [9.902096650299136, 53.58864919193595], [9.9020569463603, 53.588764063364714], [9.902011425335926, 53.58890658343765], [9.90199202392961, 53.58900576003036], [9.901985349882983, 53.5891102160128], [9.90198976527912, 53.58920475457546], [9.902008691846762, 53.589315965950696], [9.902049657799946, 53.58952988871995], [9.902069625754331, 53.58965522272428], [9.902069664078102, 53.5897180276302], [9.902047473740897, 53.589855805448984], [9.902021784331373, 53.589915837989025], [9.901987139646346, 53.589975344768256], [9.901942836145839, 53.590032506342894], [9.901847793944736, 53.59013695423985], [9.901636833146924, 53.590339678956305], [9.901490939475869, 53.590500411483944], [9.901291451244608, 53.59073265844001], [9.901193180517431, 53.59086232589359], [9.9009568110746, 53.59117847342239], [9.900913344383609, 53.591235322673086], [9.900858664609325, 53.59128921809649], [9.900796287256103, 53.59133993545573], [9.900728699857845, 53.59138793242241], [9.900651339015484, 53.591431050055895], [9.90044161189279, 53.59153318693575], [9.900351364219329, 53.59157921486538], [9.900261259510206, 53.59162842370672], [9.900189441183601, 53.5916899534641], [9.900137762864437, 53.59175860365317], [9.900111846709141, 53.59183302862136], [9.900106620937928, 53.591904205768806], [9.900112265135387, 53.59199773733672], [9.900206332679174, 53.59250383052063], [9.900216210740034, 53.592556988224125], [9.900225258429048, 53.59260590943261], [9.900293439043773, 53.59275272383812], [9.900300025874447, 53.592766903640204], [9.90030162466162, 53.592768905114774], [9.900287292377715, 53.59277133207952], [9.900296697185226, 53.59278018725232], [9.900351831162967, 53.592832105532366], [9.900438155656886, 53.5929133983691], [9.900505533556423, 53.5930209823252], [9.900609823704611, 53.593145618934756], [9.900637206196338, 53.593189880709524], [9.900680580957957, 53.59327849896814], [9.900684552995937, 53.593333121325294], [9.900696559827153, 53.593539612873336], [9.9006853995891, 53.59375371258879], [9.900685617727099, 53.593759706514575], [9.900691826794711, 53.59392589970071], [9.900769058705805, 53.59437446452299], [9.900769779141982, 53.594477237683186], [9.9006654042851, 53.59487522294243], [9.900535523067854, 53.59534929294407], [9.900523720087934, 53.595388986667224], [9.900339252140077, 53.59600848438466], [9.900199644991739, 53.596477440521355], [9.900094861542591, 53.59686520786591], [9.90008120198558, 53.59691925271748], [9.900077906077856, 53.597040015770936], [9.900080676219563, 53.59708360884352], [9.900083316246814, 53.597096200344275], [9.900088290160642, 53.59711977664388], [9.900158162847735, 53.597170999851826], [9.900200635786492, 53.59720212333617], [9.90088191069617, 53.59730198591094], [9.900519572723113, 53.59745485410918], [9.900507291852577, 53.59746002523213], [9.900433309558872, 53.59749129687741], [9.899989749911006, 53.59767840191092], [9.899250547068927, 53.59799030837598], [9.8985129075154, 53.59830162319608], [9.897610179034022, 53.59868263097696], [9.897455089071457, 53.598748055524204], [9.897407067468608, 53.598765970895684], [9.89743906708291, 53.59888118366408], [9.897712763102023, 53.599152032077825], [9.897747406529646, 53.59918591181532], [9.897486242109684, 53.599280294214985], [9.897395453609839, 53.59931741589829], [9.89725892609962, 53.5993732446993], [9.897078696534114, 53.599446938215266], [9.897030051261627, 53.59946684464064], [9.896814699217115, 53.59956824398796], [9.896598777700433, 53.59966991687477], [9.89638535402803, 53.59977042008324], [9.896170059137196, 53.599871808837754], [9.895957950110496, 53.59997169018656], [9.895728452348076, 53.60005756186595], [9.895267294994225, 53.60023011108325], [9.89503903196305, 53.60031661938611], [9.894809478651077, 53.600403613306206], [9.894579789356944, 53.60049065274222], [9.894346576099021, 53.60057903044157], [9.894193388866622, 53.60063708360598], [9.894040336249802, 53.600695090622295], [9.89373746800355, 53.60080987538069], [9.893430584067362, 53.60092493204535], [9.893199910127919, 53.60101140986033], [9.89296902560286, 53.601097978686056], [9.89273878492164, 53.601184308548625], [9.892508393148061, 53.60127068403487], [9.892277296142861, 53.601357342985715], [9.892047922373475, 53.60144335043214], [9.891818952416843, 53.60152920161473], [9.89158957677915, 53.60161520818772], [9.89136000529125, 53.601701287686154], [9.891134061666538, 53.601786018364145], [9.890891294228947, 53.60187707616209], [9.890870857422795, 53.60188474297863], [9.890482435436521, 53.602030394758756], [9.890430990407085, 53.602049681098904], [9.890302596091667, 53.60214026411305], [9.890300243056656, 53.6021390411599], [9.890255107799387, 53.602115592490264], [9.890224581067653, 53.602112736420096], [9.890192264301989, 53.602121057794264], [9.88930956835952, 53.60249690929652], [9.888056662309431, 53.60298761089814], [9.887859987127191, 53.60306697650964], [9.887675135169296, 53.60314157090893], [9.887131920257625, 53.60336079186185], [9.886515627574063, 53.6036138823078], [9.88628975664805, 53.603706639221876], [9.886051794238577, 53.60380444706937], [9.885392376094169, 53.60407946012196], [9.88468295368654, 53.60437683484806], [9.8837334944598, 53.60478150704298], [9.882798592722194, 53.60519661711044], [9.882231397384254, 53.60545334104379], [9.881701758081787, 53.605700886618756], [9.881229682165191, 53.605924527135386], [9.880764149747296, 53.606151272682844], [9.880323595466171, 53.60637437195536], [9.879848355071404, 53.606615171912686], [9.879224824007837, 53.60693161282789], [9.87899511124306, 53.607135018456255], [9.878547478515513, 53.607385030666045], [9.878210801568745, 53.607576338977644], [9.877647200653945, 53.60790066436271], [9.877605647103861, 53.6079259939713], [9.877388117226168, 53.60805860104221], [9.876770008850832, 53.60843587945837], [9.876369892643016, 53.60868989482544], [9.875409897210721, 53.60929590876397], [9.86930941938013, 53.61318750695136], [9.869201485912969, 53.613256560870354], [9.869248361674536, 53.61342802346419], [9.869260455578802, 53.613472214481845], [9.869298652773056, 53.61361192870222], [9.869425687552294, 53.613695590580924], [9.86944683832073, 53.61370970216295], [9.869562017881085, 53.61378652864138], [9.869607517878622, 53.61381738021121], [9.870229853619726, 53.61423935752231], [9.870306617827973, 53.61428940630281], [9.87051987573187, 53.614430040256096], [9.870597689683946, 53.614481114927756], [9.870850947311329, 53.614648855196265], [9.871041244099056, 53.61477469792362], [9.871207761093867, 53.61488502798814], [9.871263515429467, 53.61492188071773], [9.87135834543419, 53.614984336692515], [9.871508253585048, 53.61508307484851], [9.871658959144055, 53.61518232836056], [9.87180767326078, 53.615280274835534], [9.87195863317539, 53.615380065447134], [9.872108415987489, 53.615478453204005], [9.872257936320038, 53.61557727414972], [9.872441036804997, 53.61569828618558], [9.872490140056692, 53.615731393553666], [9.872714072574901, 53.615882399773454], [9.8729389416934, 53.616034027960794], [9.872998900022717, 53.616074462721635], [9.873288743212134, 53.616269904142335], [9.873573821065326, 53.61646212569869], [9.873610339429083, 53.61648674914568], [9.873707829621797, 53.61655396589225], [9.873760034487713, 53.61658490177495], [9.874103216838337, 53.616788248481434], [9.874333267131638, 53.616924564240406], [9.874392895833223, 53.6169598950728], [9.874564780415707, 53.61705917897351], [9.874797163882887, 53.61719340038179], [9.875029549009968, 53.617327630317476], [9.875261950726813, 53.61746185968253], [9.875494736644502, 53.61759631949675], [9.875695866464389, 53.61771249354336], [9.875896599541896, 53.617828436447994], [9.876000110741387, 53.61788821847444], [9.87604112084973, 53.61790184196612], [9.876179091011373, 53.61798155147672], [9.87637060033306, 53.618092176819566], [9.876554827430596, 53.61819860348641], [9.876728375119349, 53.618298860881424], [9.876901923444139, 53.61839910903239], [9.877064440391548, 53.6184929927987], [9.877274331548394, 53.61861423260782], [9.877497184716578, 53.61874297255832], [9.877775783502289, 53.618903905667125], [9.877927841070111, 53.61899044022175], [9.87808020531384, 53.619077152110215], [9.878301604449218, 53.61919241803121], [9.878339131014464, 53.619215109038805], [9.878576677461515, 53.61935873248381], [9.878702501943566, 53.619434806888684], [9.87881181453847, 53.61949910122564], [9.879040328023807, 53.61963349565561], [9.879152702836183, 53.61969959191947], [9.879234723059822, 53.619752032354874], [9.879242476000075, 53.61975698216494], [9.87944113006349, 53.619827972427785], [9.87964896953369, 53.6199022386897], [9.879856154862123, 53.619976275692046], [9.880063340913097, 53.62005031233192], [9.88027052768661, 53.620124348609366], [9.880434745340612, 53.620183033133756], [9.880477037028076, 53.620199216483016], [9.880680342340918, 53.62027701096094], [9.880807233365728, 53.62032556957616], [9.880883297909852, 53.62035467283701], [9.880897680346514, 53.62035778497682], [9.880955968939915, 53.620370371754326], [9.881254657511937, 53.62043490580923], [9.881460643380773, 53.620479411667105], [9.881666644983474, 53.620523926044456], [9.881819749034914, 53.620557000539364], [9.881973029331258, 53.62042808629718], [9.882194641489557, 53.62053893896604], [9.8823612677049, 53.620622286361666], [9.8827357438989, 53.62080961135971], [9.88311169000604, 53.620997661427914], [9.88351654696168, 53.621200166642204], [9.883663835331316, 53.62127383920249], [9.883749608076618, 53.62131659487868], [9.884124663483252, 53.62150355172197], [9.884945173622516, 53.62191254607186], [9.88507623881642, 53.62201922688308], [9.885148479936902, 53.622033677000445], [9.88524278214112, 53.6220525392132], [9.885443426866248, 53.6220926642451], [9.885514769141892, 53.62211111182065], [9.886098676184922, 53.622227528099806], [9.886887656743578, 53.62238516393752], [9.887889688844073, 53.62258931343686], [9.888213645182043, 53.62265559331819], [9.889024838171284, 53.62282116716517], [9.889106943285276, 53.62283792366806], [9.889202449287565, 53.62286569072384], [9.88908945946286, 53.62295205856684], [9.888993874474675, 53.62301407219939], [9.888744528654449, 53.62317583475477], [9.888633861879846, 53.62324763203274], [9.887590696191763, 53.62393545614533], [9.88725489177052, 53.62414238716706], [9.886766106568018, 53.6244435836747], [9.886611671763927, 53.62454626522159], [9.886463887177024, 53.62464451976711], [9.886370117654605, 53.62470550208106], [9.886124504529858, 53.62486522692123], [9.886077082305386, 53.624896067999416], [9.885971467217757, 53.62496475119835], [9.886070806329796, 53.62508586804101], [9.886163163328936, 53.625198470166026], [9.886193483692535, 53.62523544134232], [9.886339235634601, 53.62541313140814], [9.886348716673384, 53.625424692708854], [9.88641784306097, 53.62551028452483], [9.886530156679223, 53.62564935441025], [9.886677260326639, 53.625831519461684], [9.886824442536952, 53.62601376464828], [9.886928810786682, 53.62614300534394], [9.887098986108752, 53.62634792934295], [9.887260320266053, 53.626542186008166], [9.88735274720804, 53.62665349230424], [9.887459787735018, 53.62678238013817], [9.887560142922574, 53.62690322752887], [9.88766087078415, 53.627024512522425], [9.887707891907171, 53.62708113481885], [9.887833007852352, 53.62723178497817], [9.887990018738193, 53.62731774870994], [9.888028277260895, 53.62733869642278], [9.888202345305531, 53.62743398954715], [9.888451494167029, 53.627570397233136], [9.888776015773546, 53.62774806965602], [9.8892049164544, 53.6279828806801], [9.88923724053552, 53.62800057320406], [9.889360950345937, 53.62806813976442], [9.889516861264978, 53.62815327371691], [9.889594847765597, 53.62819586735305], [9.889845283575564, 53.62833264011612], [9.889969484445482, 53.62840045408623], [9.890131379708677, 53.62848887759229], [9.89028547350518, 53.628573026304345], [9.890380640780982, 53.628624992805044], [9.890451792999333, 53.62866395131424], [9.890762792664981, 53.62883422230658], [9.890929545512854, 53.62892552096036], [9.891085192296268, 53.62901073574451], [9.891118543086513, 53.629028995402706], [9.891270442551315, 53.62911216143175], [9.89149335896674, 53.62923420526997], [9.89188069843649, 53.629442224039394], [9.893204399348873, 53.63017085567711], [9.89430160899582, 53.630831609758474], [9.894418351236077, 53.630895726528045], [9.894496725104776, 53.6309690288133], [9.896402168313495, 53.63114413300507], [9.896410680847241, 53.63114477038463], [9.896494061450442, 53.63253270851442], [9.896582971733304, 53.63313190097377], [9.896658334217742, 53.63357491559764], [9.89686931003849, 53.634915497000186], [9.896877669393756, 53.634918859100935], [9.897021213048522, 53.63497661521242], [9.897426005446718, 53.635139496416926], [9.898034939110792, 53.635380252004005], [9.8984929100979, 53.63556132848307], [9.898918732195426, 53.63572968279329], [9.899138798017422, 53.63581668655204], [9.899594829696536, 53.63600142285116], [9.899872780387348, 53.63611402180662], [9.900436649875235, 53.6363424387658], [9.9003854725363, 53.636424334087856], [9.900419490653475, 53.63668085210924], [9.900460880791892, 53.63699303619011], [9.90048454145235, 53.637153074464585], [9.900501809484446, 53.6372927562581], [9.900510418924945, 53.637381680545], [9.900526966991295, 53.63753157901455], [9.900536148716595, 53.6376147012203], [9.900556144392691, 53.63779579182154], [9.900163336506484, 53.638508042699], [9.900032211172807, 53.63876156867942], [9.899939141340292, 53.63893697449276], [9.899834342803215, 53.639144099937404], [9.899735770458351, 53.63934958746986], [9.899671905112536, 53.63958749732389], [9.89959682870544, 53.63983455207723], [9.899593317679287, 53.63984655152721], [9.899522996617172, 53.64008681091792], [9.899655816126074, 53.64012225340171], [9.901028230404432, 53.64048841829243], [9.90387578875302, 53.64124809633427], [9.905689180821147, 53.64173263088846], [9.90573880795846, 53.64174589143079], [9.90574169438243, 53.64318812980816], [9.905742126299764, 53.643268297541276], [9.905730704206471, 53.64396860151217], [9.905724577123532, 53.64434417240767], [9.905553307232042, 53.64503426067679], [9.906079953880393, 53.64515082464486], [9.905562463598368, 53.64573915484157], [9.905007948704213, 53.646369569405906], [9.904970061678732, 53.64638342885703], [9.904517065134282, 53.64642252861792], [9.904719996203026, 53.64664304517864], [9.905140131332951, 53.64710670198944], [9.905179937501952, 53.647147812357446], [9.905245425382299, 53.6472154521814], [9.905137746840733, 53.647226360702845], [9.90533340232665, 53.64790073883263], [9.905450845082198, 53.6483617661586], [9.905630071734006, 53.64904772865184], [9.905656943562883, 53.649127615410315], [9.905691368084577, 53.64912363365065], [9.905772571317694, 53.649132313745795], [9.905767155739799, 53.649224822289305], [9.905790684941437, 53.64943462216204], [9.905834212053998, 53.6497769630745], [9.90588409549004, 53.64984761498338], [9.90600142964838, 53.650056731979284], [9.906022911416088, 53.650098969487736], [9.906043877591042, 53.650206073916465], [9.906056500835607, 53.65028252682232], [9.90608259486148, 53.650316181087454], [9.906154285447718, 53.650381382445026], [9.906266734796683, 53.65056294958394], [9.90631862575575, 53.65065446704303], [9.906373324252902, 53.650759068862875], [9.90640313689208, 53.650838393850826], [9.90679164675485, 53.65087599140589], [9.907036191403929, 53.65089573907869], [9.907089864038037, 53.650899584148014], [9.907095190436104, 53.651175220613204], [9.907140906913149, 53.65184733363516], [9.907135099521215, 53.6518650765357], [9.907122149485959, 53.65193562867967], [9.907114779405791, 53.65199969359338], [9.90706229264323, 53.65204693175036], [9.907045170648349, 53.65209723681087], [9.90698482064762, 53.65216302441381], [9.906952496120514, 53.65220362887796], [9.906835736672525, 53.65235035615053], [9.906813417723791, 53.65238553647134], [9.90680134349775, 53.65240456726776], [9.906787000793628, 53.652427174798326], [9.906900576284663, 53.652465541591276], [9.906884354519436, 53.65248589819491], [9.9069634747567, 53.65250366295231], [9.907042965324324, 53.65253303834985], [9.90709517786619, 53.652547006856395], [9.907474986469698, 53.652648605321524], [9.90754568914796, 53.6526675211361], [9.90780200627281, 53.65274808598522], [9.907913895688308, 53.65276704884951], [9.908021813607386, 53.65275327764131], [9.9080775228608, 53.65274616748964], [9.908191272153122, 53.65275662159608], [9.9084283529643, 53.652789699496005], [9.908818491043833, 53.65285494562946], [9.908835560153909, 53.65285854640767], [9.909110062931171, 53.65291637264116], [9.909174839735787, 53.6529488426221], [9.90928144204046, 53.65295197916865], [9.909399289413127, 53.65292291331266], [9.909478305825276, 53.652903427711884], [9.909512215059914, 53.65289506225656], [9.909539941095806, 53.65288061341675], [9.909576345671736, 53.65286164919705], [9.909651398792457, 53.652822535134554], [9.909677900158973, 53.652822189968724], [9.909639371085913, 53.65271996569284], [9.909634011281451, 53.652705741223954], [9.90964805991309, 53.652696951332864], [9.909657167818922, 53.652692702354614], [9.90967317098304, 53.65268544368059], [9.909719643801598, 53.65266327482628], [9.909745998598497, 53.652656126254364], [9.909959722536204, 53.652642313355514], [9.910015204322837, 53.65263660627846], [9.910108564961405, 53.65261296628404], [9.91013048233544, 53.65258666031707], [9.910134656629479, 53.65258377015501], [9.910160792949714, 53.652580533270275], [9.910215413529414, 53.65256435173194], [9.910299308541063, 53.65256769594693], [9.910329920197944, 53.652569926131626], [9.910344393828835, 53.652575254296416], [9.910348478123842, 53.65257731762766], [9.910359960796992, 53.652589895508896], [9.910390456294678, 53.65260288612829], [9.910439783957507, 53.652597369468026], [9.910476216501426, 53.65260922727787], [9.91050639869955, 53.65265472367055], [9.91063779032583, 53.65267218736814], [9.910751728039733, 53.652602907150396], [9.910809657639529, 53.65256967542412], [9.910871775640581, 53.6525686096087], [9.91100369330209, 53.65261398804762], [9.911099855923446, 53.65261857768825], [9.911178586910792, 53.65261679203595], [9.9112884672379, 53.652644270424695], [9.911401170956843, 53.65264620807938], [9.911417805597432, 53.652646494938026], [9.911497253157368, 53.65267442052308], [9.911607686345816, 53.652683323594665], [9.911618523460215, 53.652684193893165], [9.911732067179573, 53.65266825514927], [9.911755448895006, 53.652680409703436], [9.911838248933602, 53.65272344663697], [9.911858825622284, 53.65273111915519], [9.91201788641357, 53.65279039315259], [9.912225672972605, 53.65282045072002], [9.912335701384134, 53.652893976536106], [9.912424784145033, 53.652875463968215], [9.912561230783695, 53.65286629822907], [9.91274431627293, 53.65283150934471], [9.912784504018795, 53.65283715354758], [9.912955256347528, 53.6528835371507], [9.913059091697338, 53.65288885772786], [9.91317425370487, 53.65291139522891], [9.913395013000539, 53.65299485304418], [9.91350111082178, 53.65298723011447], [9.913563475670509, 53.65299615654384], [9.913606972087413, 53.65301135726481], [9.913776379690708, 53.65303326452644], [9.91390191075409, 53.65306507052476], [9.913907418378807, 53.65305667790908], [9.91404008917994, 53.653089085446275], [9.914245796738946, 53.65314390149819], [9.914545162532262, 53.65329442448753], [9.91459760820176, 53.653325295846294], [9.914615529701557, 53.65333608930395], [9.914613524190395, 53.65335667994055], [9.914597813458824, 53.65337812133677], [9.914547305370156, 53.653407415057984], [9.914486397580458, 53.65348333208861], [9.914515610471273, 53.653591477687854], [9.914525137971735, 53.65369681633035], [9.914509284624454, 53.65372635769242], [9.914534027589902, 53.653830007079975], [9.914525230922163, 53.653879386710955], [9.914556540139902, 53.65396063084534], [9.914568634289298, 53.654149590458424], [9.914603611731673, 53.654203858200724], [9.914643252764227, 53.65431209488795], [9.914642379330147, 53.65441015115335], [9.91473826121904, 53.65457560320378], [9.914738367236556, 53.65463222270628], [9.914720933956964, 53.654726486373015], [9.914734533337668, 53.65482417139085], [9.914762692276337, 53.65486329115178], [9.915039008001722, 53.65484733707319], [9.915176530390239, 53.65482958486124], [9.915330969522138, 53.65477760873295], [9.915486063369736, 53.65474050382585], [9.91560217014442, 53.654697413700546], [9.915703409401598, 53.65465672930533], [9.916012972393457, 53.65458170511759], [9.916217427179655, 53.654532931707855], [9.916356992129993, 53.6545075669852], [9.916449823805019, 53.65447695081051], [9.916581786746006, 53.654436668703866], [9.916656322831729, 53.65440039465962], [9.9167172744781, 53.65437822909494], [9.916801284865159, 53.654371356629724], [9.91690220514055, 53.65433628265303], [9.917152728486984, 53.65430198632718], [9.91733143294512, 53.654184464301416], [9.917395104827369, 53.654161477546], [9.917548974032718, 53.65414341756934], [9.917646757839421, 53.65418971546158], [9.917736243804296, 53.6542963376622], [9.917819304214943, 53.65435023592023], [9.917963847904035, 53.65439044026394], [9.918062471013629, 53.65444467746576], [9.91825605589049, 53.654528766178096], [9.918358777661116, 53.65454250421283], [9.918446897305664, 53.654558304735396], [9.918539705416043, 53.65458304901774], [9.91865764564651, 53.65456459807644], [9.918820509960378, 53.654564220297125], [9.918876226044889, 53.65457896578791], [9.918943517305262, 53.65460831008331], [9.919124780966007, 53.65467330091328], [9.919202939025714, 53.654718049314916], [9.919392876295394, 53.65474838432264], [9.919469035600907, 53.65477775011696], [9.919569661327055, 53.654791772875235], [9.919618229639255, 53.65483959770011], [9.919672850008281, 53.65487279621656], [9.919856106442102, 53.654927047021815], [9.919923473599532, 53.65495634524213], [9.920093910641596, 53.655011116649256], [9.920422914701557, 53.655179320886496], [9.920543259332284, 53.65523299356899], [9.920505331375619, 53.65530414372432], [9.920671082585482, 53.655420847085935], [9.92072895549072, 53.65550671234839], [9.920938541361089, 53.65551011624273], [9.92103489135473, 53.65552988752727], [9.921073553145298, 53.65549798556768], [9.921221914313039, 53.65539370690911], [9.921507184997466, 53.655204113605464], [9.921249795968215, 53.654954138701775], [9.921235836795057, 53.65494058315572], [9.92102622776457, 53.65476938637043], [9.921144396440436, 53.654719794077906], [9.92196283977538, 53.65439141766435], [9.921976056216902, 53.65437925294735], [9.921972628686275, 53.654360861322345], [9.92167628130294, 53.654117901913814], [9.923004693323826, 53.65368888122164], [9.924272956771707, 53.65332524499617], [9.925170794668585, 53.653067793220444], [9.925190206639385, 53.653062231971056], [9.925337936167855, 53.65305916674069], [9.92631290469358, 53.65311125040727], [9.926539949663713, 53.65312337232738], [9.92676575267325, 53.6531354315203], [9.927284436702156, 53.653163137025885], [9.927784700663544, 53.65318985043544], [9.929920415964247, 53.65330376327225], [9.930006174353915, 53.653296067945924], [9.930087375825574, 53.653269010144854], [9.9303285525369, 53.653050794173794], [9.930476780250062, 53.65299478373318], [9.930503003003754, 53.652979038321476], [9.930605131747512, 53.652917741012395], [9.930759028092197, 53.6527488678224], [9.93082567595053, 53.65269998999373], [9.930980818203176, 53.652664662308496], [9.931029563810416, 53.65266168550979], [9.931107623211435, 53.65265691668065], [9.931328655626896, 53.652643422257775], [9.931527246507672, 53.65265176502009], [9.931677635190798, 53.65266439267099], [9.931959874321217, 53.652736137926496], [9.93248477367721, 53.65281174571254], [9.933290935615446, 53.65265772463748], [9.933595274898448, 53.65254281223458], [9.934294199448297, 53.65230399322807], [9.935253883537492, 53.652031483943], [9.93562760517448, 53.65237463277233], [9.936590817490503, 53.65325420628615], [9.936650193117556, 53.65321950348349], [9.937459629033848, 53.65232197422485], [9.939461945878678, 53.65247163774685], [9.93961506142425, 53.652487056520236], [9.940575308273022, 53.652553180094685], [9.940770756647153, 53.65256234120772], [9.941249911481272, 53.65259498896275], [9.945302222632835, 53.652870992921535], [9.945514224518988, 53.652745498154005], [9.945780300138868, 53.652589508323096], [9.945895568143394, 53.65251328054224], [9.946286009334118, 53.65225508405265], [9.946763516035187, 53.65194196835342], [9.947060879476442, 53.65176270787335], [9.947237018609362, 53.65166383086799], [9.94762987900858, 53.65146429868633], [9.94788646423206, 53.65135066255099], [9.948257186687872, 53.65121533082456], [9.949710360027321, 53.65076587795386], [9.949817613042145, 53.650761710277116], [9.949946316792062, 53.650756716128086], [9.950261758846304, 53.65083067174719], [9.950265697850226, 53.65083695961757], [9.951568492867878, 53.650548112044184], [9.951598466680377, 53.65054146479193], [9.951671603081937, 53.65054611496691], [9.952218040689058, 53.65094803761606], [9.95293065724471, 53.65157716680823], [9.953007744825896, 53.65154626993121], [9.954335040653696, 53.65101430156429], [9.954783865211336, 53.650831845809364], [9.955394463964236, 53.65076625551262], [9.957083335632118, 53.6505816467614], [9.95804186116048, 53.65047638003147], [9.95940994169966, 53.649840477394335], [9.959476355704428, 53.64980960791221], [9.959989294760886, 53.649738385634954], [9.960954519562506, 53.64960152695172], [9.963018679829013, 53.65007675601228], [9.963148430890191, 53.65004949189846], [9.963195954080515, 53.65004488483906], [9.963360928122773, 53.65005086542618], [9.963653943001892, 53.64991279413173], [9.963931071333253, 53.64950680331932], [9.964215457231186, 53.64950071107311], [9.964319224716911, 53.649438140094084], [9.964371258612037, 53.64939056561251], [9.964467096478481, 53.64937765870292], [9.964499915465137, 53.64933603674246], [9.964516960508538, 53.64903680529976], [9.964918344532819, 53.648805695345125], [9.965285894795674, 53.648663981014906], [9.965491557036732, 53.64862341903891], [9.965681928070529, 53.64871085507937], [9.966423536717821, 53.64911469860975], [9.967487134517667, 53.64969188332707], [9.96896108847758, 53.65034794110444], [9.969916567255487, 53.649910997009265], [9.971213256590898, 53.64930420240772], [9.972623405177625, 53.6486552041673], [9.973593243293287, 53.64814215803402], [9.973647903769942, 53.64811323690065], [9.975920671767035, 53.64986584688715], [9.97597866762504, 53.64984374700235], [9.976272107332857, 53.649723933471385], [9.976584314057106, 53.64934192367351], [9.977405630615284, 53.64833711026772], [9.977443942621848, 53.64829023532134], [9.97750323111072, 53.64827836241164], [9.977526810957967, 53.6481760477267], [9.977527689426179, 53.64817478211713], [9.977544548155125, 53.64815079708552], [9.977601044499893, 53.648108483759515], [9.977775859058893, 53.64798354058982], [9.977860392566786, 53.64791915528467], [9.977913510078674, 53.647875341302225], [9.978014865653991, 53.64778476883082], [9.978085446374775, 53.64771501415055], [9.978282203125197, 53.647500892484295], [9.978450722103311, 53.64724993129378], [9.978454080848334, 53.647245364480774], [9.978560181256075, 53.647087363431325], [9.978611129810947, 53.64701136883637], [9.978649617883532, 53.64695391218261], [9.978739830845536, 53.64681938484361], [9.978757130751069, 53.64679359825694], [9.979014689604815, 53.64687178966653], [9.979024529388798, 53.646860302365795], [9.97914106365041, 53.646725083063366], [9.978860465290147, 53.64663972743236], [9.978870365222106, 53.64662495872578], [9.978874951753948, 53.64661853914948], [9.978897546079628, 53.64658489795118], [9.97890206460744, 53.64657815533159], [9.978989426678575, 53.64660473110031], [9.979072150126717, 53.646508772927575], [9.978984864247485, 53.646482214574], [9.97901994085013, 53.646442107182295], [9.979513235746017, 53.64588214844051], [9.980348866542073, 53.64493354770132], [9.980957109780125, 53.644230743505574], [9.981197956425659, 53.64395247069179], [9.981265243288412, 53.6438736083791], [9.98132796521641, 53.64380012281953], [9.981360420606334, 53.6437802251402], [9.981396530493793, 53.643763964942785], [9.981425950479423, 53.64374364268603], [9.981444599548869, 53.64372005588291], [9.98144810119126, 53.64369235052157], [9.981444162713197, 53.643665407284175], [9.98186999578354, 53.6431729133334], [9.983542626073215, 53.64123858094036], [9.984583991146522, 53.640033514684745], [9.984642761216213, 53.639965543002006], [9.984978948713053, 53.63957644541771], [9.98531009395525, 53.639193222109526], [9.98541262020708, 53.63907461521115], [9.983377520135488, 53.63899382089263], [9.983287817997534, 53.63898638685489], [9.983199679156492, 53.638973978063305], [9.983113218203398, 53.6389576183097], [9.98307120484721, 53.63894746435003], [9.983030479899867, 53.638935475058425], [9.98291198845416, 53.63889593524937], [9.982873815287192, 53.63888114739705], [9.982837417107474, 53.638865284275184], [9.982767190776412, 53.6388308941769], [9.98273424685169, 53.6388126655642], [9.982703037435007, 53.63879292156549], [9.982674278019287, 53.63877251024991], [9.982647411440984, 53.63875088787261], [9.982594404760677, 53.63870700791731], [9.982521807374713, 53.63863891095879], [9.982498216077035, 53.63861567962816], [9.98247776811716, 53.63859167642045], [9.98246051771644, 53.63856663122664], [9.982446916585372, 53.63854110663874], [9.982434842739313, 53.63851491332891], [9.98242589512468, 53.63848851458488], [9.982419347430339, 53.638461898390126], [9.982415274429801, 53.63843502817601], [9.98241523813607, 53.63840807988992], [9.982416685322454, 53.63838118235138], [9.982452692783134, 53.63816610716683], [9.983219920081801, 53.63820077035292], [9.983989682224177, 53.63822471105211], [9.984145861439478, 53.63781312188203], [9.98414737091656, 53.637766205620856], [9.98397008200073, 53.637730233403765], [9.982520592720507, 53.63766111334999], [9.982493640312585, 53.63763381068522], [9.98240494013728, 53.63723778854522], [9.98209107732462, 53.636019389556196], [9.981993198925569, 53.63563943351021], [9.981934778620076, 53.635426715007355], [9.98137709215111, 53.63339605784166], [9.981261107710694, 53.63297370524134], [9.9812596533188, 53.6329677305822], [9.980860030695398, 53.63131889792137], [9.980835746119599, 53.63121861041126], [9.979214659898835, 53.62831688393886], [9.978994559555217, 53.62806989947129], [9.978795661020335, 53.62786401810233], [9.978217407027733, 53.627460686673956], [9.978060115359629, 53.627350968520766], [9.977904770104198, 53.627252802931416], [9.977457193553182, 53.62698477025487], [9.97698750822388, 53.62673148732688], [9.976552749842497, 53.62653676772439], [9.976097948454642, 53.626359243903316], [9.975786758875927, 53.62624868329281], [9.973910516935165, 53.62563563355261], [9.973525896209823, 53.625509961005264], [9.97205196084274, 53.624597534198024], [9.971358236986791, 53.624030287674145], [9.969921704832958, 53.62326966778433], [9.968269630068663, 53.62260280264818], [9.967951110186597, 53.62242350726154], [9.96738984225379, 53.62177858145665], [9.967249959556487, 53.62170863701187], [9.967205061220142, 53.62170760656824], [9.966605691507171, 53.62177240429293], [9.96656267995455, 53.62176528189723], [9.966479446978836, 53.6217229333129], [9.965859993600652, 53.62141672123579], [9.965721998231796, 53.621348485646585], [9.960681263530372, 53.6188562231406], [9.96051645477692, 53.618798201409284], [9.96021519454879, 53.61861726386896], [9.960007818282165, 53.61848880461877], [9.957951418019226, 53.61720945579738], [9.957305272919692, 53.61694661380991], [9.956768951536082, 53.61610480748312], [9.956389642824478, 53.615890326583695], [9.9563322033118, 53.61580433964546], [9.95665370851772, 53.61486567850778], [9.956724965627416, 53.61451845318494], [9.95738244219521, 53.61451555956735], [9.959473425540052, 53.61438317260853], [9.960185023723499, 53.614533071961446], [9.96095677762469, 53.6150763854399], [9.963076220991328, 53.61590477035199], [9.963634706688365, 53.61612256972852], [9.964382534446596, 53.61589013443755], [9.964469470889535, 53.615869397683376], [9.964589809983583, 53.61584769951391], [9.965487578134331, 53.61582998842407], [9.965883737947065, 53.61587800150666], [9.966394304602742, 53.61613041339564], [9.96753327990726, 53.616693245092485], [9.967704602015598, 53.616929570746876], [9.967915185633496, 53.61704224230424], [9.967924773826976, 53.61704305465958], [9.968018387286723, 53.61705114258534], [9.967987597456919, 53.61694630269012], [9.96731305517705, 53.61464965158234], [9.967259024692478, 53.61446569943895], [9.967198732215012, 53.61426040434634], [9.967362992641931, 53.61266013501959], [9.965272659855572, 53.61017599209189], [9.965306305491888, 53.60996784382173], [9.965325116903479, 53.60985155572608], [9.965338523034237, 53.60976866896926], [9.964658161818946, 53.60856798187959], [9.96495878763047, 53.60762288488293], [9.964936025436431, 53.607622232456094], [9.964866936707814, 53.60762022768381], [9.965349904504981, 53.60609263549084], [9.965359920561108, 53.60608050958266], [9.965586012833908, 53.605951429808066], [9.965693905506845, 53.605889578572516], [9.966024518222612, 53.60570002216892], [9.966058654143056, 53.605680546334185], [9.96609794870325, 53.60565797262094], [9.96661666604887, 53.60535999094787], [9.966647731723482, 53.605346400498114], [9.966614595391183, 53.60531829023524], [9.966439328112823, 53.60516960934117], [9.966389094860629, 53.60512743464382], [9.966341006077604, 53.60507061768418], [9.966323010021283, 53.60504299632327], [9.966286517336673, 53.604986346379484], [9.9662629724203, 53.60493346608898], [9.96624576246528, 53.60485751409427], [9.966203369265207, 53.60450195025327], [9.966182189015877, 53.60432752104472], [9.966402655838966, 53.604261703939464], [9.96639001210983, 53.60415141347114], [9.967910972105456, 53.6036599320656], [9.968110291408488, 53.6035955143118], [9.9681334998949, 53.603588018579046], [9.96846942383641, 53.603481919099714], [9.968486144983602, 53.60347690280226], [9.968812432284722, 53.603379042259604], [9.968973188119861, 53.60333409958405], [9.969124362792215, 53.60329183207636], [9.96931556691665, 53.60323617028106], [9.969507175188317, 53.60318695893042], [9.96972653264504, 53.60313718981418], [9.96980537374838, 53.60311859107078], [9.969806952278388, 53.60311822771089], [9.969963792638746, 53.60308123464463], [9.970107194869795, 53.60305006725151], [9.9703694261009, 53.60299304589757], [9.971207818811466, 53.60285106933523], [9.971661520600419, 53.60278721450714], [9.971780814937352, 53.60275996225325], [9.97178070879811, 53.60275665520081], [9.97177769658547, 53.60266625135004], [9.97177684613897, 53.60264105338653], [9.971778063505532, 53.60200148337611], [9.971780948755002, 53.60198892043115], [9.971783539804928, 53.60197736663194], [9.971792399490841, 53.601938687361084], [9.971798502567301, 53.60188657409411], [9.97183129108563, 53.60188133016393], [9.971864145046272, 53.601876233213076], [9.971897062587047, 53.60187128353045], [9.97189334679829, 53.60171469112822], [9.971890844793961, 53.60160833681259], [9.971832200129775, 53.599116109857064], [9.971828085171792, 53.59894210013119], [9.971823778983529, 53.59876041542969], [9.971819883071834, 53.598749345774586], [9.971823500247252, 53.59874892987452], [9.971823247552594, 53.598737920519724], [9.971833900481423, 53.598729995676315], [9.971908128946392, 53.59867476722365], [9.972588853175685, 53.59858945969985], [9.97301959844145, 53.598535458151616], [9.973152602470751, 53.59851878977775], [9.973407971970445, 53.59848677060897], [9.974118810256183, 53.59839766774845], [9.974591530098365, 53.59833839288894], [9.974501829769515, 53.59817292755138], [9.974496226766233, 53.59810215857517], [9.974482683205034, 53.597928648136595], [9.974468025685338, 53.59774087237906], [9.97445329898946, 53.59755205446456], [9.974439717526055, 53.597378193748085], [9.974426106390792, 53.59720369505471], [9.974397450875342, 53.5968429608175], [9.974382495747669, 53.59665469305255], [9.974367476827982, 53.59646561679804], [9.974356052482072, 53.59632177042419], [9.974344203850983, 53.59617261505555], [9.974344180885117, 53.596172273664], [9.974341290588663, 53.59613597301602], [9.974331652082455, 53.59601194162568], [9.97431737713305, 53.59582825263472], [9.974302656430057, 53.59563963235484], [9.974287972286767, 53.595451281437484], [9.974273230556287, 53.59526239164726], [9.974258634004673, 53.59507520856089], [9.974243956487316, 53.594887127235594], [9.97422928946233, 53.594698839072805], [9.974214598373955, 53.59451015558674], [9.974200835314125, 53.5943335636133], [9.974381927642863, 53.594362534491815], [9.974480611350556, 53.5942378546311], [9.97357649392844, 53.59409605253928], [9.973257323932007, 53.59404638756206], [9.973198867104644, 53.59403728984507], [9.973023254236056, 53.59400996253869], [9.972684746344218, 53.59395639929435], [9.972668398657069, 53.593953808547155], [9.972490212780142, 53.59392560248559], [9.972328668534105, 53.593901593581585], [9.9721792124207, 53.593882861613295], [9.972013518664326, 53.593865007448], [9.97192889854904, 53.593857487964556], [9.971851515589098, 53.59385061077449], [9.971820719728681, 53.59384786759559], [9.971757748714188, 53.59384285085044], [9.971652696343813, 53.59383449035256], [9.971532908563255, 53.59382794831346], [9.97140557423791, 53.59382176405582], [9.971306976284161, 53.59381812396563], [9.971081017063591, 53.593809755613655], [9.970854921554071, 53.593801369963266], [9.970463069774514, 53.593786858611395], [9.97005352522731, 53.59377169839404], [9.970017433459748, 53.59376399985295], [9.969991969242441, 53.5937473071373], [9.96998241094115, 53.59372580225151], [9.969991011558436, 53.5937041771235], [9.97022617263999, 53.593456702469894], [9.970382266265712, 53.593292422756534], [9.970516597646997, 53.59315106129474], [9.970696043494662, 53.59296219583353], [9.970831871136594, 53.5928196263384], [9.970933779529096, 53.59270876615689], [9.970995678331894, 53.59262624002841], [9.971230754174675, 53.59229979640675], [9.971533908905931, 53.59187924291398], [9.97156734711142, 53.59182270079851], [9.971575816315157, 53.591803270990056], [9.971583321954785, 53.591783701477326], [9.97158985754605, 53.591764009170284], [9.971598595822096, 53.59173724113872], [9.971604628255317, 53.591710414178735], [9.971608090392525, 53.59168350921214], [9.971608529058768, 53.59165652991921], [9.971605959365801, 53.59162947617728], [9.971601564533767, 53.591602554111915], [9.97159312089655, 53.59157564694609], [9.971582240208113, 53.591549200025824], [9.971570115415044, 53.59152581943761], [9.971550417454567, 53.59149437436381], [9.971529602079885, 53.591465590089584], [9.971509973110221, 53.59144110186846], [9.971488680601457, 53.59141720244164], [9.971466084417154, 53.59139377203055], [9.97144611982141, 53.59137704395697], [9.971413353644316, 53.59134957918402], [9.971396501493935, 53.591335486551344], [9.971369893460489, 53.59131894723463], [9.971360145339428, 53.59131288694564], [9.971328227932153, 53.59129409855002], [9.97129360268824, 53.591275161338395], [9.971254722777447, 53.59125648337704], [9.971221207524167, 53.59124246305922], [9.971179281881483, 53.591226030058195], [9.971135990315238, 53.591211963224666], [9.97111293324947, 53.5912053187909], [9.971081374331519, 53.59119622645866], [9.97102640816254, 53.591183665596496], [9.97097470483147, 53.59117371198257], [9.970915968327244, 53.591164741276756], [9.970863710948368, 53.59115829778745], [9.97079651681576, 53.591152101313334], [9.97044855545774, 53.591120029095585], [9.970172285264345, 53.591094565713554], [9.969873471212765, 53.59106702821969], [9.969857785802551, 53.59106559129341], [9.969574903142368, 53.59103965877681], [9.969277122388862, 53.59101234513446], [9.968978509342705, 53.590984956592344], [9.9687281338003, 53.590961994822024], [9.968482664089864, 53.59093948720931], [9.96824349259566, 53.59091753937249], [9.967664059790314, 53.59086441027322], [9.967689905890822, 53.59077494134174], [9.96771461946041, 53.59068616472018], [9.967740352133713, 53.59058975725135], [9.967765010757704, 53.59049329553999], [9.96779536404204, 53.59036835582814], [9.968053684478209, 53.589300738207335], [9.968211026685067, 53.58865008784378], [9.968267169582495, 53.58836602421729], [9.968284041698073, 53.58828063679167], [9.968287334165664, 53.588258785056986], [9.968376292648532, 53.5876689045072], [9.96838253830622, 53.587627549880956], [9.968428373453417, 53.58737415712591], [9.96848927163249, 53.58712189001795], [9.968565156070843, 53.586871065470476], [9.968583601079152, 53.58683799872889], [9.968659196048606, 53.58677123726683], [9.96866214598498, 53.586762826722186], [9.968723817062909, 53.58658662999115], [9.96873701911319, 53.58654891345854], [9.96869981151023, 53.586504692601466], [9.968710539383855, 53.58647637154646], [9.968870386358075, 53.58609132225101], [9.968926993521004, 53.585962618906954], [9.968985314350316, 53.58596894220385], [9.969049002133765, 53.58578987945192], [9.96907739249491, 53.585626985989705], [9.969150556220958, 53.58546861082438], [9.969192125515722, 53.58537863656519], [9.969304022033223, 53.585136440440905], [9.969374479107085, 53.5851443821036], [9.969448857685212, 53.58489791444495], [9.969486994157569, 53.58477152679521], [9.969556367954523, 53.584541414500116], [9.96960072685786, 53.58446418111176], [9.969648974666562, 53.584387777739245], [9.96970106758582, 53.58431227370107], [9.969705606039698, 53.58430596264773], [9.969706558255448, 53.58430532570523], [9.970003947366523, 53.583967268527935], [9.970144405759504, 53.5838374172447], [9.970267008810636, 53.58372408841804], [9.970439802877808, 53.58356436501357], [9.970566487353526, 53.583447272359045], [9.970778834676125, 53.583251002198], [9.970812738782412, 53.58321965237081], [9.970977016889945, 53.58306422206013], [9.971007557505478, 53.58303706134625], [9.971204018984764, 53.5828622860122], [9.971346697762552, 53.58273538158789], [9.97151454154689, 53.582586078977776], [9.971650896788454, 53.58246477169621], [9.971787266354209, 53.58234346413758], [9.971866982429097, 53.5822725411585], [9.972005770985069, 53.582147429353064], [9.972355292478072, 53.58191893105435], [9.97248450839632, 53.58180398205687], [9.972622959162694, 53.581680750945395], [9.972761439537264, 53.581557528416425], [9.97294743544264, 53.581392012917426], [9.973075241246153, 53.58129143903861], [9.973124745618737, 53.58124824907], [9.973203600197436, 53.581179462555646], [9.973547521136384, 53.58087942738304], [9.973769936585212, 53.58068532602245], [9.973845886087904, 53.5806190436616], [9.97384945461989, 53.58061592242067], [9.973959462334568, 53.58051994196717], [9.974069469139028, 53.580423943438696], [9.974259155991309, 53.58025844072505], [9.974294427954517, 53.58022767200761], [9.974376403444758, 53.58015617158718], [9.974728717328647, 53.57984874755722], [9.974841370932996, 53.579750425563326], [9.975210452503415, 53.57942827439463], [9.975561582406014, 53.57912177435312], [9.975638353703191, 53.57914586786229], [9.975701545352518, 53.57911088892379], [9.976146089608198, 53.57872116071985], [9.976176647707547, 53.57868979167818], [9.976181943187148, 53.57869346089893], [9.976618246505694, 53.579002743372726], [9.977057617991004, 53.5793104852296], [9.977500042334217, 53.57961667570098], [9.978195742968675, 53.580090762980454], [9.978898889565134, 53.580560947759245], [9.979609420496256, 53.581027188665544], [9.979719021101667, 53.58109789889096], [9.979828791399957, 53.58116851593452], [9.979938731168033, 53.58123903965222], [9.98006672851945, 53.58132142232462], [9.980194955914508, 53.581403678346334], [9.980323413000283, 53.58148580749008], [9.980370439338808, 53.5815158093888], [9.98041749613313, 53.5815457943899], [9.98046458336615, 53.581575762482494], [9.980511699032304, 53.58160569165785], [9.980558844976745, 53.581635603961494], [9.98060602118246, 53.581665499382616], [9.980654281619739, 53.58169601651646], [9.980702574246788, 53.58172651563095], [9.98075089904466, 53.58175699671403], [9.98085453657837, 53.58182232971769], [9.980958320501708, 53.5818875804652], [9.981062250630789, 53.58195274884052], [9.981111464225082, 53.581983543101025], [9.981160710524621, 53.58201431886048], [9.981209989509816, 53.58204507610655], [9.981259321569024, 53.58207583138667], [9.981308688002342, 53.582106567148585], [9.98135808878802, 53.58213728337873], [9.981484883017318, 53.58221592178606], [9.981611891305306, 53.58229443790538], [9.98173911331976, 53.58237283153057], [9.981872160743668, 53.58245454559727], [9.982005439836628, 53.58253612600922], [9.98213895022039, 53.58261757253407], [9.982251393802423, 53.58268595070428], [9.982363998546438, 53.58275423499948], [9.982476764231636, 53.58282242528532], [9.982602824924232, 53.58289841852831], [9.982729086265833, 53.58297429385322], [9.982855547945675, 53.58305005107268], [9.983007272104532, 53.58314062650469], [9.983158253617095, 53.58323041682189], [9.983259425915998, 53.583290465952665], [9.983360723091389, 53.583350440573916], [9.98346214498865, 53.58341034059378], [9.983586108903653, 53.58348325155295], [9.98371026297484, 53.58355604797846], [9.983834606904015, 53.5836287296949], [9.983937690964375, 53.583688240939765], [9.984040901006557, 53.58374767490276], [9.984144236867277, 53.58380703148953], [9.984253491312653, 53.583865749416596], [9.984364983231245, 53.58392295882118], [9.984478653818378, 53.583978629524616], [9.984604093623279, 53.58403716003199], [9.98473194026362, 53.58409381668773], [9.98486211470847, 53.58414856446435], [9.984896772551078, 53.58416266106616], [9.98493158498581, 53.58417662214537], [9.984966550516107, 53.58419044710173], [9.985272280099139, 53.584303350712176], [9.985588197389028, 53.58440584426515], [9.98591330236916, 53.584497603302815], [9.986194850877443, 53.58456655786224], [9.986481595875679, 53.58462746085234], [9.986772887461257, 53.58468017423415], [9.98790298948971, 53.58486723830216], [9.987940556736945, 53.58487439873929], [9.987977072612358, 53.58488327851855], [9.988012315259445, 53.58489382368994], [9.988044220476773, 53.58490523759319], [9.98807462907715, 53.58491801641345], [9.988103376464297, 53.58493209098183], [9.988130307033252, 53.58494738511579], [9.98840950769738, 53.58499156062262], [9.988408473230542, 53.58500160981152], [9.988410576329926, 53.585002211774444], [9.988412584939896, 53.585002918825325], [9.988414484265117, 53.58500372575606], [9.988416260315246, 53.585004626622826], [9.988417900007965, 53.585005614789885], [9.988419391265364, 53.585006682978445], [9.988420723102895, 53.58500782332027], [9.988421885710288, 53.58500902741566], [9.988422870523815, 53.5850102863953], [9.988423670289363, 53.585011590985594], [9.988424279115877, 53.585012931577], [9.98842469251875, 53.58501429829474], [9.98842490745285, 53.58501568107166], [9.98842492233496, 53.58501706972228], [9.988434081157815, 53.58501854914141], [9.988438084222958, 53.58501919023958], [9.98854839160464, 53.585004948266345], [9.988558928429587, 53.58500398028803], [9.988567913148374, 53.5850044723524], [9.988588352221994, 53.5850064158668], [9.988684295999688, 53.585020122202884], [9.988697046117975, 53.58502336971165], [9.988712514451244, 53.58503240160917], [9.98873559979861, 53.585057757388924], [9.988820212916169, 53.585071422420754], [9.988845278344334, 53.58507546702197], [9.988865905053508, 53.5850990363213], [9.988887399967725, 53.58510090813541], [9.988979221374972, 53.58510885044458], [9.989118642632029, 53.58512064194433], [9.989119812489193, 53.58511575127963], [9.9892751615672, 53.58512583785026], [9.989510681023205, 53.58514950864933], [9.989530962303109, 53.58515439269075], [9.98959428083304, 53.5851999642489], [9.989817954918191, 53.585212202175924], [9.990041976800512, 53.58522193069808], [9.990266266960916, 53.585229146362295], [9.99026464246061, 53.58524624777968], [9.990499286504633, 53.58525163413595], [9.990734058965252, 53.58525440399215], [9.990968877431712, 53.585254556376164], [9.991045507165978, 53.5852540453746], [9.991122130193308, 53.58525325483328], [9.991198743633149, 53.58525218478197], [9.991269501835157, 53.58525089131134], [9.991340239098703, 53.58524924148957], [9.991410950354627, 53.585247235434906], [9.991410195772065, 53.58524339442189], [9.991992848169968, 53.58520309447138], [9.992649405710527, 53.585135292596796], [9.992807732836548, 53.585115776261], [9.993100693199544, 53.58507324518239], [9.993152559389443, 53.58506446391986], [9.993155970405908, 53.58506368952244], [9.993220931994557, 53.5850490286225], [9.9933047856769, 53.5850295995121], [9.993432563617324, 53.584999639134374], [9.993465240523966, 53.58499197888847], [9.99349345782116, 53.58498573065213], [9.993520659654134, 53.58497805170798], [9.993546641598531, 53.5849689997642], [9.993571208397952, 53.58495864284718], [9.993594175431362, 53.58494705879028], [9.993615370100555, 53.584934334648864], [9.993634633127238, 53.584920566046065], [9.99365181975003, 53.584905856454164], [9.993666800812303, 53.58489031641692], [9.993679463732779, 53.58487406271885], [9.993731272214962, 53.584782340719485], [9.99373637802976, 53.58477525098029], [9.993750725635469, 53.58476415630999], [9.993825512234203, 53.58472530512827], [9.99382909732565, 53.58472808888641], [9.993831119631015, 53.58472736196107], [9.993852626205125, 53.58472135847339], [9.994170240339214, 53.584632650506634], [9.994907698410326, 53.58438682104351], [9.994925233548559, 53.584381489671955], [9.994943439609571, 53.5843770250613], [9.994962195836829, 53.58437345682422], [9.99498137782479, 53.584370808627874], [9.99500085834402, 53.58436909803717], [9.995020508185076, 53.584368336397986], [9.99504019701547, 53.58436852876208], [9.995059794244126, 53.58436967385354], [9.995079169887514, 53.584371764077275], [9.99509819543179, 53.58437478556932], [9.995116744685152, 53.58437871828886], [9.995234829801362, 53.58418130066131], [9.995277389461885, 53.584110167672996], [9.995337020469389, 53.58408410703264], [9.995470678898307, 53.58402364998073], [9.995418283745536, 53.5837861216077], [9.99543693059629, 53.583587086062316], [9.995484779682744, 53.58281217343505], [9.995505076416277, 53.58270579751935], [9.995539738704071, 53.58260074392299], [9.995588540152546, 53.58249769847291], [9.995651162068985, 53.58239733388133], [9.995727195544564, 53.582300305354174], [9.995816144126097, 53.582207246314326], [9.995917427058947, 53.58211876426685], [9.996030383079976, 53.58203543683376], [9.997109836562366, 53.58140414008793], [9.998993823455233, 53.58001369773336], [9.999106956510584, 53.57992717813891], [10.003801958787086, 53.57532157435431], [10.008224239555611, 53.565234450760464], [10.004120354984883, 53.562266589267544], [9.99801470395271, 53.55785021998094], [9.99752264866599, 53.55719604347781], [9.997468975420343, 53.557125235425964], [9.997365199398558, 53.55698841656091], [9.996970413350809, 53.557093813866906], [9.996575635351633, 53.5571989940577], [9.99653556343249, 53.55720967426198], [9.996514889894103, 53.55721518596743], [9.996514516031363, 53.557214694688234], [9.996154296179641, 53.55731041677927], [9.996154076949473, 53.557309820410815], [9.99615377372805, 53.55730923723181], [9.996153388691786, 53.557308671428146], [9.996152924604326, 53.557308127060914], [9.996152384796712, 53.55730760803737], [9.99615177314348, 53.557307118082875], [9.996151094034841, 53.55730666071415], [9.996150352345184, 53.557306239213986], [9.99614955339807, 53.55730585660774], [9.996148702928036, 53.55730551564166], [9.996147807039428, 53.55730521876302], [9.99614687216259, 53.55730496810273], [9.996145905007712, 53.557304765459904], [9.996144912516655, 53.55730461228908], [9.996143901813136, 53.55730450968961], [9.996142880151602, 53.557304458397944], [9.996141854865138, 53.557304458782234], [9.99614083331286, 53.5573045108397], [9.99613982282707, 53.55730461419672], [9.996138830660652, 53.55730476811141], [9.99613786393499, 53.55730497147904], [9.995860410925335, 53.55737085204405], [9.995754404504689, 53.557393799227725], [9.995648291293485, 53.55741657084467], [9.995542072112132, 53.5574391667188], [9.995404758042577, 53.557467033834676], [9.995272503702653, 53.557498867774754], [9.994980792390296, 53.55756906278928], [9.99444060208757, 53.557701648351575], [9.99424444311196, 53.557761869311776], [9.994144867039383, 53.557797376509605], [9.994032207297074, 53.55783955431845], [9.993874770301616, 53.55789848203416], [9.993746429311301, 53.55794988672395], [9.9936032060378, 53.55800723976708], [9.993600478842529, 53.55801154818965], [9.993597953289648, 53.55801589997223], [9.993595631320504, 53.558020291769786], [9.99359004291353, 53.558033262619865], [9.993586225583357, 53.55804645916298], [9.99358420408976, 53.55805979581013], [9.993583991545274, 53.55807318606355], [9.99358558933012, 53.55808654307778], [9.99359337609994, 53.55809220437205], [9.993594242278098, 53.558092896007224], [9.993595003971999, 53.55809362994136], [9.9935956553902, 53.55809440059409], [9.993596191579726, 53.55809520210588], [9.993596608463726, 53.55809602838251], [9.99359690287248, 53.55809687314152], [9.993597072567473, 53.55809772995988], [9.993597116258451, 53.55809859232292], [9.99359703361321, 53.55809945367376], [9.993596825260118, 53.55810030746325], [9.99359649278336, 53.55810114719969], [9.993596038710862, 53.55810196649829], [9.993595466495101, 53.558102759129596], [9.99359478048684, 53.55810351906696], [9.99359398590204, 53.55810424053229], [9.993593088782214, 53.55810491804002], [9.993592095948497, 53.558105546438824], [9.993591014949756, 53.558106120950725], [9.993581745221345, 53.558110620534606], [9.993588258981234, 53.558115429462134], [9.993577229012928, 53.558120833577355], [9.993577543948202, 53.55812138827796], [9.993329425913512, 53.558243802622876], [9.993328843434913, 53.55824278271663], [9.993317071753678, 53.55824875028423], [9.993310240398266, 53.558243917012724], [9.993301121760297, 53.55824842430869], [9.99329997321063, 53.55824894260461], [9.993298753500698, 53.55824939964338], [9.993297471820355, 53.55824979198147], [9.993296137826386, 53.55825011666282], [9.99329476156972, 53.558250371241115], [9.993293353419714, 53.55825055379827], [9.993291923986028, 53.55825066295879], [9.993290484038686, 53.55825069790023], [9.993289044426923, 53.55825065835929], [9.993287615997446, 53.55825054463393], [9.993286209512707, 53.55825035758099], [9.993284835569826, 53.55825009860982], [9.993283504520718, 53.55824976967162], [9.993282226394138, 53.55824937324477], [9.993281010820084, 53.55824891231613], [9.99327986695725, 53.558248390358564], [9.993278803424037, 53.55824781130474], [9.99327782823359, 53.558247179517494], [9.993269906894135, 53.558241573254314], [9.993193532041548, 53.55823901639942], [9.993069036630422, 53.55824262097958], [9.992013857271475, 53.5587571512018], [9.992010494145477, 53.55875893654874], [9.992007390914129, 53.55876088160652], [9.99200456890023, 53.55876297301035], [9.992002047494305, 53.5587651963899], [9.99199984402137, 53.558767536467975], [9.991997973621878, 53.558769977165525], [9.99199644914769, 53.55877250171217], [9.991995281073772, 53.558775092761344], [9.991994477426204, 53.55877773250953], [9.991994043727045, 53.558780402818634], [9.991993982956384, 53.558783085340494], [9.991994295531855, 53.558785761643115], [9.991994979305773, 53.55878841333715], [9.991996029579882, 53.558791022202406], [9.991997439137645, 53.55879357031292], [9.991999198293819, 53.55879604016022], [9.992001294961007, 53.558798414773555], [9.99200371473271, 53.55880067783655], [9.992006440982323, 53.55880281379936], [9.992022087949138, 53.55881405508129], [9.99202395411842, 53.55881315868331], [9.992028046189931, 53.55881717717025], [9.992031545345865, 53.55882138951935], [9.992034425884748, 53.558825764790924], [9.99203666664882, 53.55883027084855], [9.992038251179451, 53.55883487459525], [9.99203916783804, 53.558839542216454], [9.992039409891502, 53.55884423942844], [9.992038975561723, 53.55884893173015], [9.992037868038642, 53.55885358465653], [9.992036095456811, 53.55885816403178], [9.992033670835665, 53.55886263622032], [9.9920306119839, 53.558866968373785], [9.992026941368655, 53.55887112867245], [9.992022685950522, 53.55887508655878], [9.992017876985507, 53.55887881296199], [9.992012549795458, 53.55888228051157], [9.992006743508634, 53.55888546373823], [9.992000500772306, 53.558888339261074], [9.991996399126462, 53.55888531702687], [9.991968099215487, 53.55889917902893], [9.991976699249534, 53.55890669440107], [9.99185450365799, 53.558968689013874], [9.991849962683556, 53.55896689291891], [9.991839400193527, 53.558972292994845], [9.991843932002118, 53.558974988063994], [9.99170965468806, 53.559043285108785], [9.991705128805947, 53.559041488883196], [9.991694576578368, 53.559047329320954], [9.991697577517476, 53.55904912021278], [9.991572353623967, 53.559117872385464], [9.991560434244263, 53.55911238005559], [9.991556188270446, 53.55911480632332], [9.991537668990919, 53.559125351106964], [9.991542278580315, 53.559128144421436], [9.991537852812394, 53.55913022451879], [9.99153315252357, 53.559132078881305], [9.991528210106074, 53.55913369472958], [9.991523059620794, 53.55913506092791], [9.991517736562542, 53.559136168061066], [9.99151227761543, 53.5591370084992], [9.991506720400062, 53.559137576450354], [9.991501103214276, 53.5591378680005], [9.991495464769194, 53.55913788114037], [9.991489843922457, 53.55913761577945], [9.991484279410416, 53.55913707374645], [9.991478809581197, 53.55913625877685], [9.991473472130398, 53.55913517648703], [9.991468303841323, 53.55913383433565], [9.991463340331478, 53.55913224157223], [9.99146278996512, 53.5591313022918], [9.991445718684114, 53.55913468882106], [9.99144658459573, 53.55913620976951], [9.991397308064906, 53.55916207500639], [9.991183138852568, 53.55927446836988], [9.991176530961722, 53.55927811473194], [9.991170234305278, 53.559281951367325], [9.991164264319897, 53.55928596887035], [9.990953729878349, 53.5594350786316], [9.990484622265358, 53.55976779901201], [9.99047131393159, 53.55977840566162], [9.990459597673484, 53.55978965841942], [9.990449561454685, 53.5598014728029], [9.990441280625774, 53.55981376011298], [9.99043481735852, 53.55982642809983], [9.990430220179071, 53.55983938165557], [9.990427523603595, 53.55985252352826], [9.990426747879075, 53.559865755052], [9.990427898831255, 53.55987897688774], [9.990430967820858, 53.559892089769086], [9.990435931808376, 53.55990499524751], [9.990442753527, 53.559917596431575], [9.990447168055647, 53.55992367237924], [9.990449973719262, 53.55992873690623], [9.990129986949107, 53.56017657849513], [9.99012925084487, 53.56017544298887], [9.990122358268435, 53.56017703716077], [9.990108519215253, 53.560170805503944], [9.990081925166884, 53.560191835121024], [9.99008888159179, 53.56019491468983], [9.990034521082444, 53.56023784655483], [9.99003311662976, 53.56023718400678], [9.990017120280795, 53.560249775130885], [9.990018719286233, 53.56025036415698], [9.98996391187827, 53.56029356036826], [9.989962522519546, 53.56029289769446], [9.989946793637344, 53.56030530681566], [9.98994808090022, 53.56030612314721], [9.989893516123557, 53.56034937125098], [9.98988879687067, 53.560347055196644], [9.98987306899597, 53.56035950924443], [9.989866996028475, 53.560356763932745], [9.98979276601146, 53.56041519531112], [9.989798808583243, 53.56041793188913], [9.989794568892867, 53.56042128390528], [9.98979943511052, 53.560423427956614], [9.989742700597148, 53.560468168136595], [9.989737806495263, 53.5604661231924], [9.989723294068597, 53.56047761433107], [9.989728087332646, 53.56047986685665], [9.989671640309464, 53.56052464057895], [9.989666594207337, 53.56052255194465], [9.989652007736437, 53.56053410660989], [9.98965675508936, 53.56053633255129], [9.989600247326889, 53.56058109775249], [9.989595276905456, 53.560579017478034], [9.989580510725965, 53.56059063654395], [9.989585241518391, 53.560592799702356], [9.989528764634187, 53.56063760056922], [9.989523975557617, 53.56063552778051], [9.989519794944814, 53.56063882536405], [9.989475391120429, 53.560618715824795], [9.989474842468427, 53.560619142845326], [9.989474299958596, 53.56061902513263], [9.989473742601938, 53.56061893531201], [9.989473174435764, 53.56061887403407], [9.98947259957569, 53.5606188417427], [9.989472022185819, 53.56061883867182], [9.989471446448576, 53.560618864843654], [9.989470876534421, 53.56061892006862], [9.989470316571628, 53.56061900394671], [9.989469770616388, 53.56061911587033], [9.98946924262343, 53.560619255028726], [9.989468736417363, 53.56061942041388], [9.989468255664983, 53.56061961082779], [9.989467584360417, 53.560619310756074], [9.989418682167223, 53.56065810719665], [9.989417005582977, 53.56065742891459], [9.989390218009637, 53.56067860379819], [9.989256991507192, 53.56078392391272], [9.989230203774365, 53.56080509876075], [9.989231880990584, 53.56080580400715], [9.989182375618494, 53.56084465028179], [9.989183016734772, 53.56084495060477], [9.989182829919784, 53.56084528513713], [9.989182688953461, 53.56084562753912], [9.989182594751222, 53.56084597558721], [9.989182547924809, 53.56084632702125], [9.989182548778306, 53.560846679559035], [9.989182597306172, 53.56084703091123], [9.989182693193275, 53.560847378796204], [9.989182835816937, 53.56084772095482], [9.989183024250972, 53.56084805516513], [9.98918325727172, 53.560848379256846], [9.989183533365964, 53.56084869112531], [9.98918385074078, 53.56084898874533], [9.989183361833591, 53.56084938830347], [9.989228469774385, 53.56086925841405], [9.989224200642814, 53.56087264660883], [9.989229109862332, 53.56087469144893], [9.98917249763137, 53.56091954719592], [9.98916754144707, 53.56091743083008], [9.9891529230473, 53.56092892277391], [9.989157759730515, 53.560931094062454], [9.989101160766799, 53.56097587775318], [9.989096402072121, 53.56097381368513], [9.989081813194709, 53.560985278408964], [9.989086650090444, 53.560987458687585], [9.989029900026676, 53.56103224359311], [9.989025033357967, 53.56103008153634], [9.98901065661064, 53.56104158045307], [9.989015316561957, 53.56104394197712], [9.988958854201154, 53.56108876941387], [9.988954101371938, 53.561086309776876], [9.988949923395724, 53.561089724174764], [9.988943656243174, 53.56108707031162], [9.988869486366504, 53.561145599481854], [9.988875574269118, 53.56114833573158], [9.988859145346728, 53.56116118196389], [9.988857152236562, 53.56115890659704], [9.988854856520124, 53.56115673467404], [9.98885227324324, 53.56115468042935], [9.988849419336358, 53.56115275732619], [9.988846313503581, 53.561150977968275], [9.9888429761001, 53.56114935401726], [9.98883942899877, 53.56114789611627], [9.988835695446767, 53.56114661382015], [9.988831799913223, 53.56114551553288], [9.988825816052561, 53.56114419168917], [9.988819665846735, 53.5611431733196], [9.988813393201932, 53.56114246769425], [9.98880704289841, 53.56114207985058], [9.988800660270842, 53.56114201255738], [9.988794290884652, 53.561142266295086], [9.98878798021073, 53.561142839252255], [9.988781773300836, 53.561143727338546], [9.988775714465957, 53.56114492421393], [9.988769846959995, 53.56114642133398], [9.988764212670963, 53.56114820801075], [9.988758851821968, 53.561150271489225], [9.98875222492568, 53.56115318331114], [9.98874578099636, 53.561156237233625], [9.988739528625503, 53.561159429185025], [9.988715776452196, 53.5611723119684], [9.988692542466268, 53.561185525477036], [9.988669839655806, 53.561199062324725], [9.988551052672525, 53.56127438684281], [9.988436789605993, 53.56135215264096], [9.988327191920348, 53.56143226345795], [9.988300680086002, 53.56145348633006], [9.988276027662579, 53.561475489353036], [9.98825329928964, 53.56149821483681], [9.988247756464027, 53.561504718230815], [9.988243116539381, 53.561511467535695], [9.9882394100025, 53.56151841840551], [9.988236661207441, 53.561525525169955], [9.988234888215507, 53.56153274113442], [9.988234102676552, 53.56154001888676], [9.988234309752437, 53.561547310608816], [9.988235508083086, 53.561554568390676], [9.98823768979542, 53.56156174454532], [9.988240840555074, 53.5615687919221], [9.98824493966055, 53.56157566421647], [9.98824996017926, 53.56158231627419], [9.988252976298503, 53.56158554324103], [9.98825641594807, 53.56158861637125], [9.98826025712271, 53.56159151600433], [9.98826447524837, 53.56159422358967], [9.988194357348721, 53.56163752748934], [9.988189993977278, 53.561635184016], [9.988185314381719, 53.56163306783169], [9.988180351862983, 53.56163119399559], [9.98817514173534, 53.561629575842275], [9.988169721075067, 53.561628224886825], [9.988164128456631, 53.5616271507429], [9.988158403678167, 53.5616263610543], [9.988152587478284, 53.56162586144064], [9.988146721246155, 53.5616256554572], [9.988140846726987, 53.561625744569845], [9.988132376068911, 53.56162630318567], [9.988124008557639, 53.561627266352], [9.988115798609725, 53.5616286278051], [9.988107799617032, 53.56163037869101], [9.98810006359955, 53.561632507623145], [9.988092640867075, 53.561635000756425], [9.98808557969203, 53.561637841877214], [9.988078925995552, 53.56164101250877], [9.988072723048838, 53.56164449203152], [9.986423565721804, 53.56264693549287], [9.986394476031897, 53.56266372067871], [9.98636399300269, 53.56267960531745], [9.98633219519374, 53.56269454847111], [9.986301801936744, 53.56270910150689], [9.98627315570119, 53.56272486062855], [9.986246391240678, 53.56274175170539], [9.986221634457403, 53.56275969528186], [9.986212645733724, 53.56276635450068], [9.986203144720749, 53.56277275667656], [9.986193152128905, 53.56277888785385], [9.985889861886069, 53.56295588191814], [9.985664706937737, 53.56308166841148], [9.98562451735712, 53.56310387873257], [9.985381057850589, 53.56322914724435], [9.98512524100806, 53.56334536057807], [9.984858015551508, 53.563452087700064], [9.984687765538949, 53.56351277421577], [9.984513212894687, 53.56356896193152], [9.984334692814302, 53.5636205429439], [9.984325755798602, 53.5636225581057], [9.9842318990119, 53.56364678235673], [9.984136647127286, 53.56366899293894], [9.984040121994463, 53.563689161439186], [9.983935842941808, 53.56370970511583], [9.983831374151748, 53.56372955572353], [9.983726222005053, 53.56374808352982], [9.98362043375599, 53.563765280208294], [9.983366868396425, 53.56379941143783], [9.983110034202541, 53.56382336222976], [9.982851083116294, 53.5638370251599], [9.98259117657909, 53.563840338946704], [9.98175846765171, 53.56383428635558], [9.981319322005607, 53.56382802007478], [9.98055038901205, 53.563811422129476], [9.979537752213725, 53.56378988474213], [9.978850346526324, 53.56378405114721], [9.978514562642928, 53.56378405691574], [9.977667971184353, 53.563780902962705], [9.977091725268412, 53.56377316185217], [9.977090972894167, 53.56377720404081], [9.9767649532983, 53.563778967871656], [9.97692897948452, 53.56399943087954], [9.976925064502575, 53.56400186290658], [9.976942419404494, 53.56402440929386], [9.976953965983679, 53.56402160931023], [9.976951705702135, 53.56403360106428], [9.976940560124303, 53.5640492160276], [9.976925042278797, 53.56405986883865], [9.976912341405848, 53.56406434120413], [9.976879688158006, 53.56413077561023], [9.976741796459862, 53.564199912144005], [9.976688964736804, 53.56420645603662], [9.976606499257947, 53.56420865749026], [9.976552226615855, 53.56426735803294], [9.97639547125158, 53.56437303546859], [9.9761762801461, 53.56449051238119], [9.976176080790095, 53.56449037917376], [9.976178690750654, 53.564488961545564], [9.976181107152362, 53.564487427113754], [9.976183315290475, 53.56448578521595], [9.976185301727611, 53.56448404584376], [9.97618705437554, 53.564482219581954], [9.976188562568733, 53.56448031754407], [9.976191198225148, 53.56447613971607], [9.976193244626172, 53.56447184645876], [9.976194687758374, 53.56446746717206], [9.976195517739463, 53.564463031845044], [9.976195728885978, 53.56445857085053], [9.9761953197522, 53.56445411473712], [9.97619429314004, 53.56444969401992], [9.976192656079856, 53.564445338971716], [9.976190419782291, 53.564441079415516], [9.976187599561522, 53.56443694452044], [9.97618421473036, 53.56443296260192], [9.976180288467999, 53.5644291609278], [9.976175847661302, 53.56442556553165], [9.976170922720657, 53.56442220103439], [9.976165547371737, 53.56441909047585], [9.976159758424545, 53.56441625515683], [9.97615359552135, 53.564413714493355], [9.976147100865214, 53.564411485883646], [9.976052734947109, 53.564382124961995], [9.976031123384784, 53.56437608487444], [9.976008745104046, 53.56437113221576], [9.97598575417461, 53.564367301083955], [9.975962308883997, 53.56436461785553], [9.975938570647784, 53.56436310100386], [9.975191447289564, 53.56433463195311], [9.974311714133112, 53.56430109003391], [9.973726928451716, 53.56428863810168], [9.974143486075494, 53.56475473053233], [9.974550815691002, 53.56521046950701], [9.974296276378054, 53.565328216841834], [9.974040334711775, 53.56544488241402], [9.973783003658971, 53.565560460307566], [9.972827571847711, 53.566005448272314], [9.972729579909743, 53.56605047282396], [9.972632003279232, 53.566095815977526], [9.972534844879732, 53.56614147637506], [9.97249633640646, 53.56615972241914], [9.972388651228826, 53.566213160872586], [9.972281523845998, 53.56626699526705], [9.972174958367031, 53.56632122353873], [9.97168371504981, 53.56656815045856], [9.97164614880862, 53.56658739932942], [9.97160828071151, 53.566606437451874], [9.971570114094385, 53.56662526314856], [9.971530791215173, 53.56664322628203], [9.9714911869929, 53.566660969038125], [9.971451304912422, 53.56667848985547], [9.970108670686422, 53.56727973552326], [9.97008667889831, 53.5672875277776], [9.970064586825195, 53.56729521885289], [9.970042395780652, 53.56730280829177], [9.969972980352086, 53.567292242877535], [9.969943950053572, 53.5672846399152], [9.969159100866218, 53.56707899708731], [9.968905322457559, 53.566959774076594], [9.968854891094448, 53.56693544497571], [9.968561158630868, 53.56679369493775], [9.968264054308158, 53.566650335487985], [9.968223700455432, 53.56663085948024], [9.96805237700168, 53.56654819944522], [9.96793207960817, 53.566490142520536], [9.967941584314085, 53.56648317108565], [9.967900558700977, 53.566463358825345], [9.967860174998755, 53.566443882937136], [9.967850685795511, 53.566450872218056], [9.967850471974772, 53.566450766080756], [9.967797003248041, 53.56642495995793], [9.967808794737511, 53.56641629808729], [9.966764257351224, 53.56589552047782], [9.966717691758856, 53.565868444574356], [9.96644484636506, 53.56569776491522], [9.96620106072299, 53.56554524129726], [9.966145270783226, 53.5655049450275], [9.966089951994826, 53.56545086486903], [9.966068023244055, 53.56542350882878], [9.96605243678508, 53.565394186916414], [9.966040820999595, 53.565362855365436], [9.966040863473394, 53.56534947946741], [9.966053688511138, 53.565315271819195], [9.966060642818839, 53.56528384422404], [9.966066379353048, 53.56522680796046], [9.965575059702267, 53.56507628200842], [9.965446718323998, 53.565133426968856], [9.96523889232117, 53.56507512994468], [9.965027282890908, 53.56501576643313], [9.964904344562715, 53.564981278829755], [9.964781421325306, 53.564946781989896], [9.964453713975553, 53.56485485201543], [9.964180972445018, 53.56477833459978], [9.964044297972048, 53.56473998372351], [9.963770023161574, 53.56466303727386], [9.96363116124631, 53.564624074326], [9.9634021110737, 53.56455980565526], [9.963261471916459, 53.56452034422424], [9.963054319801616, 53.564462199794406], [9.962950075838709, 53.56443296203247], [9.962943237578715, 53.564431039514915], [9.962846256961038, 53.564403819636695], [9.962743487014135, 53.56437498332183], [9.962641112158952, 53.56434625160671], [9.962570132277794, 53.564326337012034], [9.962537430794379, 53.564317161771015], [9.962494244326853, 53.56430505060429], [9.962113503981126, 53.56419448440314], [9.961743781528083, 53.56408630036797], [9.961033220293865, 53.56387831722211], [9.961022945218776, 53.56387530757878], [9.960762543091718, 53.56379906079669], [9.960543424285921, 53.56373490466028], [9.960506340447024, 53.56365555139778], [9.960758668796872, 53.56341156943312], [9.96077499523138, 53.56339645371994], [9.960773609897275, 53.56328335692561], [9.96048451917849, 53.56317088979848], [9.960417797713536, 53.56323218184229], [9.960334909864276, 53.56330833652721], [9.96026761103234, 53.56337015447867], [9.960198655450975, 53.56343349583354], [9.960109122089818, 53.56351426109919], [9.960057348453986, 53.56356093378062], [9.95995033897648, 53.5636574260239], [9.959947423426689, 53.56365982770413], [9.959944177430174, 53.563662074128864], [9.95994062420428, 53.563664149230256], [9.959936789163867, 53.563666038165884], [9.959932699739516, 53.56366772742488], [9.959928385181335, 53.56366920492463], [9.959923876349745, 53.56367046009709], [9.959919205494739, 53.5636714839645], [9.959914406025211, 53.56367226920349], [9.959909512269997, 53.563672810197545], [9.959904559232324, 53.56367310307714], [9.95989958233945, 53.56367314574742], [9.959894617189265, 53.563672937903156], [9.959889699295664, 53.563672481031], [9.959884863834528, 53.56367177839878], [9.959880145392136, 53.56367083503217], [9.959875577717751, 53.56366965767871], [9.959871193482257, 53.56366825475961], [9.959867024044453, 53.5636666363094], [9.95986309922676, 53.56366481390427], [9.959656595921324, 53.56377501237221], [9.959455545588392, 53.56409684740765], [9.958971594136152, 53.56431915068695], [9.958952443362627, 53.56430490393197], [9.958486159983014, 53.564518838691406], [9.958505346377482, 53.56453332793637], [9.958255811942665, 53.56464794074502], [9.95803546221931, 53.564749159467404], [9.957863067334632, 53.56482835738668], [9.957844431667047, 53.56483690228976], [9.957803425169828, 53.564855747872954], [9.957632942754454, 53.56492606704498], [9.957507131048155, 53.56496931325949], [9.957500950335826, 53.56496307047567], [9.957397620847724, 53.56499894545169], [9.957403801347228, 53.56500517925356], [9.957366374290013, 53.56501806333341], [9.957343141068081, 53.56499219034], [9.95687711951724, 53.56514148616092], [9.956725819285596, 53.56519211760623], [9.956553525136192, 53.565249200016076], [9.956390248174372, 53.56530442127954], [9.956152059053862, 53.56538358543207], [9.955911883772476, 53.56546443692133], [9.955495724210001, 53.565601607251736], [9.955528950453184, 53.565636767247064], [9.955067257340371, 53.56578843939922], [9.95503373309096, 53.565752104105776], [9.954864773666607, 53.56580660457756], [9.954897423064105, 53.565844996379674], [9.954788257556972, 53.565880726901426], [9.95467897740037, 53.56591539754294], [9.954656823998421, 53.56592200144173], [9.95446983238425, 53.5659777509022], [9.954287412673462, 53.566032034352894], [9.954262065277526, 53.565989323377515], [9.953936694670865, 53.56608444176947], [9.953858062049363, 53.566108215348265], [9.953779968988343, 53.566131813782874], [9.953816398524596, 53.566173825242636], [9.953737492508052, 53.56619753799842], [9.953599799491148, 53.5662385376741], [9.953595719802818, 53.566233716171574], [9.953429078262852, 53.566283351081815], [9.952975172464226, 53.56637167090527], [9.952997100251821, 53.56639799559277], [9.952937154754032, 53.56638324590787], [9.952766427157501, 53.56643522259708], [9.952572183593466, 53.566494361726576], [9.952506793883783, 53.5665632432978], [9.952495435450748, 53.56657519015033], [9.952558535850793, 53.56660198707407], [9.95244836618725, 53.56671752721022], [9.952328978170875, 53.56684217451227], [9.952326912813954, 53.56684433931103], [9.952339175075137, 53.566848421540534], [9.95231117816765, 53.5668785955678], [9.952259693270452, 53.56693263343025], [9.952181463897787, 53.566905902845996], [9.952083060133603, 53.56700955549135], [9.952079933184626, 53.567012861341105], [9.952077823524101, 53.56701507143272], [9.952072409984593, 53.5670207775497], [9.951653713028897, 53.56746181650702], [9.95173373374044, 53.567486249994694], [9.951309485556035, 53.56793395669519], [9.951087012791293, 53.56816884475305], [9.951070931096996, 53.56816347138957], [9.951047075246688, 53.5681884974807], [9.951046025236435, 53.568188137282654], [9.951040857988586, 53.56819339194604], [9.951031653089476, 53.56819031001426], [9.950988832374627, 53.568235586124295], [9.950998037280534, 53.56823866805931], [9.950993685878592, 53.56824326903129], [9.951003408344151, 53.56824653561879], [9.951005077437783, 53.56825429777566], [9.950965292190634, 53.568296898008725], [9.950954499357303, 53.56829842203931], [9.950944639995571, 53.56829511159144], [9.950940943028057, 53.56829994107109], [9.950931083868623, 53.56829663960946], [9.950888247842105, 53.56834191580363], [9.95089746786176, 53.568344997626234], [9.950892730952372, 53.568349916271536], [9.950717010045604, 53.568467881467555], [9.950707598765195, 53.56847781712443], [9.950618705395877, 53.568571559034666], [9.95050058832952, 53.56869611343501], [9.950383976305968, 53.56881912763784], [9.95028606780674, 53.56892236131471], [9.949959919635688, 53.56932713456442], [9.94986594809679, 53.56944374809909], [9.949042458090743, 53.569713075610686], [9.948883356842458, 53.569655172637404], [9.94874245617814, 53.56976811250161], [9.948478379639274, 53.56997839921289], [9.94831094598517, 53.57011166615082], [9.948227488362395, 53.57017809072939], [9.948209049464253, 53.57019261683173], [9.948190363987138, 53.57020703086118], [9.948171433853222, 53.57022133133473], [9.948116526582572, 53.57026117602945], [9.948059745293302, 53.57030007898933], [9.94800113554564, 53.57033800899585], [9.947948508124115, 53.570370232574675], [9.947894558990944, 53.57040167220027], [9.94783932109318, 53.57043230867053], [9.947774883277988, 53.570466135355595], [9.947708870263316, 53.57049886821183], [9.947641334433495, 53.57053048126243], [9.947591273135494, 53.57055270736488], [9.947540470783474, 53.57057432950953], [9.947488947938506, 53.57059533894486], [9.947122605476034, 53.57074127183598], [9.946898038725854, 53.57083071863567], [9.946837612184002, 53.57085478387725], [9.946788425378863, 53.57087469502142], [9.946739756554734, 53.57089505217007], [9.946691617125119, 53.57091585054953], [9.946617210235994, 53.57094934640234], [9.946544177199655, 53.570983897006855], [9.94647256020738, 53.571019482404786], [9.946438268813816, 53.571037141423645], [9.946404331295286, 53.57105504102878], [9.946370752415811, 53.571073178707785], [9.946226242930091, 53.57115214797853], [9.94607873415229, 53.571232758798885], [9.946028856580101, 53.571259045998254], [9.945977427577986, 53.57128425179326], [9.945924513283062, 53.571308343768166], [9.945909938110434, 53.571314674554806], [9.945895257336883, 53.57132091829415], [9.945880472429652, 53.571327074362195], [9.945701205992336, 53.57140101434604], [9.945689130280071, 53.571405999785846], [9.945416174462247, 53.57151859524323], [9.945029639407297, 53.57167799382697]]]]}, "properties": {"city_code": "HH", "area_code": "3", "area_name": "Eimsb\u00fcttel"}}, {"type": "Feature", "geometry": {"type": "MultiPolygon", "coordinates": [[[[10.014322109976503, 53.5621620389636], [10.014198360556078, 53.56222438425338], [10.014162720294081, 53.562242349815925], [10.008224239555611, 53.565234450760464], [10.003801958787086, 53.57532157435431], [9.999106956510584, 53.57992717813891], [9.998993823455233, 53.58001369773336], [9.997109836562366, 53.58140414008793], [9.996030383079976, 53.58203543683376], [9.995917427058947, 53.58211876426685], [9.995816144126097, 53.582207246314326], [9.995727195544564, 53.582300305354174], [9.995651162068985, 53.58239733388133], [9.995588540152546, 53.58249769847291], [9.995539738704071, 53.58260074392299], [9.995505076416277, 53.58270579751935], [9.995484779682744, 53.58281217343505], [9.99543693059629, 53.583587086062316], [9.995418283745536, 53.5837861216077], [9.995470678898307, 53.58402364998073], [9.995337020469389, 53.58408410703264], [9.995277389461885, 53.584110167672996], [9.995234829801362, 53.58418130066131], [9.995116744685152, 53.58437871828886], [9.99509819543179, 53.58437478556932], [9.995079169887514, 53.584371764077275], [9.995059794244126, 53.58436967385354], [9.99504019701547, 53.58436852876208], [9.995020508185076, 53.584368336397986], [9.99500085834402, 53.58436909803717], [9.99498137782479, 53.584370808627874], [9.994962195836829, 53.58437345682422], [9.994943439609571, 53.5843770250613], [9.994925233548559, 53.584381489671955], [9.994907698410326, 53.58438682104351], [9.994170240339214, 53.584632650506634], [9.993852626205125, 53.58472135847339], [9.993831119631015, 53.58472736196107], [9.99382909732565, 53.58472808888641], [9.993825512234203, 53.58472530512827], [9.993750725635469, 53.58476415630999], [9.99373637802976, 53.58477525098029], [9.993731272214962, 53.584782340719485], [9.993679463732779, 53.58487406271885], [9.993666800812303, 53.58489031641692], [9.99365181975003, 53.584905856454164], [9.993634633127238, 53.584920566046065], [9.993615370100555, 53.584934334648864], [9.993594175431362, 53.58494705879028], [9.993571208397952, 53.58495864284718], [9.993546641598531, 53.5849689997642], [9.993520659654134, 53.58497805170798], [9.99349345782116, 53.58498573065213], [9.993465240523966, 53.58499197888847], [9.993432563617324, 53.584999639134374], [9.9933047856769, 53.5850295995121], [9.993220931994557, 53.5850490286225], [9.993155970405908, 53.58506368952244], [9.993152559389443, 53.58506446391986], [9.993100693199544, 53.58507324518239], [9.992807732836548, 53.585115776261], [9.992649405710527, 53.585135292596796], [9.991992848169968, 53.58520309447138], [9.991410195772065, 53.58524339442189], [9.991410950354627, 53.585247235434906], [9.991340239098703, 53.58524924148957], [9.991269501835157, 53.58525089131134], [9.991198743633149, 53.58525218478197], [9.991122130193308, 53.58525325483328], [9.991045507165978, 53.5852540453746], [9.990968877431712, 53.585254556376164], [9.990734058965252, 53.58525440399215], [9.990499286504633, 53.58525163413595], [9.99026464246061, 53.58524624777968], [9.990266266960916, 53.585229146362295], [9.990041976800512, 53.58522193069808], [9.989817954918191, 53.585212202175924], [9.98959428083304, 53.5851999642489], [9.989530962303109, 53.58515439269075], [9.989510681023205, 53.58514950864933], [9.9892751615672, 53.58512583785026], [9.989119812489193, 53.58511575127963], [9.989118642632029, 53.58512064194433], [9.988979221374972, 53.58510885044458], [9.988887399967725, 53.58510090813541], [9.988865905053508, 53.5850990363213], [9.988845278344334, 53.58507546702197], [9.988820212916169, 53.585071422420754], [9.98873559979861, 53.585057757388924], [9.988712514451244, 53.58503240160917], [9.988697046117975, 53.58502336971165], [9.988684295999688, 53.585020122202884], [9.988588352221994, 53.5850064158668], [9.988567913148374, 53.5850044723524], [9.988558928429587, 53.58500398028803], [9.98854839160464, 53.585004948266345], [9.988438084222958, 53.58501919023958], [9.988434081157815, 53.58501854914141], [9.98842492233496, 53.58501706972228], [9.98842490745285, 53.58501568107166], [9.98842469251875, 53.58501429829474], [9.988424279115877, 53.585012931577], [9.988423670289363, 53.585011590985594], [9.988422870523815, 53.5850102863953], [9.988421885710288, 53.58500902741566], [9.988420723102895, 53.58500782332027], [9.988419391265364, 53.585006682978445], [9.988417900007965, 53.585005614789885], [9.988416260315246, 53.585004626622826], [9.988414484265117, 53.58500372575606], [9.988412584939896, 53.585002918825325], [9.988410576329926, 53.585002211774444], [9.988408473230542, 53.58500160981152], [9.98840950769738, 53.58499156062262], [9.988130307033252, 53.58494738511579], [9.988103376464297, 53.58493209098183], [9.98807462907715, 53.58491801641345], [9.988044220476773, 53.58490523759319], [9.988012315259445, 53.58489382368994], [9.987977072612358, 53.58488327851855], [9.987940556736945, 53.58487439873929], [9.98790298948971, 53.58486723830216], [9.986772887461257, 53.58468017423415], [9.98648159595205, 53.58462746071834], [9.986194850960924, 53.58456655772976], [9.98591330236916, 53.584497603302815], [9.985588197389035, 53.58440584426515], [9.985272280099146, 53.58430335071215], [9.984966550516107, 53.58419044710173], [9.98493158498581, 53.58417662214537], [9.984896772551078, 53.58416266106616], [9.98486211470847, 53.58414856446435], [9.98473194026362, 53.58409381668773], [9.984604093623279, 53.58403716003199], [9.984478653818378, 53.583978629524616], [9.984364983231245, 53.58392295882118], [9.984253491312653, 53.583865749416596], [9.984144236867277, 53.58380703148953], [9.984040901040593, 53.583747674881806], [9.983937690998442, 53.58368824091884], [9.983834606904015, 53.5836287296949], [9.98371026306053, 53.58355604792665], [9.983586108989432, 53.58348325150121], [9.98346214498865, 53.58341034059378], [9.983360723091389, 53.583350440573916], [9.983259425915998, 53.583290465952665], [9.983158253617095, 53.58323041682189], [9.983007272104532, 53.58314062650469], [9.982855547945675, 53.58305005107268], [9.982729086265833, 53.58297429385322], [9.982602824924232, 53.58289841852831], [9.982476764231636, 53.58282242528532], [9.98236399854645, 53.58275423499948], [9.982251393802438, 53.582685950704274], [9.98213895022039, 53.58261757253407], [9.982005439836628, 53.58253612600922], [9.981872160743668, 53.58245454559727], [9.98173911331976, 53.58237283153057], [9.981611891305306, 53.58229443790538], [9.981484883017318, 53.58221592178606], [9.98135808878802, 53.58213728337873], [9.981308688501498, 53.58210656686455], [9.981259322068386, 53.58207583110277], [9.981209989509816, 53.58204507610655], [9.981160710524621, 53.58201431886048], [9.981111464225082, 53.581983543101025], [9.981062250630789, 53.58195274884052], [9.980958320501703, 53.5818875804652], [9.980854536578365, 53.58182232971769], [9.98075089904466, 53.58175699671403], [9.980702574246788, 53.58172651563095], [9.980654281619739, 53.58169601651646], [9.98060602118246, 53.581665499382616], [9.980558844976745, 53.581635603961494], [9.980511699032304, 53.58160569165785], [9.98046458336615, 53.581575762482494], [9.980417496133137, 53.5815457943899], [9.980370439338815, 53.5815158093888], [9.980323413000283, 53.58148580749008], [9.980194955914508, 53.581403678346334], [9.98006672851945, 53.58132142232462], [9.979938731168033, 53.58123903965222], [9.97982879139997, 53.58116851593452], [9.979719021101678, 53.58109789889094], [9.979609420496256, 53.581027188665544], [9.97889888956512, 53.580560947759245], [9.978195742968662, 53.580090762980475], [9.977500042334217, 53.57961667570098], [9.977057617991004, 53.5793104852296], [9.976618246505694, 53.579002743372726], [9.976181943187148, 53.57869346089893], [9.976176647707547, 53.57868979167818], [9.976146089608198, 53.57872116071985], [9.975701545352518, 53.57911088892379], [9.975638353703191, 53.57914586786229], [9.975561582406014, 53.57912177435312], [9.975210452503415, 53.57942827439463], [9.974841370932996, 53.579750425563326], [9.974728717328647, 53.57984874755722], [9.974376403444758, 53.58015617158718], [9.974294427954517, 53.58022767200761], [9.974259155991309, 53.58025844072505], [9.974069469139028, 53.580423943438696], [9.973959462334568, 53.58051994196717], [9.97384945461989, 53.58061592242067], [9.973845886087904, 53.5806190436616], [9.973769936585212, 53.58068532602245], [9.973547521136384, 53.58087942738304], [9.973203600197436, 53.581179462555646], [9.973124745618737, 53.58124824907], [9.973075241246153, 53.58129143903861], [9.97294743544264, 53.581392012917426], [9.972761439537264, 53.581557528416425], [9.972622959162694, 53.581680750945395], [9.97248450839632, 53.58180398205687], [9.972355292478072, 53.58191893105435], [9.972005770985069, 53.582147429353064], [9.971866982429097, 53.5822725411585], [9.971787266354209, 53.58234346413758], [9.971650896788454, 53.58246477169621], [9.97151454154689, 53.582586078977776], [9.971346697762552, 53.58273538158789], [9.971204018984764, 53.5828622860122], [9.971007557505478, 53.58303706134625], [9.970977016889945, 53.58306422206013], [9.970812738782412, 53.58321965237081], [9.970778834676125, 53.583251002198], [9.970566487353526, 53.583447272359045], [9.970439802877808, 53.58356436501357], [9.970267008810636, 53.58372408841804], [9.970144405759504, 53.5838374172447], [9.970003947366523, 53.583967268527935], [9.969706558255448, 53.58430532570523], [9.969705606039698, 53.58430596264773], [9.96970106758582, 53.58431227370107], [9.969648974666562, 53.584387777739245], [9.96960072685786, 53.58446418111176], [9.969556367954523, 53.584541414500116], [9.969486994157569, 53.58477152679521], [9.969448857685212, 53.58489791444495], [9.969374479107085, 53.5851443821036], [9.969304022033223, 53.585136440440905], [9.969192125515722, 53.58537863656519], [9.969150556220958, 53.58546861082438], [9.96907739249491, 53.585626985989705], [9.969049002133765, 53.58578987945192], [9.968985314350316, 53.58596894220385], [9.968926993521004, 53.585962618906954], [9.968870386358075, 53.58609132225101], [9.968710539383855, 53.58647637154646], [9.96869981151023, 53.586504692601466], [9.96873701911319, 53.58654891345854], [9.968723817062909, 53.58658662999115], [9.96866214598498, 53.586762826722186], [9.968659196048606, 53.58677123726683], [9.968583601079152, 53.58683799872889], [9.968565156070843, 53.586871065470476], [9.96848927163249, 53.58712189001795], [9.968428373453417, 53.58737415712591], [9.96838253830622, 53.587627549880956], [9.968376292648532, 53.5876689045072], [9.968287334165664, 53.588258785056986], [9.968284041698073, 53.58828063679167], [9.968267169582495, 53.58836602421729], [9.968211026685067, 53.58865008784378], [9.968053684478209, 53.589300738207335], [9.96779536404204, 53.59036835582814], [9.967765010757704, 53.59049329553999], [9.967740352133713, 53.59058975725135], [9.96771461946041, 53.59068616472018], [9.967689905890822, 53.59077494134174], [9.967664059790314, 53.59086441027322], [9.96824349259566, 53.59091753937249], [9.968482664089864, 53.59093948720931], [9.9687281338003, 53.590961994822024], [9.968978509342705, 53.590984956592344], [9.969277122388862, 53.59101234513446], [9.969574903142368, 53.59103965877681], [9.969857785802551, 53.59106559129341], [9.969873471212765, 53.59106702821969], [9.970172285264345, 53.591094565713554], [9.97044855545774, 53.591120029095585], [9.97079651681576, 53.591152101313334], [9.970863710948368, 53.59115829778745], [9.970915968327244, 53.591164741276756], [9.97097470483147, 53.59117371198257], [9.97102640816254, 53.591183665596496], [9.971081374331519, 53.59119622645866], [9.97111293324947, 53.5912053187909], [9.971135990315238, 53.591211963224666], [9.971179281881483, 53.591226030058195], [9.971221207524167, 53.59124246305922], [9.971254722777447, 53.59125648337704], [9.97129360268824, 53.591275161338395], [9.971328227932153, 53.59129409855002], [9.971360145339428, 53.59131288694564], [9.971369893460489, 53.59131894723463], [9.971396501493935, 53.591335486551344], [9.971413353644316, 53.59134957918402], [9.97144611982141, 53.59137704395697], [9.971466084417154, 53.59139377203055], [9.971488680601457, 53.59141720244164], [9.971509973110221, 53.59144110186846], [9.971529602079885, 53.591465590089584], [9.971550417454567, 53.59149437436381], [9.971570115415044, 53.59152581943761], [9.971582240208113, 53.591549200025824], [9.97159312089655, 53.59157564694609], [9.971601564533767, 53.591602554111915], [9.971605959365801, 53.59162947617728], [9.971608529058768, 53.59165652991921], [9.971608090392525, 53.59168350921214], [9.971604628255317, 53.591710414178735], [9.971598595822096, 53.59173724113872], [9.97158985754605, 53.591764009170284], [9.97158331886143, 53.59178370107629], [9.971575813235582, 53.59180327055308], [9.97156734711142, 53.59182270079851], [9.971533908905931, 53.59187924291398], [9.971230754174675, 53.59229979640675], [9.970995678331894, 53.59262624002841], [9.970933779529096, 53.59270876615689], [9.970831871136594, 53.5928196263384], [9.970696043494662, 53.59296219583353], [9.970516597646997, 53.59315106129474], [9.970382266265712, 53.593292422756534], [9.97022617263999, 53.593456702469894], [9.969991011558436, 53.5937041771235], [9.96998241094115, 53.59372580225151], [9.969991969242441, 53.5937473071373], [9.970017433459748, 53.59376399985295], [9.97005352522731, 53.59377169839404], [9.970463069774514, 53.593786858611395], [9.970854921554071, 53.593801369963266], [9.971081017063591, 53.593809755613655], [9.971306976284161, 53.59381812396563], [9.97140557423791, 53.59382176405582], [9.971532908563255, 53.59382794831346], [9.971652696343813, 53.59383449035256], [9.971757748714188, 53.59384285085044], [9.971820719728681, 53.59384786759559], [9.971851515589098, 53.59385061077449], [9.97192889854904, 53.593857487964556], [9.972013518664326, 53.593865007448], [9.9721792124207, 53.593882861613295], [9.972328668534105, 53.593901593581585], [9.972490212780142, 53.59392560248559], [9.972668398657069, 53.593953808547155], [9.972684746344218, 53.59395639929435], [9.973023254236056, 53.59400996253869], [9.973198867104644, 53.59403728984507], [9.973257323932007, 53.59404638756206], [9.97357649392844, 53.59409605253928], [9.974480611350556, 53.5942378546311], [9.974381927642863, 53.594362534491815], [9.974200835314125, 53.5943335636133], [9.974214598373955, 53.59451015558674], [9.97422928946233, 53.594698839072805], [9.974243956487316, 53.594887127235594], [9.974258634004673, 53.59507520856089], [9.974273230556287, 53.59526239164726], [9.974287972286767, 53.595451281437484], [9.974302656430057, 53.59563963235484], [9.97431737713305, 53.59582825263472], [9.974331652082455, 53.59601194162568], [9.974341290588663, 53.59613597301602], [9.974344180885117, 53.596172273664], [9.974344203850983, 53.59617261505555], [9.974356052482072, 53.59632177042419], [9.974367476827982, 53.59646561679804], [9.974382495747669, 53.59665469305255], [9.974397450875342, 53.5968429608175], [9.974426106390792, 53.59720369505471], [9.974439717526055, 53.597378193748085], [9.97445329898946, 53.59755205446456], [9.974468025685338, 53.59774087237906], [9.974482683205034, 53.597928648136595], [9.974496226766233, 53.59810215857517], [9.974501829769515, 53.59817292755138], [9.974591530098365, 53.59833839288894], [9.974118810256183, 53.59839766774845], [9.973407971970445, 53.59848677060897], [9.973152602470751, 53.59851878977775], [9.97301959844145, 53.598535458151616], [9.972588853175685, 53.59858945969985], [9.971908128946392, 53.59867476722365], [9.971833900481423, 53.598729995676315], [9.971823247552594, 53.598737920519724], [9.971823500247252, 53.59874892987452], [9.971819883071834, 53.598749345774586], [9.971823778983529, 53.59876041542969], [9.971828085171792, 53.59894210013119], [9.971832200129775, 53.599116109857064], [9.971890844793961, 53.60160833681259], [9.97189334679829, 53.60171469112822], [9.971897062587047, 53.60187128353045], [9.971864145046272, 53.601876233213076], [9.97183129108563, 53.60188133016393], [9.971798502567301, 53.60188657409411], [9.971792399490841, 53.601938687361084], [9.971783539804928, 53.60197736663194], [9.971780948755002, 53.60198892043115], [9.971778063505532, 53.60200148337611], [9.97177684613897, 53.60264105338653], [9.97177769658547, 53.60266625135004], [9.97178070879811, 53.60275665520081], [9.971780814937352, 53.60275996225325], [9.971661520600419, 53.60278721450714], [9.971207818811466, 53.60285106933523], [9.9703694261009, 53.60299304589757], [9.970107194869795, 53.60305006725151], [9.969963792638746, 53.60308123464463], [9.969806952278388, 53.60311822771089], [9.96980537374838, 53.60311859107078], [9.96972653264504, 53.60313718981418], [9.969507175188317, 53.60318695893042], [9.96931556691665, 53.60323617028106], [9.969124362792215, 53.60329183207636], [9.968973188119861, 53.60333409958405], [9.968812432284722, 53.603379042259604], [9.968486144983602, 53.60347690280226], [9.96846942383641, 53.603481919099714], [9.9681334998949, 53.603588018579046], [9.968110291408488, 53.6035955143118], [9.967910972105456, 53.6036599320656], [9.96639001210983, 53.60415141347114], [9.966402655838966, 53.604261703939464], [9.966182189015877, 53.60432752104472], [9.966203369265207, 53.60450195025327], [9.96624576246528, 53.60485751409427], [9.9662629724203, 53.60493346608898], [9.966286517336673, 53.604986346379484], [9.966323010021283, 53.60504299632327], [9.966341006077604, 53.60507061768418], [9.966389094860629, 53.60512743464382], [9.966439328112823, 53.60516960934117], [9.966614595391183, 53.60531829023524], [9.966647731723482, 53.605346400498114], [9.96661666604887, 53.60535999094787], [9.96609794870325, 53.60565797262094], [9.966058654143056, 53.605680546334185], [9.966024518222612, 53.60570002216892], [9.965693905506845, 53.605889578572516], [9.965586012833908, 53.605951429808066], [9.965359920561108, 53.60608050958266], [9.965349904504981, 53.60609263549084], [9.964866936707814, 53.60762022768381], [9.964936025436431, 53.607622232456094], [9.96495878763047, 53.60762288488293], [9.964658161818946, 53.60856798187959], [9.965338523034237, 53.60976866896926], [9.965325116903479, 53.60985155572608], [9.965306305491888, 53.60996784382173], [9.965272659855572, 53.61017599209189], [9.967362992641931, 53.61266013501959], [9.967198732215012, 53.61426040434634], [9.967259024692478, 53.61446569943895], [9.96731305517705, 53.61464965158234], [9.967987597456919, 53.61694630269012], [9.968018387286723, 53.61705114258534], [9.967924773826976, 53.61704305465958], [9.967915185633496, 53.61704224230424], [9.967704602015598, 53.616929570746876], [9.96753327990726, 53.616693245092485], [9.966394304602742, 53.61613041339564], [9.965883737947065, 53.61587800150666], [9.965487578134331, 53.61582998842407], [9.964589809983583, 53.61584769951391], [9.964469470889535, 53.615869397683376], [9.964382534446596, 53.61589013443755], [9.963634706688365, 53.61612256972852], [9.963076220991328, 53.61590477035199], [9.96095677762469, 53.6150763854399], [9.960185023723499, 53.614533071961446], [9.959473425540052, 53.61438317260853], [9.95738244219521, 53.61451555956735], [9.956724965627416, 53.61451845318494], [9.95665370851772, 53.61486567850778], [9.9563322033118, 53.61580433964546], [9.956389642824478, 53.615890326583695], [9.956768951536082, 53.61610480748312], [9.957305272919692, 53.61694661380991], [9.957951418019226, 53.61720945579738], [9.960007818282165, 53.61848880461877], [9.96021519454879, 53.61861726386896], [9.96051645477692, 53.618798201409284], [9.960681263530372, 53.6188562231406], [9.965721998231796, 53.621348485646585], [9.965859993600652, 53.62141672123579], [9.966479446978836, 53.6217229333129], [9.96656267995455, 53.62176528189723], [9.966605691507171, 53.62177240429293], [9.967205061220142, 53.62170760656824], [9.967249959556487, 53.62170863701187], [9.96738984225379, 53.62177858145665], [9.967951110186597, 53.62242350726154], [9.968269630068663, 53.62260280264818], [9.969921704832958, 53.62326966778433], [9.971358236986791, 53.624030287674145], [9.97205196084274, 53.624597534198024], [9.973525896209823, 53.625509961005264], [9.973910516935165, 53.62563563355261], [9.975786758875927, 53.62624868329281], [9.976097948454642, 53.626359243903316], [9.976552749842497, 53.62653676772439], [9.97698750822388, 53.62673148732688], [9.977457193553182, 53.62698477025487], [9.977904770104198, 53.627252802931416], [9.978060115359629, 53.627350968520766], [9.978217407027733, 53.627460686673956], [9.978795661020335, 53.62786401810233], [9.978994559555217, 53.62806989947129], [9.979214659898835, 53.62831688393886], [9.980835746119599, 53.63121861041126], [9.980860030695398, 53.63131889792137], [9.9812596533188, 53.6329677305822], [9.981261107710694, 53.63297370524134], [9.98137709215111, 53.63339605784166], [9.981934778620076, 53.635426715007355], [9.981993198925569, 53.63563943351021], [9.98209107732462, 53.636019389556196], [9.98240494013728, 53.63723778854522], [9.982493640312585, 53.63763381068522], [9.982520592720507, 53.63766111334999], [9.98397008200073, 53.637730233403765], [9.98414737091656, 53.637766205620856], [9.984145861439478, 53.63781312188203], [9.983989682224177, 53.63822471105211], [9.983219920081801, 53.63820077035292], [9.982452692783134, 53.63816610716683], [9.982416685322454, 53.63838118235138], [9.98241523813607, 53.63840807988992], [9.982415274429801, 53.63843502817601], [9.982419347430339, 53.638461898390126], [9.98242589512468, 53.63848851458488], [9.982434842739313, 53.63851491332891], [9.982446916585372, 53.63854110663874], [9.98246051771644, 53.63856663122664], [9.98247776811716, 53.63859167642045], [9.982498216077035, 53.63861567962816], [9.982521807374713, 53.63863891095879], [9.982594404760677, 53.63870700791731], [9.982647411440984, 53.63875088787261], [9.982674278019287, 53.63877251024991], [9.982703037435007, 53.63879292156549], [9.98273424685169, 53.6388126655642], [9.982767190776412, 53.6388308941769], [9.982837417107474, 53.638865284275184], [9.982873815287192, 53.63888114739705], [9.98291198845416, 53.63889593524937], [9.983030479899867, 53.638935475058425], [9.98307120484721, 53.63894746435003], [9.983113218203398, 53.6389576183097], [9.983199679156492, 53.638973978063305], [9.983287817997534, 53.63898638685489], [9.983377520135488, 53.63899382089263], [9.98541262020708, 53.63907461521115], [9.98531009395525, 53.639193222109526], [9.984978948713053, 53.63957644541771], [9.984642761216213, 53.639965543002006], [9.984583991146522, 53.640033514684745], [9.983542626073215, 53.64123858094036], [9.98186999578354, 53.6431729133334], [9.981444162713197, 53.643665407284175], [9.98144810119126, 53.64369235052157], [9.981444599548869, 53.64372005588291], [9.981425950479423, 53.64374364268603], [9.981396530493793, 53.643763964942785], [9.981360420606334, 53.6437802251402], [9.98132796521641, 53.64380012281953], [9.981265243288412, 53.6438736083791], [9.981197956425659, 53.64395247069179], [9.980957109780125, 53.644230743505574], [9.980348866542073, 53.64493354770132], [9.979513235746017, 53.64588214844051], [9.97901994085013, 53.646442107182295], [9.978984864247485, 53.646482214574], [9.979072150126717, 53.646508772927575], [9.978989426678575, 53.64660473110031], [9.97890206460744, 53.64657815533159], [9.978897546079628, 53.64658489795118], [9.978874951753948, 53.64661853914948], [9.978870365222106, 53.64662495872578], [9.978860465290147, 53.64663972743236], [9.97914106365041, 53.646725083063366], [9.979024529388798, 53.646860302365795], [9.979014689604815, 53.64687178966653], [9.978757130751069, 53.64679359825694], [9.978739830845536, 53.64681938484361], [9.978649617883532, 53.64695391218261], [9.978611129810947, 53.64701136883637], [9.978560181256075, 53.647087363431325], [9.978454080848334, 53.647245364480774], [9.978450722103311, 53.64724993129378], [9.978282203125197, 53.647500892484295], [9.978085446374775, 53.64771501415055], [9.978014865653991, 53.64778476883082], [9.977913510078674, 53.647875341302225], [9.977860392566786, 53.64791915528467], [9.977775859058893, 53.64798354058982], [9.977601044499893, 53.648108483759515], [9.977544548155125, 53.64815079708552], [9.977527689426179, 53.64817478211713], [9.977526810957967, 53.6481760477267], [9.97750323111072, 53.64827836241164], [9.977443942621848, 53.64829023532134], [9.977405630615284, 53.64833711026772], [9.976584314057106, 53.64934192367351], [9.976272107332857, 53.649723933471385], [9.976396973764569, 53.64967294629556], [9.97641938296992, 53.64968876366205], [9.97789038981374, 53.649103800589195], [9.977903338923538, 53.649088692457596], [9.977954704858217, 53.64890897260548], [9.977929689675575, 53.648886462150145], [9.977961193948696, 53.6488775305883], [9.978519258123649, 53.64866215562108], [9.978618852104482, 53.64864837069742], [9.97869704783826, 53.64866309342533], [9.979094191936245, 53.648795784444786], [9.979472636800132, 53.64888987626125], [9.97947476720241, 53.64889040715129], [9.979540047891701, 53.64889749560093], [9.979940649706343, 53.64898987655976], [9.979982513779095, 53.648999718248774], [9.98032118524942, 53.649097629601414], [9.980354070132266, 53.649107140185734], [9.980570604380626, 53.64916334491896], [9.980646404709574, 53.64916409037847], [9.980814965962553, 53.649161693864535], [9.981220216235986, 53.649148440606275], [9.982257460644927, 53.64915712190322], [9.98225446317195, 53.64912058889101], [9.98225421766833, 53.649115233557694], [9.982271143225558, 53.64886899828067], [9.982371137919781, 53.64885035297253], [9.983369241303155, 53.64867135317767], [9.983462923814002, 53.648654556567074], [9.983800397892534, 53.64860720828452], [9.98403718260451, 53.64857398117179], [9.984091939795716, 53.648570286127], [9.98460161444008, 53.6484912006635], [9.98469546534164, 53.64846673421836], [9.984856805751177, 53.64842467869074], [9.984989784043844, 53.648337408706006], [9.985147662951059, 53.64834549405259], [9.985212932187805, 53.64834884014586], [9.985394728535631, 53.64835814858363], [9.985807837588855, 53.64823790178841], [9.986775528122802, 53.64875201084733], [9.987371835021927, 53.6490688142187], [9.987391313804936, 53.64907993905568], [9.987409409822387, 53.64909185973526], [9.987426031200862, 53.64910451573695], [9.987441093553356, 53.64911784280708], [9.987454520407706, 53.649131773284914], [9.987467090019816, 53.649147443259636], [9.987477592367346, 53.64916364154395], [9.987485965139907, 53.64918027203719], [9.987492158661185, 53.64919723607436], [9.987496136183735, 53.64921443301155], [9.98749747681802, 53.64922545668404], [9.987497916693915, 53.64923650600462], [9.987497454777023, 53.6492475550077], [9.987477396310076, 53.64948467531029], [9.987429743258106, 53.650051473202126], [9.987420894507041, 53.650155169537385], [9.98741307654575, 53.65025053370259], [9.987369250237164, 53.650774611933265], [9.987345755361696, 53.65105444848673], [9.987192306216569, 53.652882164775484], [9.987190789772994, 53.652900154951794], [9.987017997582239, 53.6549581350466], [9.9870173578272, 53.65496572689576], [9.986990936196202, 53.65528045498003], [9.986990733116635, 53.655300009211786], [9.986993392812202, 53.65531949988142], [9.986998895142502, 53.65533877936804], [9.98700719843709, 53.65535770165006], [9.987018239810967, 53.65537612341117], [9.987031935640761, 53.65539390512577], [9.987048182198007, 53.65541091211575], [9.987066856434671, 53.65542701557065], [9.987087816915068, 53.65544209352316], [9.99109905819867, 53.658083530957775], [9.991118721182618, 53.65809759189961], [9.991136395023208, 53.65811255569375], [9.991151962755097, 53.658128323311736], [9.991165321350547, 53.65814479040538], [9.99117638240129, 53.65816184799735], [9.99118507270367, 53.65817938320233], [9.991191334743155, 53.65819727997409], [9.991195127075033, 53.658215419873386], [9.991243196505243, 53.65855953689073], [9.991256893597827, 53.658657653447776], [9.99151554523414, 53.66050954800072], [9.991531408055222, 53.66062315229585], [9.991580358839588, 53.660973625855625], [9.991581649247037, 53.66099149627497], [9.991580542143346, 53.661009371031746], [9.991577044542728, 53.66102713682895], [9.990934641691988, 53.66345047599047], [9.990930276416924, 53.66346697065188], [9.990596511852408, 53.66472589325551], [9.990592844292458, 53.66474502029077], [9.990591948103182, 53.66476426359486], [9.990593829872552, 53.664783481789655], [9.990598475779201, 53.66480253368134], [9.990650550145057, 53.66496622078864], [9.990653491246222, 53.664975463932], [9.990979414865688, 53.666000081507086], [9.991027260185517, 53.6661504730074], [9.991032227611708, 53.66616608143267], [9.991121841230026, 53.666447786454064], [9.99112618428709, 53.66646513078622], [9.991128236276037, 53.66648262345485], [9.991127984692152, 53.666500157884784], [9.991125431065367, 53.66651762724632], [9.991120590951002, 53.66653492510605], [9.991113493835073, 53.66655194607531], [9.989789560433382, 53.66926807189573], [9.989782411769816, 53.66928525259912], [9.989777561934432, 53.669302714089476], [9.989775041009175, 53.66932034806919], [9.989774864631984, 53.669338045170726], [9.989777033899706, 53.66935569563491], [9.989781535361237, 53.669373189991674], [9.989788341100867, 53.66939041973904], [9.99244829887261, 53.67509995907523], [9.99245487510956, 53.67511647358223], [9.992459333432329, 53.67513323569016], [9.992461648406497, 53.675150149781935], [9.992461806824029, 53.675167119373306], [9.992436011642491, 53.67563990172755], [9.992415239255049, 53.67602046220236], [9.992404216045868, 53.67622261293231], [9.99240454193754, 53.67624167486991], [9.992407587881456, 53.6762606518072], [9.992413331958078, 53.6762794071577], [9.992421732827923, 53.676297805929636], [9.992432730029005, 53.67631571569754], [9.992446244411909, 53.67633300755537], [9.992462178709395, 53.67634955704439], [9.992480418236413, 53.676365245048885], [9.992635632677038, 53.676487285076625], [9.99293483534535, 53.67672254071248], [9.993095296868724, 53.67684870744983], [9.993129323581767, 53.67687546361399], [9.993216395706506, 53.67694392837009], [9.993358873828278, 53.677055960683624], [9.993614910340716, 53.67725727137807], [9.993691926979501, 53.677317828167595], [9.994154648144502, 53.67768163911859], [9.994282893824368, 53.67778248056416], [9.994504571304814, 53.677956766622465], [9.994600578932472, 53.67803223935535], [9.995189467581119, 53.678495223652206], [9.997459284870587, 53.680279657039385], [9.997471663256091, 53.68028887349938], [9.99748483879099, 53.680297691847784], [9.997498775209333, 53.68030608781157], [9.999617995850322, 53.68151756580952], [9.999645180487322, 53.68151272765716], [10.000280885779837, 53.68139944647756], [10.000718227697446, 53.681222983252795], [10.000953803364329, 53.681127782755375], [10.001032259098993, 53.68112058318157], [10.003071825032116, 53.6809333336102], [10.004966286529923, 53.68120554338617], [10.020739887810924, 53.6815295795516], [10.027628135956679, 53.681668347937], [10.031277687374548, 53.681742246418764], [10.031675959479664, 53.68175030406891], [10.035745624428705, 53.68183311209244], [10.036769491197903, 53.68185371868103], [10.042289037148096, 53.68196465283185], [10.04268811527427, 53.681972666859515], [10.043455035007044, 53.681988055203156], [10.043429264472852, 53.68196538514716], [10.04340233151841, 53.68194162857408], [10.042885795402038, 53.68148592584765], [10.043086324683152, 53.681407549662715], [10.042934886211835, 53.681274035888386], [10.042790057456486, 53.68114633408655], [10.04264948654505, 53.68102240631132], [10.042504319171055, 53.68089441048174], [10.04235689355751, 53.68076444759741], [10.04221240843532, 53.6806370297525], [10.04206883792937, 53.6805104397383], [10.041925299893023, 53.68038390320337], [10.041783604873924, 53.680259004412406], [10.0416402392768, 53.68013263682545], [10.041495449540706, 53.68000496908146], [10.041353137396404, 53.67987949986438], [10.041208921890917, 53.67975233015777], [10.041150387753811, 53.67970071273769], [10.041063500852003, 53.67962412805198], [10.04091767782792, 53.6794955517329], [10.040776840604561, 53.679371426330135], [10.040634038171177, 53.67924554703661], [10.040491546419318, 53.67911995251734], [10.040347183644425, 53.67899273811319], [10.04020319233458, 53.67886581694124], [10.040058349663083, 53.67873810298354], [10.039914668365586, 53.67861140349511], [10.03977168347346, 53.678485282063704], [10.039629256309958, 53.67835964101834], [10.039484896537376, 53.678232335665115], [10.039341698326531, 53.6781060537751], [10.039198206301704, 53.677979486621155], [10.039046529211321, 53.67784572732496], [10.038913191181965, 53.67772812349941], [10.038809102793875, 53.677636324473085], [10.038552803497888, 53.67766340149361], [10.038417112308718, 53.677543606271], [10.038400382928515, 53.67752882984743], [10.036549282899184, 53.675895619904665], [10.035948040566128, 53.675365177160565], [10.035778497015048, 53.67314283031236], [10.035810016913599, 53.67314231498941], [10.035803657249174, 53.672903428464814], [10.035760593128103, 53.67245614734058], [10.035730446473988, 53.67205223351129], [10.035697822651267, 53.67160345975127], [10.035671851487477, 53.671164830761825], [10.035671234571753, 53.67115448993123], [10.035626557266776, 53.670706098989534], [10.035606125666535, 53.67034022272283], [10.035601498709232, 53.67025709788853], [10.035576071969063, 53.669936262979405], [10.035574472669134, 53.6699161058273], [10.035537748821707, 53.66991726835197], [10.035531739498257, 53.66984998483131], [10.035572047758773, 53.66984870142274], [10.03555288830585, 53.66977725292695], [10.035533615664159, 53.669488221259485], [10.035532966633955, 53.66947842003444], [10.035525367391415, 53.66930061434273], [10.035521844401828, 53.669234720564724], [10.035517947494963, 53.66919740558113], [10.035508593535937, 53.66910853278391], [10.035453414628842, 53.66842920993593], [10.035437887399734, 53.668238555779816], [10.035435210340369, 53.668203450487276], [10.035392549326327, 53.66750304828215], [10.035393049108603, 53.6674499647733], [10.035246246600037, 53.66565932353743], [10.035239947966664, 53.66561538652363], [10.035088975957716, 53.66350519072723], [10.03508299856966, 53.663453960949], [10.034941135513018, 53.66161417841454], [10.034933088597734, 53.661576674518365], [10.034943229323714, 53.66150938612948], [10.034954095898797, 53.66145134100534], [10.03496331277361, 53.661413058671336], [10.034976900743892, 53.661375907106816], [10.034991211879651, 53.66133429980222], [10.03499726822761, 53.661296736925685], [10.035004207079021, 53.661253809057726], [10.035005403319941, 53.661208746533354], [10.035002716355269, 53.66116887718208], [10.035005916618797, 53.661130251338854], [10.035008512466398, 53.66112131194792], [10.035010708598314, 53.661104088279636], [10.035028918098483, 53.66109126556861], [10.035056301895176, 53.66107363540777], [10.03536452307393, 53.66095293789309], [10.035381110342716, 53.66094185501662], [10.035400718315188, 53.66092373470315], [10.03540770251309, 53.660892554861036], [10.035409169390467, 53.660869665516636], [10.03540409055782, 53.66085139012853], [10.035391081201228, 53.66083124172153], [10.035206365254343, 53.66062518707265], [10.035175409205277, 53.6605939846856], [10.035150597591379, 53.66056217186191], [10.035125786675726, 53.66053038599363], [10.035107327846484, 53.660495965404074], [10.035092409784406, 53.66045967148583], [10.035077596153204, 53.660425785678626], [10.035083874294775, 53.660344166447075], [10.03509709354043, 53.660265426569566], [10.035121504740603, 53.660172207752424], [10.035145516274268, 53.66007441705115], [10.035335921349347, 53.65940803519716], [10.035338497028528, 53.65936431804552], [10.03533988915136, 53.65933961359155], [10.035335272366712, 53.659321657800795], [10.035328779194316, 53.65930308901373], [10.035321172986281, 53.65928850292938], [10.03530601781564, 53.65927154613408], [10.035269258889608, 53.659231378109254], [10.035191375846647, 53.65918965998151], [10.034965503668742, 53.659092824915994], [10.034916294554122, 53.65906887244749], [10.034864602748511, 53.65904117508131], [10.034830712737955, 53.65899639780512], [10.034782510266234, 53.65893321815649], [10.03473636314789, 53.65877415446115], [10.03473564533871, 53.65876338301282], [10.034713787612658, 53.65873843003988], [10.034656508703712, 53.657948093433376], [10.03464397945218, 53.657920309242904], [10.034635565989182, 53.65786285318804], [10.034642597801733, 53.65782867068184], [10.034657261179541, 53.657797154845056], [10.034668976648886, 53.65777193871026], [10.034699882529434, 53.65773569818692], [10.03473545463877, 53.657714509640456], [10.034775824916377, 53.65769584144395], [10.034838842331528, 53.65767630333688], [10.034913305641844, 53.657664414670464], [10.036168692310854, 53.657628424419684], [10.036243545687414, 53.65762011810749], [10.036311322112251, 53.65760399874996], [10.036351825796306, 53.657598821157805], [10.03639294087833, 53.65757291891424], [10.036473975491731, 53.65752296745145], [10.036499877874078, 53.65747282802959], [10.036584725252954, 53.65742348169369], [10.036580430948657, 53.65737859249618], [10.036541521847354, 53.65679989324005], [10.036483375200813, 53.65594769423619], [10.036461170713931, 53.65559091134551], [10.036452132918939, 53.65551610327909], [10.036427705178912, 53.655098889429], [10.036440350188489, 53.655012324981186], [10.03656524951142, 53.6541551253423], [10.036589679951422, 53.65400374791571], [10.036586525352513, 53.65395163974932], [10.036563857571407, 53.653921363710175], [10.036539726434851, 53.653890030659284], [10.036521628050977, 53.65386652862096], [10.036492082153716, 53.653840833517535], [10.036278891236085, 53.653655395684574], [10.03621792410029, 53.653647824373095], [10.036192861181904, 53.6536253713371], [10.036196423212704, 53.65358366808169], [10.035708902720184, 53.65315962932662], [10.035653015755843, 53.653122853870535], [10.035588765920672, 53.65308996200653], [10.034135793315494, 53.65240422883143], [10.034097938094543, 53.65238636231116], [10.034062018206908, 53.652361018297086], [10.034045155915887, 53.652334152360034], [10.034032896706726, 53.65230371403778], [10.034024608441976, 53.65227169533266], [10.034018608242603, 53.65224970642944], [10.034008932844168, 53.65221417606356], [10.034004579272203, 53.652197026931624], [10.033993704505088, 53.65217988018493], [10.03398114885466, 53.65216267604252], [10.033967209857423, 53.652145825422686], [10.033950585860666, 53.65212869236677], [10.033935281555552, 53.65210984002559], [10.033010780730503, 53.65134000379196], [10.033000015303886, 53.6513310179114], [10.032960121530145, 53.65129468749268], [10.032941413167965, 53.65127767115802], [10.03289378316872, 53.65123990631911], [10.032575941149481, 53.650975417654074], [10.032464141652714, 53.65088239412285], [10.031631234945236, 53.650163578259516], [10.031588994665325, 53.65012709681635], [10.031475645219922, 53.65002927667223], [10.031359657908732, 53.649929978002554], [10.03134936716144, 53.649921194629385], [10.030742754694526, 53.649401917692515], [10.030762580524557, 53.64939968855095], [10.03045869897849, 53.649138876393835], [10.028927000922154, 53.64782417699955], [10.028148306021107, 53.64715346496741], [10.026794356899169, 53.64602614004869], [10.025876122332301, 53.64523802871872], [10.025263945023564, 53.64472759891587], [10.025216799571186, 53.64470048769963], [10.0251714983505, 53.644663338071666], [10.025119998189247, 53.64462695162857], [10.025046810653903, 53.64457520908406], [10.02479976708256, 53.64437651249492], [10.024661837638066, 53.64425441062732], [10.024513167414474, 53.64410730356668], [10.024455382061577, 53.644046224240086], [10.023923334685069, 53.64346504255762], [10.023596082766849, 53.64311204320764], [10.023470607783612, 53.642976700728404], [10.023356363676948, 53.6428903324139], [10.023325736195133, 53.64282493044727], [10.023254039041046, 53.64274892207219], [10.023024806279167, 53.64250593419265], [10.022783460151553, 53.642249844699606], [10.022491998591086, 53.641957355325005], [10.022478170268954, 53.64194537439898], [10.022132373688207, 53.64158577879182], [10.021595233345243, 53.641027201341466], [10.02149243706027, 53.640923429965525], [10.020992711752767, 53.640418958235365], [10.020963749752006, 53.64038972170642], [10.020917477773994, 53.64038781517286], [10.020777490361343, 53.6402408631466], [10.020772662079468, 53.64023572672065], [10.020770129741617, 53.64023296176006], [10.020594403475004, 53.64004416538554], [10.020263902406993, 53.64002935539094], [10.02020084849018, 53.64002651294159], [10.020208097503257, 53.639446865987836], [10.020213112468074, 53.63938328294965], [10.020226524551658, 53.639320131090436], [10.020248250670576, 53.63925780143906], [10.020278156263416, 53.639196679931615], [10.020316056124846, 53.639137145021955], [10.020361715553191, 53.639079565338314], [10.020762488930659, 53.63942661624137], [10.021449758473386, 53.639178997958524], [10.02163252176687, 53.639114426282674], [10.021766070375628, 53.63906759597846], [10.022424866955534, 53.63885584700256], [10.022713942195908, 53.63875609998737], [10.022926552461168, 53.63867684415982], [10.023117796047396, 53.63861036399592], [10.023358434988621, 53.63852683182887], [10.0234122999916, 53.63850819581371], [10.023561204568576, 53.6384535467073], [10.023746497138205, 53.63838562425653], [10.023740947907566, 53.638366336615725], [10.023737430191309, 53.63835033125928], [10.023736023469837, 53.63833421161775], [10.023736736308804, 53.63831807587278], [10.02373956436403, 53.63830202230388], [10.023744490408026, 53.63828614869003], [10.023751484434975, 53.638270551713966], [10.023760503843548, 53.6382553263734], [10.023771493696433, 53.63824056540243], [10.023784387054992, 53.63822635870662], [10.023629672726399, 53.63812784218434], [10.023945932659947, 53.63812726780743], [10.024198517036293, 53.638126805934846], [10.024427971486512, 53.638068787859766], [10.02458922462454, 53.638018256561956], [10.025021763271448, 53.63788272263795], [10.025068583577761, 53.63786804736824], [10.025097645408875, 53.637858935463086], [10.025100152302933, 53.63785814994029], [10.025122969244293, 53.637850988161134], [10.025369949507168, 53.63773427354436], [10.025347749298462, 53.63782673465269], [10.02576213465437, 53.638079655589344], [10.02597837926155, 53.638211620043656], [10.026159217033175, 53.63827007985169], [10.026357746461624, 53.63825789683116], [10.026363983934433, 53.63825751076362], [10.026481631743263, 53.6382276656586], [10.02666154499382, 53.638181996344855], [10.02678502492776, 53.638150662699], [10.026790239110753, 53.63812184453678], [10.026971830586866, 53.638076178335794], [10.027221007359392, 53.638013293491575], [10.027519043547297, 53.63793816835949], [10.027810806121865, 53.63786447164555], [10.0279192399963, 53.6378370952723], [10.027979126585638, 53.637819268415726], [10.02832419727675, 53.63771667180065], [10.029403283390469, 53.637777501725104], [10.029664286511453, 53.63779177860016], [10.029752038784517, 53.63783069176123], [10.0299776240402, 53.637927143460836], [10.030885883990898, 53.637837553359226], [10.031028008689557, 53.637823556132766], [10.031169557333122, 53.637809509765894], [10.03145270342542, 53.637781568919465], [10.031460094015387, 53.63762571869996], [10.031788377909633, 53.6375924172584], [10.032111033233871, 53.6375596758103], [10.03225551472735, 53.637545000610956], [10.032182162948333, 53.637237322960964], [10.032211707455707, 53.63723195352776], [10.032393141842455, 53.637198828911394], [10.032490978436797, 53.63717310383652], [10.03251624132453, 53.6371664498892], [10.032556485129644, 53.63715017444256], [10.032575975589914, 53.63713197459642], [10.032628332931278, 53.63711067770914], [10.032653781080171, 53.63710170299899], [10.032815588769061, 53.637065133508685], [10.032866328252778, 53.637058106865666], [10.032812633492535, 53.6368983340632], [10.032980732286862, 53.63687166976465], [10.033245137220723, 53.63682974682811], [10.033597093352892, 53.63677392561892], [10.033651003025472, 53.636765433044715], [10.033984819781228, 53.63671256286702], [10.033715994662126, 53.63651795578455], [10.033344586537622, 53.636207881368655], [10.033362803619147, 53.63614565576532], [10.033563851823114, 53.63606251658355], [10.033879589339888, 53.635880380593065], [10.034369806671345, 53.63560755733222], [10.034548549770332, 53.635508060639964], [10.034730634661491, 53.63541042245876], [10.034943844275903, 53.635296074202145], [10.03500976874813, 53.63526072615676], [10.035222689973764, 53.63515072152779], [10.03547841482491, 53.635018593115724], [10.035903594841665, 53.63479771558637], [10.036274758392379, 53.63462236552484], [10.03640712229232, 53.63461975439328], [10.03632612853017, 53.63457086383272], [10.036140473189866, 53.63447435709491], [10.035680063888575, 53.63423421180889], [10.035659773196299, 53.63420419363524], [10.035761637178046, 53.63411417831032], [10.035902067063589, 53.633990210655405], [10.036299044301934, 53.63363976691999], [10.03653884719324, 53.633428078363956], [10.036619649832328, 53.633355737067234], [10.036629198157485, 53.63334731267436], [10.036649803827006, 53.63332909349308], [10.036728980770016, 53.63332123463172], [10.036860398047693, 53.63326229770683], [10.036996766807693, 53.6331764858553], [10.03722052251449, 53.63297980256299], [10.03744234554041, 53.63275374186147], [10.037477426901967, 53.632732565567636], [10.037535678021094, 53.63271079292596], [10.037662468734872, 53.63267729785686], [10.03780313046515, 53.63264761953444], [10.037994913307758, 53.63261193362549], [10.038198768206072, 53.63257763486357], [10.038377292015886, 53.63253907003021], [10.03852977698664, 53.63249020483268], [10.038604885546114, 53.63245901784525], [10.038703477783272, 53.6323987726367], [10.038824752665732, 53.63230457714322], [10.038938515896156, 53.6322370628808], [10.039061487460373, 53.63217810691783], [10.039197387931951, 53.63212710163557], [10.039723393909657, 53.63196473358506], [10.039855163133488, 53.63193705369942], [10.03997798551826, 53.63192315948839], [10.040111569790627, 53.63191948191916], [10.040360604206722, 53.631924985275646], [10.040558539918507, 53.63193982235903], [10.04076656778115, 53.63196960082703], [10.041178977482089, 53.63206469459534], [10.041433143555176, 53.632148956875554], [10.04154619690715, 53.632190346955106], [10.041698886910426, 53.632261738562725], [10.041791731039662, 53.63233362387934], [10.04186391236579, 53.632420673487715], [10.041894457839915, 53.63247452985629], [10.041900464249824, 53.63252066260245], [10.04189534838177, 53.632568986574334], [10.041846513136106, 53.632772111576735], [10.041782259557028, 53.632930758775785], [10.041639787142664, 53.63315086063629], [10.041565734779217, 53.633301637786325], [10.041531535371202, 53.63341197759423], [10.0415284572011, 53.633463843419584], [10.0415271354144, 53.63348631820559], [10.04155692136034, 53.63357686500083], [10.041594475286212, 53.633634633553605], [10.041651172868594, 53.633701476107596], [10.041711486672602, 53.63374995877851], [10.041794490536809, 53.633788167378995], [10.04193421233306, 53.633826493491064], [10.04211605234412, 53.63386411119579], [10.042344223887614, 53.633895239699946], [10.04241140797132, 53.633917459524305], [10.042570796482913, 53.63398295789501], [10.04267001585739, 53.6340353260154], [10.042920475637096, 53.63413734358269], [10.0430022226787, 53.634196875005934], [10.04306030930942, 53.634248171958944], [10.043148600722509, 53.63438720709724], [10.043185209409241, 53.634438421487964], [10.04331609483294, 53.63457330096944], [10.043418137970276, 53.634654812873954], [10.04348252051604, 53.63469275115737], [10.04362678456957, 53.63475805637241], [10.043776676717782, 53.634816678524714], [10.043848463884762, 53.63483779671941], [10.044024984259128, 53.63486553417372], [10.044187439212628, 53.63486877343842], [10.044195190057573, 53.63486967662951], [10.044200711444734, 53.63487032960074], [10.044214908727492, 53.63487198555904], [10.044271167077614, 53.63487855108347], [10.044375659908761, 53.63489074530063], [10.044590515383929, 53.63492131155445], [10.044743613079905, 53.63494309494172], [10.044848891632174, 53.634961367381514], [10.04485761046134, 53.63496288231553], [10.044950807204916, 53.63497085096486], [10.045387570123083, 53.635008206697464], [10.045627944511969, 53.635052948468186], [10.045696749932448, 53.635071475831424], [10.045763807680515, 53.63510128152863], [10.045936982382695, 53.63522111881401], [10.046199462252487, 53.635490469962065], [10.046381639284405, 53.63563048893363], [10.046565709083577, 53.635776657474096], [10.046749382468047, 53.635879880184945], [10.046855673891333, 53.635920605300306], [10.047111263505178, 53.63600170602828], [10.047518827862342, 53.63613103228122], [10.047876404304695, 53.636225459335634], [10.048009690966197, 53.63625440535783], [10.048201843460232, 53.636288220149], [10.04832412426165, 53.63629966190588], [10.048417309005513, 53.636303340263034], [10.048504051995732, 53.63630341648403], [10.04859031467842, 53.636299982185115], [10.048683079714513, 53.636290396378456], [10.048788704731646, 53.63626999203573], [10.048930294044082, 53.636231807010525], [10.048961346574563, 53.63622088304688], [10.048990719522658, 53.63621054009482], [10.04901174088485, 53.636203137785515], [10.049109800896508, 53.636168623936804], [10.0492451827428, 53.636107049854935], [10.04941137871432, 53.63601339372566], [10.049561300435448, 53.6359289049209], [10.049776613498338, 53.63580757221891], [10.049896365618565, 53.63575010755441], [10.049958707570136, 53.63572018498902], [10.049985940231045, 53.63570711894371], [10.050017821161141, 53.63569181882416], [10.050025981899699, 53.6356878999855], [10.050033051722604, 53.63568451207255], [10.050078937550005, 53.635675282449014], [10.050190911244687, 53.635675522634486], [10.050261955411509, 53.63567567238067], [10.050313086398459, 53.63567910697168], [10.050421029396192, 53.635686348716106], [10.050463764222648, 53.63569152885727], [10.05054237672476, 53.63570105038143], [10.050638359267499, 53.63571267561838], [10.050709872270192, 53.635721342474675], [10.050886127076252, 53.6357642274793], [10.050979693111698, 53.63579180201381], [10.051087964713801, 53.635829890227214], [10.051191125034281, 53.63586618050044], [10.051294041353783, 53.63590238293901], [10.051397568069527, 53.6359387956623], [10.051498765116534, 53.635966060067666], [10.051597708671705, 53.635992714960466], [10.051709153582207, 53.63602273864832], [10.051792674597548, 53.63604774907364], [10.051949766344961, 53.63609479197174], [10.052045416719094, 53.63614772306686], [10.052106867992883, 53.63618172738117], [10.0522150892233, 53.63622682637688], [10.052289432476421, 53.636266515127076], [10.052357644482187, 53.636302931833924], [10.052495675555104, 53.63636253729738], [10.052598953607564, 53.63639616461022], [10.05272691911377, 53.63643782655335], [10.052801240569718, 53.636462027279116], [10.052916038514509, 53.63650999818965], [10.053025533102925, 53.63655575043649], [10.053083306918175, 53.63657989879588], [10.053153886972773, 53.63661418182466], [10.053186880697334, 53.636630215417775], [10.053214194233748, 53.63664348544755], [10.053569240849505, 53.63681596856273], [10.053615906794528, 53.63683863238019], [10.053722553966118, 53.636898728396915], [10.053817118112951, 53.63696192399904], [10.053905637967606, 53.63702109177383], [10.05394050761991, 53.63704439865487], [10.053992768758974, 53.637071246843334], [10.054043788964222, 53.63709745873389], [10.0540992961801, 53.63712831431663], [10.054196384352492, 53.63718229173535], [10.054233210490368, 53.637202767771576], [10.054258579272354, 53.63721687268283], [10.054576840535558, 53.63739381169153], [10.055030626333567, 53.637681629300126], [10.055087106786626, 53.63770899714022], [10.055144520972597, 53.63773680616937], [10.055165944252368, 53.63774915687233], [10.055308680521145, 53.63783148656046], [10.05541619720566, 53.637893497040636], [10.05544336022359, 53.637909158943565], [10.055522105063249, 53.6379425506063], [10.05567822017362, 53.63798879723945], [10.055703915328136, 53.638003213580205], [10.055851654912418, 53.63805323728459], [10.055857136823885, 53.63805470805959], [10.055862984136702, 53.63805627448948], [10.055996620220517, 53.638092094081195], [10.056015578431056, 53.6380971763682], [10.056296644452239, 53.63815423018436], [10.056373843235338, 53.638169890813195], [10.056429272087836, 53.63818114118949], [10.056439229909975, 53.63818316570633], [10.056523042094216, 53.63806761959653], [10.056563024957688, 53.63801218263312], [10.056589260717459, 53.63794653872878], [10.057023925549144, 53.637364714081556], [10.057342141121493, 53.63706272565093], [10.057649727899019, 53.63677256977829], [10.0573486846947, 53.636709897760795], [10.05737012213084, 53.6365933828113], [10.057377312179867, 53.63655429840549], [10.057287875891973, 53.636536058829954], [10.057230608252194, 53.63652438463895], [10.057294392628748, 53.636500288298016], [10.057332179244563, 53.63629240939852], [10.057370653830091, 53.63608060523288], [10.05728060738475, 53.63607482069732], [10.057408053288585, 53.63537405139549], [10.057416150050997, 53.63532950269451], [10.057417559389304, 53.63532175078452], [10.057533882838248, 53.63468198842809], [10.057583405744946, 53.63440951017595], [10.057720605657398, 53.63405795468601], [10.05773201946562, 53.63402873871047], [10.057746709098565, 53.6339478883817], [10.057758556617317, 53.63390940997992], [10.057769104003558, 53.63387518583705], [10.057866431939944, 53.6335592100555], [10.05793382448962, 53.63334039934664], [10.057947323231893, 53.633296602862295], [10.057962098718846, 53.63328086750127], [10.05798611472145, 53.63319742679108], [10.057982671854663, 53.633181924359995], [10.057995623299325, 53.63313983161264], [10.058051126475402, 53.63295967041056], [10.058107307073353, 53.63297220775391], [10.058184366702973, 53.632859974003004], [10.058087606419932, 53.632841269442984], [10.058124086164534, 53.63272286846295], [10.058160595499867, 53.63260444922926], [10.058197075069407, 53.63248605721125], [10.05822976499237, 53.63238001350979], [10.058259626522263, 53.6322830286727], [10.058280944293656, 53.63221388615399], [10.058286633402465, 53.63219646925152], [10.058315584513991, 53.632107834168906], [10.05834544835724, 53.632016395451494], [10.05843383196506, 53.63202677821121], [10.05839783070658, 53.63185607323074], [10.058480583138564, 53.631602824572305], [10.058518908607308, 53.63149480730655], [10.058561697240474, 53.63137418403575], [10.059025080601552, 53.63142716490464], [10.059272734655028, 53.63146691590242], [10.059539248133323, 53.63150969951232], [10.059799627157053, 53.63155147615059], [10.060026509948903, 53.631587867859025], [10.060090811994264, 53.631564268767654], [10.060181969174359, 53.63129802735201], [10.060226596722243, 53.631167706098296], [10.060271519656832, 53.631036510281504], [10.060317188451187, 53.63090310554922], [10.060362701464067, 53.6307701336441], [10.060407933664676, 53.63063803613154], [10.060448389841161, 53.63051993172993], [10.060514293380956, 53.63053011658861], [10.060556833805082, 53.63040589019671], [10.060599329076718, 53.63028168216412], [10.060641794315641, 53.63015749235689], [10.060685823949024, 53.63002875824723], [10.060594204074334, 53.630014612508255], [10.060639759490867, 53.62988279966761], [10.060645948983261, 53.62986488381607], [10.060699888465445, 53.629709211943336], [10.06074881912449, 53.62956789480806], [10.060797355207798, 53.62942774071732], [10.060847583075578, 53.629282699607195], [10.06089851244848, 53.629135494909804], [10.060950714927223, 53.62898480018442], [10.060998258788926, 53.62884734247922], [10.061045592926076, 53.62871057875779], [10.061108873214458, 53.628527713233964], [10.06112074479575, 53.62849338712105], [10.061155824150344, 53.62839197759451], [10.061247698836121, 53.628433285192635], [10.062756766337447, 53.62877052734149], [10.07182723196313, 53.63079709700049], [10.074053845317788, 53.63129444288818], [10.07519509648666, 53.63136049519453], [10.075225357024227, 53.63136224588794], [10.077074875062458, 53.63146926977287], [10.077973084167771, 53.63104737811124], [10.077972724449207, 53.63070221486073], [10.077972667502074, 53.629900823906475], [10.077980987070488, 53.62885612547821], [10.081940067373216, 53.62883368116149], [10.08234769164383, 53.628646531409515], [10.08457110970961, 53.62749679948163], [10.084572173039938, 53.62714965435434], [10.08457264775835, 53.62700481999237], [10.084633090389897, 53.62700488353895], [10.084723725940828, 53.627003576781775], [10.084874135462217, 53.62699513029795], [10.085022712287646, 53.626978906812916], [10.085158920733718, 53.6269568355991], [10.085203835777865, 53.62692516479107], [10.085152861646337, 53.626738944282], [10.08517436123735, 53.62667339964309], [10.084974984826928, 53.62589174752404], [10.08456750096109, 53.62593074919379], [10.084546940976542, 53.62584778763338], [10.084534696108543, 53.625798378416675], [10.084522382504039, 53.62574864621875], [10.084344764699713, 53.625746686861554], [10.084312254375524, 53.625626951829595], [10.084264265724144, 53.62544962092585], [10.084228334882601, 53.62531676600712], [10.084192439575073, 53.62518410851088], [10.08419006784611, 53.62517534778216], [10.083591749050642, 53.62522794006296], [10.083570171549729, 53.62511992633145], [10.083516434335971, 53.62485085192813], [10.083489429172403, 53.624715695712126], [10.083462420964649, 53.62458041366991], [10.083435276345618, 53.624444521604936], [10.082682800318697, 53.62451262637417], [10.082384268119354, 53.624539641573485], [10.082130253790645, 53.624562630994085], [10.08190749679334, 53.62458278447196], [10.08163601248235, 53.62460735101048], [10.081612025334115, 53.62460772059148], [10.08147456734243, 53.62477822474591], [10.081448765038996, 53.624792175030414], [10.081410926638267, 53.62481263419392], [10.081357251451859, 53.62480686282707], [10.081281136042438, 53.624798687365555], [10.081064797108018, 53.62476237558542], [10.081045772774965, 53.624721458895436], [10.080652412804133, 53.624332283582774], [10.080635548954355, 53.62427943695298], [10.0805939369992, 53.62402847242255], [10.0803844757134, 53.62362721758331], [10.080352323238106, 53.62364057775081], [10.080111691653267, 53.62358291004247], [10.08011603061868, 53.62354854205822], [10.080146427039423, 53.62345989730545], [10.080163239541463, 53.623343788024876], [10.080156574130594, 53.62326276778004], [10.080126495372806, 53.62316132917147], [10.080066555302304, 53.62295569934501], [10.080039463113756, 53.62290725962495], [10.079948431226587, 53.62277247361996], [10.079918071971749, 53.62272753308883], [10.07980565275098, 53.62257997786834], [10.07979967868768, 53.622572804642836], [10.079671350881554, 53.62241860615581], [10.0795189442045, 53.622262871866226], [10.07941168109678, 53.622143072619025], [10.07935779162292, 53.62207838866487], [10.079196109838403, 53.621905110261324], [10.079148207101294, 53.621861712019744], [10.079107283134547, 53.6218281297038], [10.078580439533868, 53.62193026499985], [10.07797865501689, 53.62204230461461], [10.07791426279532, 53.622054291543165], [10.07779884363313, 53.62207587073398], [10.077313971453073, 53.62114691262215], [10.077606434346224, 53.62109197299966], [10.077465891687366, 53.62074619259005], [10.077370227454786, 53.62054239314713], [10.077264382535198, 53.620340123493634], [10.077144341750563, 53.62015091661886], [10.0768308154282, 53.620209091916585], [10.076504759411693, 53.6202722151479], [10.07535614541549, 53.61965914760753], [10.07540881932299, 53.61958358954815], [10.074257997580274, 53.618967942558086], [10.07411350180822, 53.61897245749279], [10.073159643210381, 53.61929294905501], [10.072893037799874, 53.61918741789534], [10.072628892342276, 53.61908285288399], [10.07242233947197, 53.61900111556924], [10.071708804436902, 53.619249705530024], [10.071517754294657, 53.61930009133956], [10.071373043435143, 53.61932422777549], [10.071157154345011, 53.61933826828285], [10.070772915138553, 53.61934985056766], [10.070607580726762, 53.619361406269995], [10.070495214765353, 53.61937384531751], [10.070375060481583, 53.619393374287135], [10.070258198692617, 53.61942412786422], [10.07015120475235, 53.619461274129655], [10.069829247381135, 53.619590977632235], [10.06938388178108, 53.61976114560863], [10.069233402564217, 53.61979225247847], [10.069070302926924, 53.619805574883934], [10.06889870750829, 53.61980757495034], [10.067747225083046, 53.619731909922045], [10.067700808588853, 53.619732458846464], [10.067654222965427, 53.6197352924554], [10.067561403900832, 53.619742934046876], [10.067481892482368, 53.61975309063679], [10.06742557640802, 53.61976455943679], [10.065961149694203, 53.62021809676538], [10.065824653970681, 53.620258899708276], [10.065690317125053, 53.620289984194685], [10.065520947394784, 53.62030840037943], [10.064952395242516, 53.62033379368983], [10.064801563022685, 53.62034447521197], [10.064653568753316, 53.62036399440211], [10.064506653344361, 53.62038974214313], [10.064067843460373, 53.620469474980325], [10.063951542170155, 53.62048614068728], [10.063653902159071, 53.620516696894825], [10.063353158742197, 53.620535081931415], [10.063051562281679, 53.62054540171357], [10.062749424698826, 53.620545019704494], [10.062447619795313, 53.62053500681785], [10.062148059368646, 53.62051442022922], [10.061849881128575, 53.62048443616954], [10.061555266477649, 53.620444010561854], [10.061341698446839, 53.62040748587267], [10.061264956503392, 53.62039435036945], [10.06098019992401, 53.62033459959371], [10.060701354028238, 53.620265734903306], [10.060427963173645, 53.620189477265406], [10.060120031392534, 53.62008808624626], [10.059835432375909, 53.61998438441112], [10.059477721398615, 53.61984877117293], [10.059100013769152, 53.619701818987885], [10.058871073384767, 53.61959935719658], [10.05876107392588, 53.619538567295976], [10.058613230653307, 53.61944568890865], [10.058407415585977, 53.61930479170711], [10.057276685164348, 53.61847734880458], [10.057186206168483, 53.61838498663605], [10.056938547177719, 53.61809375687015], [10.056695508545316, 53.61780518248128], [10.056646096160684, 53.6177274598624], [10.056273593915009, 53.617072667317565], [10.0561152069646, 53.6170970678088], [10.055081686743547, 53.617256200065654], [10.054670465934672, 53.61731950218877], [10.054207214134948, 53.617479550783344], [10.054077994647288, 53.6175254808417], [10.049898907524874, 53.61896430026806], [10.049759869483289, 53.61901216346753], [10.049592692384646, 53.61876251471548], [10.049532618524903, 53.61866408231469], [10.049127985112698, 53.61805681363872], [10.049019427739434, 53.61789674633843], [10.048885566339704, 53.617694113355235], [10.048780254141576, 53.617551446948156], [10.04852346310618, 53.61721982078787], [10.048210546474952, 53.61681570445658], [10.048205694732589, 53.6168169694457], [10.048128400343858, 53.616720071451795], [10.047918184735655, 53.61645325084337], [10.047899623105582, 53.6164289544616], [10.047702640206186, 53.61617136610687], [10.047652825630639, 53.61610718069257], [10.047641519686474, 53.61609260971151], [10.047379924992223, 53.615755521907914], [10.047178226377808, 53.615484274811074], [10.047101897584657, 53.61538160579234], [10.046123613592659, 53.61409045907388], [10.046013993961434, 53.613949526783905], [10.045488811677615, 53.61327619684293], [10.045466317970421, 53.613246208476376], [10.04548231586331, 53.61324761481915], [10.044284244463487, 53.61227286004674], [10.044048244195238, 53.61208087484324], [10.043903473384871, 53.61196309717146], [10.043817535214043, 53.61187044265898], [10.043691470668424, 53.61173453267415], [10.043801353223252, 53.611544087398], [10.043809135841665, 53.6115302474704], [10.04381656300673, 53.611516338645416], [10.04382363299504, 53.61150236415112], [10.043853607957551, 53.611431670560755], [10.043874482764213, 53.61135982892458], [10.04388613727607, 53.61128725286696], [10.043889357950851, 53.61125358814489], [10.043898813093179, 53.61115523853119], [10.043911412532259, 53.6110244203868], [10.043922177445394, 53.610912378168265], [10.043941654261069, 53.61070985813165], [10.043945959419387, 53.61066501068563], [10.043953512048876, 53.6105863634433], [10.043968515358214, 53.61043045414083], [10.043978196684133, 53.61034557696245], [10.044003921284254, 53.61012061092718], [10.044027189959348, 53.60991680830422], [10.044032486226005, 53.60987047801491], [10.04403534548125, 53.60984545481075], [10.044043374464586, 53.609775100192785], [10.044072228901332, 53.60952262760334], [10.04408096639973, 53.609446073412805], [10.044142523578119, 53.60890723322345], [10.044149346674324, 53.60884744213254], [10.044173537630767, 53.60863573908978], [10.044178954780753, 53.60858819422029], [10.044231336653793, 53.60812967830722], [10.044245731840741, 53.608003716396404], [10.044231616671095, 53.607994607915025], [10.044144360041864, 53.607938271477366], [10.044117891347074, 53.607933414759295], [10.044091407142856, 53.607928588043656], [10.044064907525343, 53.60792379134795], [10.043887594219184, 53.60789181841115], [10.043823554713812, 53.607880892841756], [10.043758991281361, 53.607871118565996], [10.043693962426302, 53.607862504440874], [10.043668309701804, 53.60785943771933], [10.043642597789114, 53.60785655163599], [10.043616830284396, 53.60785384659453], [10.043482891591184, 53.60784276813812], [10.043348065992497, 53.60783656960321], [10.043212855689099, 53.60783527407841], [10.043192208696224, 53.6078354710311], [10.043171562511121, 53.60783569595317], [10.043150917240899, 53.607835948843444], [10.043207047086897, 53.60757016870488], [10.043217676935116, 53.607521284024216], [10.043301915748494, 53.607121700966395], [10.043315064216994, 53.60706123428684], [10.043327598952425, 53.60700072152383], [10.043339519501034, 53.60694016488062], [10.043407288647893, 53.60690997339564], [10.043549105991183, 53.60692282246447], [10.043560750307043, 53.606923569172885], [10.043572459652108, 53.60692371205861], [10.043584145668836, 53.60692325004346], [10.043595720175722, 53.60692218661373], [10.043607095832717, 53.60692052979397], [10.0436181868003, 53.60691829208637], [10.043628909387222, 53.60691549037646], [10.043639182682043, 53.60691214580564], [10.043648929163684, 53.606908283611695], [10.043658075286396, 53.606903932938295], [10.043666552034749, 53.60689912661518], [10.043674295444387, 53.60689390091032], [10.043928698247985, 53.606704520091284], [10.044180232309502, 53.60651378923144], [10.044428877406544, 53.60632172369454], [10.044432286606645, 53.60631900624315], [10.044438182322939, 53.60631415468604], [10.044646299123992, 53.60614309410031], [10.045179997545578, 53.605704429298285], [10.045404195760897, 53.60552015695635], [10.046105884984337, 53.60494337911628], [10.046283222169777, 53.60479759193586], [10.046936418700776, 53.60426052377797], [10.047122032760285, 53.60411823134587], [10.047323176588286, 53.603983612128125], [10.047538955821192, 53.60385726459718], [10.047722551148157, 53.603762072034506], [10.047914456709483, 53.60367286624452], [10.048114121300406, 53.60358990342647], [10.048135397098868, 53.60358161723526], [10.048156745138066, 53.60357339703977], [10.048178164839323, 53.60356524306281], [10.048621827661494, 53.60339688503532], [10.048867746682953, 53.60330472331214], [10.049684498062893, 53.60299614372082], [10.049735480079688, 53.60297688259851], [10.049868143110631, 53.60294525515432], [10.05052236801521, 53.60269497775372], [10.050641564968185, 53.60264938195935], [10.050947565068197, 53.60253231031685], [10.050960148616715, 53.60254974625498], [10.050984928310143, 53.60257449096869], [10.05114004605432, 53.60269621434666], [10.051277261216546, 53.60279015711052], [10.051353962135668, 53.60280914210215], [10.051402173757607, 53.60279277208497], [10.051445784198084, 53.60277795262354], [10.051788134676825, 53.602661701018434], [10.052964810192913, 53.60226207656692], [10.053382681551101, 53.60212015747093], [10.054501031982953, 53.601740303526086], [10.054544490495298, 53.601725538196646], [10.054623944843573, 53.601698554216945], [10.054728170365, 53.60166315390742], [10.054774101355415, 53.60164754870447], [10.054942794792408, 53.60159024910348], [10.055327175104598, 53.60145969281303], [10.055494684198615, 53.60140829064556], [10.055545625876126, 53.601399715263554], [10.0556763889608, 53.60137771629002], [10.055862915700647, 53.60136355791087], [10.05602788617738, 53.601364915672846], [10.05619257469883, 53.60137617255097], [10.05629543045635, 53.601389530135584], [10.056295995596782, 53.6013576682404], [10.056275696415371, 53.60126486553171], [10.056232545801482, 53.60117199485984], [10.056166597041088, 53.60108118611607], [10.056027244793672, 53.600927832706354], [10.055901642753353, 53.600840408749065], [10.055829908985002, 53.60080117564129], [10.055386502491974, 53.60057991358382], [10.055333057790701, 53.60055100047204], [10.055283651136083, 53.60051964906587], [10.055238595949502, 53.600486058255235], [10.055198178045055, 53.60045044113616], [10.05516265381652, 53.60041302365878], [10.055132248611041, 53.60037404319383], [10.054827043953484, 53.599937856591396], [10.054808006684327, 53.59975421794975], [10.054789787091199, 53.599695311560886], [10.054779473901784, 53.59963573151054], [10.054777131972402, 53.59957585267147], [10.054782776004446, 53.599516051794815], [10.054796370452722, 53.59945670513962], [10.054817829749943, 53.59939818610545], [10.05484928608152, 53.59933595486625], [10.054888442140017, 53.59927528898171], [10.054935080662242, 53.5992165250149], [10.054988942876772, 53.59915998897601], [10.055216659688389, 53.598940501862025], [10.055264943554354, 53.5988775487653], [10.055412541336176, 53.59870613969074], [10.055483673697399, 53.59865046134752], [10.055547308990452, 53.59859166013732], [10.055603061565053, 53.598530092444015], [10.055650593551217, 53.598466131417], [10.055689616906337, 53.59840016470953], [10.055719895160168, 53.59833259212896], [10.055741244847123, 53.59826382321348], [10.05575353661723, 53.59819427474995], [10.055756805827787, 53.59813871557759], [10.055754310547195, 53.59808314219978], [10.055746060291563, 53.59802776604922], [10.055684946662632, 53.59772517907967], [10.055675707712991, 53.59767947974756], [10.055667982692018, 53.59763496216936], [10.055662737721608, 53.59759031693346], [10.055659978535953, 53.59754559291619], [10.055636410476199, 53.597465187722726], [10.055637278038878, 53.597450285338496], [10.055640936551908, 53.59738792351404], [10.055675966624493, 53.59735652159862], [10.055679253065229, 53.59734110602464], [10.055682843679053, 53.59732571447823], [10.055686737970198, 53.59731034908316], [10.055742719226256, 53.597097436700274], [10.055726769182384, 53.597072264477], [10.055728696536322, 53.597044111980296], [10.05574056984481, 53.59702577757882], [10.05576574430705, 53.59698698376443], [10.055778497730424, 53.59692758894394], [10.055784124553963, 53.59691690533762], [10.055786446998404, 53.596914296020444], [10.055791105685687, 53.59684548312389], [10.055786912575451, 53.596776659630855], [10.055773892224089, 53.596708227890986], [10.05575212079211, 53.59664058796176], [10.055611487790038, 53.59656976411829], [10.05556823006786, 53.596539016916154], [10.055566137939914, 53.59652843737038], [10.055575501598394, 53.596511266723], [10.055608728751084, 53.596479700945736], [10.055618210870094, 53.596470313702625], [10.055639416738346, 53.59644932612735], [10.05582315924145, 53.596111670035434], [10.055906147782224, 53.59595903300068], [10.055942448185336, 53.59589803706156], [10.056022067567948, 53.59576423461061], [10.05607286798485, 53.59568907886152], [10.056269798078988, 53.59539758087605], [10.056295131585342, 53.59536703741185], [10.056320068602329, 53.59533695588014], [10.05632768153766, 53.59532776485854], [10.056359454305074, 53.595289442999984], [10.056375224638678, 53.595268053825386], [10.056400889131432, 53.595255629195236], [10.056642578522483, 53.59526477626352], [10.05676227045427, 53.59522739475007], [10.05683269391384, 53.59519267755795], [10.056848574945462, 53.59517270760039], [10.056872784295779, 53.59515647540487], [10.056896427048066, 53.59513994258387], [10.056918940885067, 53.59512297927013], [10.056939317541163, 53.59510514492178], [10.056959604366854, 53.595086133807136], [10.056976074611972, 53.595066769877604], [10.056991126674022, 53.59504688812395], [10.056992574733103, 53.595011072228814], [10.057081100956331, 53.59476274266648], [10.057099109631642, 53.59472115189969], [10.057123129369458, 53.59468065027234], [10.05715297818554, 53.59464154461419], [10.057188429937856, 53.594604131178635], [10.057229216040165, 53.59456869339853], [10.057275027497099, 53.59453549973902], [10.057325517245259, 53.59450480166397], [10.057510365323312, 53.5944016645061], [10.057611261693083, 53.59434163441945], [10.057705663574655, 53.594277975222326], [10.05779320292811, 53.59421093512012], [10.057823591982038, 53.59418403426246], [10.057850661266817, 53.59415590660815], [10.057874271500218, 53.59412669689224], [10.05789430119983, 53.59409655541731], [10.05806995545145, 53.593800954678116], [10.058079311608703, 53.59378704587137], [10.058090535850635, 53.59377363513152], [10.058103554000825, 53.593760811082554], [10.058118280028147, 53.59374865847133], [10.058134616615346, 53.59373725760741], [10.058152455802162, 53.59372668383249], [10.058171679698793, 53.593717007022455], [10.058192161264975, 53.59370829112558], [10.058213765149508, 53.59370059374006], [10.058236348584707, 53.59369396573328], [10.058259762329847, 53.5936884509057], [10.058751174369432, 53.59358634836567], [10.058804766231562, 53.59356753660953], [10.059232654343374, 53.59344124752625], [10.059279540762594, 53.593427411890715], [10.06001784785272, 53.5933855016122], [10.060176623165667, 53.59338084085128], [10.060340426357039, 53.59337543418164], [10.060357949305157, 53.593393975978664], [10.060885356963276, 53.59336236084991], [10.061305687418294, 53.5933321426758], [10.061488969528185, 53.59331721310587], [10.061506747257944, 53.5933157609731], [10.06170827592462, 53.59329819721457], [10.061786807499717, 53.593292466509126], [10.061866241559528, 53.59328898397805], [10.063036834840998, 53.593092706217654], [10.063332175216885, 53.5930432043039], [10.063772428213005, 53.59295576525959], [10.064765161826502, 53.592758085317065], [10.065327013573105, 53.59265102304759], [10.065753892716126, 53.59258063100725], [10.066262444183176, 53.5924847629412], [10.066461166107137, 53.59245017303589], [10.0669495525029, 53.59239123775538], [10.067097693688007, 53.59237246900055], [10.067207172309564, 53.59235857537172], [10.067233604618686, 53.59235522941385], [10.067343601293349, 53.59233971302035], [10.067356437832004, 53.592337665875846], [10.067503691355798, 53.59231426621541], [10.067601419785888, 53.59228678682446], [10.067745835680029, 53.59221737056593], [10.067798207621713, 53.592180362930776], [10.068004793372873, 53.59214795650494], [10.068186561447428, 53.59211881855792], [10.068265372311057, 53.592107507917184], [10.068369564729519, 53.59209253679281], [10.068500439410567, 53.59207455868793], [10.068546062026508, 53.592068299417754], [10.068726855521671, 53.59204607289717], [10.06873732607097, 53.59204487372476], [10.068907401057487, 53.59202540341359], [10.06897437366881, 53.59201858469276], [10.069088048447657, 53.5920069799951], [10.069213716400796, 53.5919982343826], [10.069278722394841, 53.5919937162698], [10.06945366048862, 53.591983757019605], [10.06946879307321, 53.5919828936498], [10.069661960161769, 53.591973831855114], [10.069694520113252, 53.59197263287329], [10.069851960743584, 53.59196682058586], [10.069888322870536, 53.5919660100361], [10.070038301011355, 53.59196264631604], [10.070024601710617, 53.59164888212048], [10.070019611140177, 53.59152730564735], [10.0700218377934, 53.591502413184216], [10.070028431982012, 53.59142852759247], [10.070032149551528, 53.59141241303264], [10.070028283183687, 53.591394532542516], [10.070018514725586, 53.59134936031131], [10.06999201099421, 53.59130260286625], [10.069951553575706, 53.591256114021924], [10.069897667541277, 53.59119419428278], [10.069807770836318, 53.59113440329848], [10.069548095262343, 53.59103982350656], [10.06947855313655, 53.59101482650227], [10.069510152295976, 53.590988772593896], [10.069513915544514, 53.59098562711187], [10.069517597615988, 53.59098244780488], [10.069521197651667, 53.59097923541445], [10.069540594776907, 53.59095996005629], [10.069557233708696, 53.59093979270329], [10.06957099944598, 53.590918872748304], [10.069581796847118, 53.59089734478581], [10.069589551287352, 53.590875357612475], [10.069594209174515, 53.59085306319871], [10.069595738319293, 53.59083061563827], [10.069594128157588, 53.59080817008317], [10.069580377535939, 53.5907123804208], [10.069561129271637, 53.59057837374443], [10.069541823110299, 53.590443864196295], [10.069522554095954, 53.59030962398043], [10.069503375031937, 53.59017594926181], [10.069484120243228, 53.59004166396276], [10.069464887268362, 53.58990763914414], [10.069451942569108, 53.58981741542981], [10.069370305404576, 53.589776445161455], [10.069445539510717, 53.58977265352324], [10.06945949698466, 53.58977195346777], [10.069579651716253, 53.58976591746409], [10.06958707468255, 53.58976550952348], [10.06959599325667, 53.589765097201024], [10.069671242652355, 53.58976131427301], [10.069924301476854, 53.58974857039062], [10.070142096903721, 53.589737597602365], [10.070215203580036, 53.589733923386916], [10.070397648865514, 53.589724875363], [10.070638369425085, 53.589712950482316], [10.070864060429187, 53.589701752911495], [10.071089796849865, 53.5896905634968], [10.071307369848853, 53.58967977934473], [10.07134900130834, 53.589677716634625], [10.071533754295537, 53.589669131617796], [10.071770252477455, 53.58965814117214], [10.071999627886397, 53.5896474837477], [10.072059838959461, 53.58964468801072], [10.07210222990665, 53.589642789023884], [10.072116307445553, 53.589642060615176], [10.072283832987226, 53.589632729909766], [10.07251716818633, 53.58961975279714], [10.072741496376896, 53.58960727846961], [10.072748044115126, 53.58960691413595], [10.072968297500445, 53.58959819736393], [10.073147726975668, 53.58959121268974], [10.073171495825154, 53.589590163516434], [10.073390315438488, 53.58958151276113], [10.073615731413181, 53.589572631622715], [10.073841810757887, 53.5895636991602], [10.074090121993926, 53.589553883524566], [10.074323717368138, 53.5895446489622], [10.074353813000302, 53.58954346184248], [10.074396664742766, 53.58954067698182], [10.074492714809997, 53.58942721818189], [10.074655277097161, 53.58919196317833], [10.074766814355852, 53.58916435383844], [10.075308831509535, 53.589297662603975], [10.07536018148874, 53.589223778903936], [10.075385659572918, 53.589187117474], [10.075463259028682, 53.589075432742675], [10.075481872106689, 53.589048657980044], [10.075354879013526, 53.588959594807015], [10.075318765920084, 53.58886716185668], [10.07531491938175, 53.58885728155699], [10.07534486393831, 53.58883469272556], [10.07524571859591, 53.588580898346656], [10.07520210449256, 53.588568489961396], [10.075133739780238, 53.58839344119935], [10.07480712607828, 53.58755701847417], [10.074679372109602, 53.5872590241457], [10.074530340019493, 53.58696454926072], [10.074360302352131, 53.58667413147586], [10.07435376046375, 53.58666370924474], [10.074347191542296, 53.58665329303564], [10.074340595603443, 53.58664288287333], [10.074321187631226, 53.58661255615659], [10.07430155585223, 53.58658228048728], [10.074281700646141, 53.586552056450195], [10.07427062678421, 53.586535364420996], [10.07424297787583, 53.586493553121485], [10.073146520969612, 53.58483531215307], [10.072851626878116, 53.58441072411605], [10.07253264986294, 53.583992346658256], [10.072189959304088, 53.58358066334405], [10.072131198055505, 53.58343448033844], [10.072125088432303, 53.58341928973102], [10.072097546872726, 53.583351112206145], [10.072097251373352, 53.58335017999727], [10.072055664541194, 53.583246909387924], [10.072055552683034, 53.58324666768703], [10.07204692496899, 53.583225090476354], [10.072018103922797, 53.5831534995849], [10.071969470858226, 53.58303262867924], [10.071841374392548, 53.58300269803087], [10.0717171156236, 53.58296750181866], [10.071597304915382, 53.58292721293036], [10.071482530777763, 53.582882029269065], [10.071407653025732, 53.5828486003006], [10.071335537524096, 53.58281308590645], [10.07126634813948, 53.582775566788676], [10.071169486391666, 53.582716429898774], [10.071079885438424, 53.58265336975616], [10.070997992760859, 53.58258670131609], [10.070776400218328, 53.58239219409678], [10.070034644462323, 53.58174116789517], [10.06993655113788, 53.58165508554365], [10.069246368883848, 53.581049293350866], [10.06917395185703, 53.58098573207188], [10.069109551765775, 53.58092919143467], [10.06896769196715, 53.58081095020116], [10.068869581318745, 53.58079166446711], [10.068869323230093, 53.580791612838944], [10.068867972153445, 53.5807913462509], [10.06885370267727, 53.580788543324076], [10.068837307860955, 53.58078531892247], [10.068835486139275, 53.58078495765983], [10.068835015720552, 53.580784871972575], [10.068834104859734, 53.580784691341236], [10.068832131441338, 53.5807843044668], [10.068831842922727, 53.58078424412143], [10.06880260567793, 53.58077850067188], [10.068789322805744, 53.58077588668127], [10.068783751704906, 53.580774794848494], [10.06868797889101, 53.58075596449771], [10.068687174196358, 53.5807558008949], [10.068642923707316, 53.58074710828897], [10.068641845823254, 53.5807468931921], [10.068630384688886, 53.580744640449375], [10.068629656182937, 53.58074450313265], [10.06862889702035, 53.58074434811172], [10.068504463986697, 53.58071988581855], [10.068503507597077, 53.58071969660232], [10.068350459922732, 53.58068961090553], [10.06745725536678, 53.5805169948983], [10.066871859949245, 53.58032554629495], [10.066822112218748, 53.58027186710742], [10.066864099376112, 53.58012652693098], [10.066884216706043, 53.580056853495506], [10.066893553552411, 53.58002454463048], [10.066749549987506, 53.580009765423895], [10.066655703054906, 53.580000130015776], [10.06632159836107, 53.57996584003685], [10.066121314641297, 53.57983519898626], [10.066056040470952, 53.57979291208683], [10.065039386096336, 53.57913305922181], [10.065008608148577, 53.57911522936029], [10.06492642135019, 53.57906761810447], [10.064665208925433, 53.578916293938704], [10.064269424064685, 53.57868700926462], [10.064201477828238, 53.57864763959231], [10.064271712734872, 53.578585098485604], [10.064320569856028, 53.57854159748327], [10.064055223835073, 53.57841611621549], [10.063877718243889, 53.57832825427224], [10.063700213162132, 53.57824038307375], [10.0635691270084, 53.57817550631525], [10.063598105343164, 53.57815478969504], [10.063551672282397, 53.57813180411921], [10.063522724367418, 53.578152529446804], [10.063345190554381, 53.578064657980335], [10.06316770300414, 53.57797679482994], [10.062989558518638, 53.57788860466189], [10.062894943182322, 53.57784931840924], [10.062774594707065, 53.57779934803824], [10.062710719230898, 53.57777282261052], [10.062503907791639, 53.57767071970092], [10.062515554195363, 53.57766233738392], [10.062345559216709, 53.57757799308889], [10.062299862204783, 53.57755539601031], [10.062155308016166, 53.577483904539335], [10.061734877119877, 53.57727597250716], [10.061394275282755, 53.57711031619737], [10.061237140066126, 53.577033892413425], [10.061166928427653, 53.57699973677259], [10.061129192195798, 53.57698135639035], [10.061039347289682, 53.57693760377209], [10.060978874584064, 53.57690814379478], [10.060502836321072, 53.576676376368894], [10.060348222612669, 53.5766009987636], [10.060289555402534, 53.57657243032652], [10.060230021808836, 53.57656959608225], [10.059851263947467, 53.576380947089994], [10.059806222229428, 53.57635847809442], [10.059750862562407, 53.576331084619724], [10.059719962379267, 53.57631439004019], [10.059691544646228, 53.57629620024378], [10.05966581289481, 53.576276645510276], [10.059657442755752, 53.57627001917615], [10.059648567127631, 53.576263630093585], [10.059639204969326, 53.57625749190985], [10.05963826903119, 53.57625690692566], [10.059637378618081, 53.57625633052721], [10.059636397604445, 53.576255754931246], [10.059633873452865, 53.57625423403381], [10.059631318516116, 53.57625273145502], [10.059628733169491, 53.576251247415634], [10.059627431760457, 53.57625050914034], [10.059626119574899, 53.57624977765306], [10.059624796712765, 53.57624905300951], [10.059620459903558, 53.57624672183496], [10.059616047504408, 53.57624444145989], [10.05961156119491, 53.57624221275237], [10.059554301711565, 53.5762143326306], [10.05947419834609, 53.576177251245525], [10.059390733120999, 53.57614289660571], [10.059304167760695, 53.57611137643495], [10.05882483171715, 53.575946365974374], [10.058814630854789, 53.57594252014101], [10.05880497876491, 53.575938201620964], [10.05879593713604, 53.57593343801484], [10.05878756375505, 53.57592825976795], [10.058779912137837, 53.5759226999756], [10.058774752479586, 53.57591856676173], [10.058769708712605, 53.575914383184106], [10.058764782224422, 53.57591015039367], [10.058680331279302, 53.57590074921015], [10.058557093286517, 53.57588704387531], [10.058522819244525, 53.57588323018905], [10.058231149260358, 53.57585077152852], [10.058113878660771, 53.57583772308147], [10.058093351500409, 53.57587152353417], [10.05804033099972, 53.575888747995705], [10.058004666380503, 53.575926628489], [10.05792172863376, 53.57601473513068], [10.057853621237241, 53.57608707868598], [10.057824868342156, 53.576084816019666], [10.057824672068794, 53.57608314828638], [10.05782424129743, 53.576081496242395], [10.057823579068106, 53.576079871546455], [10.0578226900543, 53.57607828566428], [10.057821580529932, 53.57607674978769], [10.0578202583251, 53.57607527475552], [10.057818732770812, 53.57607387097733], [10.05781701463314, 53.57607254835978], [10.057815116037245, 53.57607131623675], [10.057813050381794, 53.57607018330351], [10.057810832244424, 53.57606915755536], [10.05780847727885, 53.5760682462311], [10.0578060021044, 53.57606745576209], [10.057803424188727, 53.5760667917268], [10.057800761724543, 53.57606625881141], [10.057798033501227, 53.576065860776744], [10.05779525877223, 53.57606560043184], [10.057792457119193, 53.57606547961396], [10.05767881499724, 53.57606409335289], [10.057679465004478, 53.57604656803076], [10.057687729878593, 53.576046701704136], [10.057687962186451, 53.576043301805434], [10.05769021321189, 53.576043326847945], [10.057690697670838, 53.576030666042335], [10.057688506373195, 53.576030613504706], [10.057688158304256, 53.57602756031969], [10.057674089866811, 53.57602727121103], [10.057674313803187, 53.57602679917398], [10.05767446795607, 53.576026317339014], [10.05767455115868, 53.576025829353135], [10.057674562781257, 53.57602533890994], [10.057674502735827, 53.57602484972157], [10.05767437147688, 53.57602436549074], [10.057674169997924, 53.57602388988256], [10.057673899823952, 53.57602342649695], [10.057673562999915, 53.57602297884126], [10.057673162075243, 53.57602255030379], [10.057672700084545, 53.57602214412818], [10.057672180524634, 53.57602176338874], [10.057671607328064, 53.57602141096731], [10.05767098483337, 53.57602108953139], [10.057670317752223, 53.576020801513884], [10.057669611133766, 53.57602054909484], [10.057668870326404, 53.57602033418482], [10.057668100937319, 53.57602015841046], [10.057667308790021, 53.576020023102224], [10.057315580561148, 53.57597033091216], [10.057028844890942, 53.575929807515834], [10.056970158275409, 53.575921525820206], [10.056923729710245, 53.575914825728084], [10.056885867140899, 53.5759091666612], [10.056848073808444, 53.57590334597399], [10.056810351660584, 53.57589736396647], [10.056782721385751, 53.575892870848165], [10.056783628861114, 53.57588866276846], [10.056783923590167, 53.575884423797646], [10.056783603379762, 53.57588018548157], [10.056782670613046, 53.575875979361236], [10.056781132231722, 53.57587183673801], [10.056778999684383, 53.57586778844071], [10.05676880860418, 53.57586367445741], [10.056759218065208, 53.5758590773997], [10.056750292543155, 53.575854028173005], [10.056742569341935, 53.57584890454822], [10.05673553202315, 53.5758434421583], [10.056729222382655, 53.57583767344552], [10.056723677894423, 53.575831632671495], [10.056718931487989, 53.57582535571363], [10.056715011352873, 53.57581887985206], [10.056711940771162, 53.57581224354822], [10.056709737979252, 53.575805486216446], [10.056688561386428, 53.57572364858796], [10.056666067102299, 53.5754987176013], [10.056612716195891, 53.57539228728596], [10.056544817724832, 53.57528883401521], [10.056462833214832, 53.57518906083246], [10.056367319905549, 53.575093645767375], [10.05625892696158, 53.575003237228735], [10.056138391059214, 53.5749184495987], [10.056006531378948, 53.574839859058415], [10.055864244037808, 53.57476799967326], [10.05571249599939, 53.574703359764236], [10.055552318502913, 53.57464637859036], [10.055527206971403, 53.57463838158251], [10.055501930330674, 53.57463057102033], [10.05547649248826, 53.57462294811125], [10.055414295125013, 53.57460460197951], [10.05529093605406, 53.57456825105463], [10.050351811463404, 53.57311184188837], [10.050312073702235, 53.57310011856377], [10.050078726774137, 53.573031801221575], [10.050059253284555, 53.57306017966024], [10.050021760985365, 53.573115230334714], [10.049984620982755, 53.57317036555746], [10.049947833816212, 53.57322558452964], [10.049580383584292, 53.57313248293178], [10.04957571270889, 53.57313143424258], [10.049570912317272, 53.57313061866326], [10.049566015185965, 53.57313004176244], [10.049561054752026, 53.57312970747917], [10.04955606488473, 53.57312961809592], [10.04955107965431, 53.573129774222934], [10.049546133099359, 53.57313017479422], [10.049541258994376, 53.57313081707475], [10.0495364906192, 53.573131696679056], [10.04953186053176, 53.573132807601354], [10.049527400345779, 53.57313414225635], [10.049523140514918, 53.5731356915312], [10.049519110124848, 53.5731374448476], [10.049515336694654, 53.573139390234125], [10.049511845988935, 53.573141514407894], [10.049508661841895, 53.57314380286526], [10.04950580599459, 53.573146239980886], [10.049503297946503, 53.57314880911444], [10.049380628007325, 53.573287506936744], [10.049372330815018, 53.573295967926924], [10.04936282657894, 53.57330396643628], [10.04935218759138, 53.57331144162499], [10.04934049477612, 53.57331833663379], [10.0493278370729, 53.573324599016495], [10.049314310760929, 53.57333018113889], [10.049300018726516, 53.57333504054108], [10.049285069680503, 53.573339140260444], [10.049269577331323, 53.57334244911282], [10.0492536595201, 53.57334494192971], [10.049237437324273, 53.573346599749684], [10.049221034136607, 53.57334740996271], [10.049204574726604, 53.573347366405905], [10.04918818429143, 53.573346469410644], [10.049171987503588, 53.57334472579979], [10.049156107562577, 53.573342148835984], [10.049140665257786, 53.573338758120705], [10.049125778049675, 53.5733345794451], [10.0479278788268, 53.572959226291914], [10.047254725105946, 53.57274832459203], [10.047024568618683, 53.57267621598039], [10.046633415931753, 53.57255362214656], [10.04595776221352, 53.572341863125004], [10.044236606005997, 53.57187199748144], [10.043988339193417, 53.57180732223982], [10.043981909323955, 53.57180562550023], [10.04146061600154, 53.57114136482597], [10.041018106051988, 53.57101781192238], [10.040585389159855, 53.570882528016746], [10.040163342530917, 53.57073578738494], [10.040154504177405, 53.57073254729745], [10.040081501844163, 53.570705538449126], [10.040008860793526, 53.5706781866869], [10.039936585571455, 53.570650493722745], [10.039932891985003, 53.57064907483979], [10.039929207442079, 53.5706476476503], [10.039925531995403, 53.570646212174694], [10.039516289052292, 53.57047955941625], [10.039120260568293, 53.57030195579522], [10.038738272851301, 53.57011377195266], [10.037973054488951, 53.56971812070189], [10.03792999983294, 53.56969585998998], [10.037729502276301, 53.569592212491], [10.037707234512348, 53.56961652315408], [10.03768684682984, 53.56960598512919], [10.031826900160544, 53.56657604782574], [10.031832375931693, 53.56657147912391], [10.03184529962838, 53.56657698576499], [10.031861670045835, 53.566563423971], [10.031848685089063, 53.56655788190411], [10.031853421111824, 53.566553939823585], [10.032077549332437, 53.56636725527997], [10.03262858938256, 53.56590857291458], [10.032883037113747, 53.56569673451867], [10.033064449484009, 53.565545770657366], [10.033196623537076, 53.565435799197466], [10.0333260286602, 53.56532809875783], [10.03350354381251, 53.56518029604947], [10.033758320393325, 53.564968057374486], [10.033845368299877, 53.56489561772986], [10.033924425096975, 53.56482985401209], [10.034004931695726, 53.56476287318099], [10.034085453136846, 53.56469589216563], [10.0341659590089, 53.56462890223995], [10.034218857500983, 53.56465142076634], [10.034299485380835, 53.56458449261723], [10.0342724945379, 53.564573004343735], [10.034400834332226, 53.564465797322924], [10.034427503738634, 53.564477108567274], [10.034468196718734, 53.56444310180876], [10.034510435123822, 53.564439015055605], [10.034718080605973, 53.56415821824539], [10.034745264758783, 53.56413309252753], [10.034886174892273, 53.564002809314395], [10.035008066871123, 53.56389014714499], [10.035198618008696, 53.56371399456879], [10.035201899583571, 53.563715440364895], [10.035576772619633, 53.56337286935012], [10.03560772164959, 53.56334426169107], [10.035638142828702, 53.56331545406304], [10.035668032512943, 53.56328644991779], [10.035715409384695, 53.563238979363], [10.035761380886056, 53.56319102156635], [10.035805932887836, 53.56314259127254], [10.03603358994982, 53.562889826270194], [10.036064047620325, 53.562855997493834], [10.036187437074135, 53.56271899684776], [10.036397883171935, 53.562485616694225], [10.036421153103802, 53.56245980537562], [10.036434088949287, 53.56244545469533], [10.036744381240155, 53.56210106635131], [10.036822875748555, 53.562013938646125], [10.037050691119877, 53.561760729779756], [10.037083601435613, 53.56172415579559], [10.037273926882298, 53.56149632390956], [10.037520513272165, 53.56118859476197], [10.037562722224559, 53.56114334648408], [10.03777112811434, 53.56092284476885], [10.037736019503958, 53.560908416389346], [10.037446820753193, 53.56081040104086], [10.037491632497895, 53.560763557130976], [10.037042047533983, 53.56059318605022], [10.036998404661713, 53.56062980813959], [10.036596400644072, 53.560468263561226], [10.036391117791826, 53.56038803574071], [10.036228663146188, 53.560328614644405], [10.036030612128888, 53.56026686788676], [10.035935551692388, 53.560193118411995], [10.035719213034922, 53.56009715554998], [10.035725539271853, 53.560090988240525], [10.035275646101093, 53.559901223926694], [10.03442805672924, 53.55954368439474], [10.033597963080625, 53.5591935204913], [10.033592067603735, 53.55919940530658], [10.033213980040248, 53.55904553509694], [10.033161560326604, 53.55902376707634], [10.032798482026145, 53.55887297498604], [10.032768272304079, 53.558859329843536], [10.032620955720754, 53.55879245610441], [10.032527547479445, 53.55875207486329], [10.032403613662767, 53.55870552091046], [10.032365514624031, 53.55869027180905], [10.0319378584855, 53.558519081117396], [10.03170482555637, 53.55842872039006], [10.031548488507868, 53.558371954883604], [10.031417596222438, 53.55835142918163], [10.031233550813177, 53.558285724426106], [10.031081857333673, 53.5582162347814], [10.030954359900623, 53.55815461750656], [10.030487917533817, 53.55795118879133], [10.030327618478774, 53.55788158357001], [10.030041528850818, 53.557764565806586], [10.029798554837976, 53.55766485752647], [10.02929619997226, 53.55746667734947], [10.028753116506579, 53.557248476304565], [10.028749472755273, 53.55724700648096], [10.028378014444195, 53.55708477307778], [10.028029000384523, 53.556905741173985], [10.027704567757015, 53.55671100721567], [10.02740670311739, 53.556501763798046], [10.027274408995376, 53.55647352406752], [10.027169551136883, 53.556451143115545], [10.02704384722786, 53.55645501820036], [10.027029822570928, 53.55646436135563], [10.026810179807667, 53.556610619718036], [10.026796110420928, 53.55661999019629], [10.026695054309744, 53.55668729549537], [10.026354865341915, 53.55638889467275], [10.026233072938686, 53.55640156254708], [10.026005718918851, 53.556503120322986], [10.025986450639207, 53.55664640861722], [10.025985812500705, 53.556646863541786], [10.025680649861087, 53.55686221461421], [10.025360528651138, 53.55706972423198], [10.025026016455465, 53.557269024333586], [10.024889063747139, 53.55734726072379], [10.024344805738858, 53.55765812476525], [10.023610432655488, 53.558077501751974], [10.022465915116372, 53.55854119110913], [10.02228332394624, 53.55867865661744], [10.021964460398413, 53.55890554499737], [10.021624975484526, 53.55912156786607], [10.021265911560299, 53.559326061749275], [10.021233145165624, 53.55934357217547], [10.021200234373618, 53.55936098634688], [10.021167179981784, 53.559378303841456], [10.019347405581813, 53.5603297882476], [10.019090525146488, 53.560462535735304], [10.018831147586257, 53.560593551214474], [10.018569305830404, 53.56072281804025], [10.018502066554234, 53.560756001408], [10.018435439340806, 53.5607896195972], [10.018369432122965, 53.56082366860587], [10.018339226996613, 53.56083828633831], [10.018307308848577, 53.56085155114996], [10.018273848272065, 53.56086339214362], [10.018239024104654, 53.560873746032], [10.01820302247243, 53.56088255747596], [10.018166035795144, 53.56088977938037], [10.017335485359364, 53.56103199609107], [10.017248384076627, 53.56104911648309], [10.017163775777346, 53.561070207953286], [10.017082170328989, 53.56109514340108], [10.017004059505814, 53.56112377256124], [10.016929914025592, 53.56115592290925], [10.01686018071317, 53.56119140070083], [10.016795279807871, 53.561229992139324], [10.016735602431089, 53.561271464664], [10.016681508229182, 53.56131556835127], [10.0164730515831, 53.56150017620046], [10.016453762039434, 53.56151589187482], [10.0164324767325, 53.56153066612754], [10.016409324770589, 53.56154440934238], [10.016384446584965, 53.561557038157076], [10.016357993078076, 53.56156847596884], [10.01633012470822, 53.56157865339911], [10.016301010516242, 53.56158750871443], [10.016270827100142, 53.56159498820087], [10.016239757543868, 53.561601046489855], [10.016230433313796, 53.56160228844836], [10.016220969265797, 53.56160307030683], [10.016211429337964, 53.56160338678307], [10.016201877981034, 53.56160323573901], [10.016192379722952, 53.56160261819511], [10.016182998732937, 53.56160153832339], [10.016173798387936, 53.56160000341937], [10.016164840844471, 53.56159802385268], [10.016156186618694, 53.56159561299708], [10.016147894177552, 53.56159278714002], [10.01614001954378, 53.56158956537269], [10.01613261591742, 53.56158596946098], [10.016125733316409, 53.56158202369847], [10.015834610717484, 53.56139486472492], [10.015485468201312, 53.56159030178675], [10.015435498122377, 53.56161445696426], [10.014771837537392, 53.561935917569095], [10.014745509446051, 53.561948671588745], [10.014495656931164, 53.56207460539434], [10.014398701974168, 53.56212346486688], [10.014322109976503, 53.5621620389636]]]]}, "properties": {"city_code": "HH", "area_code": "4", "area_name": "Hamburg-Nord"}}, {"type": "Feature", "geometry": {"type": "MultiPolygon", "coordinates": [[[[10.169042605878236, 53.66824935352567], [10.16898640265238, 53.66824328632653], [10.168897962521458, 53.668254855539566], [10.168781647259609, 53.66830220321221], [10.16872002162238, 53.668331560423226], [10.168669570076675, 53.66835338365571], [10.168500050487346, 53.66841937206354], [10.168463921001667, 53.66844130714086], [10.168436449694195, 53.66849388203231], [10.168410887779007, 53.66858264586734], [10.168389776752948, 53.66867198650585], [10.168372732362199, 53.66874965573034], [10.16845576612895, 53.66876913364239], [10.168487859789751, 53.66877146323237], [10.168533671789083, 53.6687777848831], [10.168616219085866, 53.668780772667176], [10.168777315577682, 53.66879159618856], [10.168848572763384, 53.66880832129154], [10.168984407483226, 53.668849809798054], [10.16911756176663, 53.66889452439562], [10.169241432508617, 53.66895053874318], [10.169305367172546, 53.66897612629073], [10.169370619559224, 53.66900010089906], [10.169578356483255, 53.66905748919206], [10.169646274440426, 53.66907822855272], [10.169786768165835, 53.669114079505356], [10.16985866947317, 53.669129979721646], [10.169968337025399, 53.66912456660214], [10.170041557768599, 53.669109414892766], [10.170091515632597, 53.66907850805754], [10.170161970478775, 53.66902090141175], [10.170198190643836, 53.66898040270565], [10.170240256961167, 53.668942759283034], [10.170270616132246, 53.66889942338186], [10.170289902702537, 53.66886837574636], [10.170308990679933, 53.668843271760146], [10.170338909571846, 53.66879716255034], [10.170374876446463, 53.66875081444109], [10.170374598901802, 53.668705845315955], [10.170353197638741, 53.66866167592078], [10.170312024651, 53.6686452419759], [10.170265638197694, 53.66861983403782], [10.170201291419444, 53.66859630950386], [10.170137802477724, 53.66857205743498], [10.169951189312693, 53.6684832180574], [10.169853081957196, 53.66841465583234], [10.169831549306473, 53.66840287490241], [10.169732378724435, 53.668380616182915], [10.169676738848844, 53.66836648069393], [10.169599808425481, 53.668336184212876], [10.169534420052575, 53.668312732419544], [10.169461904751568, 53.6682992021098], [10.169307908001848, 53.66828451684079], [10.169233599210207, 53.66827344890748], [10.169157497589428, 53.66826487040065], [10.169084369068596, 53.66825214586898], [10.169042605878236, 53.66824935352567]]], [[[10.196845346376916, 53.6003382428944], [10.19690310507167, 53.60017359612195], [10.196899607085752, 53.600108666894464], [10.196923168042087, 53.59995369286219], [10.196900383756205, 53.59982129560425], [10.196891995530308, 53.599775822755525], [10.196910979250097, 53.59973690782124], [10.196951654124222, 53.59964206146052], [10.196950306527752, 53.599557514480075], [10.196996724795422, 53.5994733975663], [10.1970376366265, 53.599371447410746], [10.197069933677955, 53.599327724925566], [10.197002983556567, 53.59928373685567], [10.196916816264846, 53.59919609215191], [10.196896738099873, 53.59914336517317], [10.196860265210262, 53.59911955831572], [10.196742055276108, 53.59903115530391], [10.196625214601012, 53.59893771357556], [10.196474330946831, 53.59880748716763], [10.195967783572765, 53.59837029658347], [10.195978777763852, 53.598364163994994], [10.196004881609603, 53.598288421595036], [10.196005150243515, 53.59823908672503], [10.195964768389754, 53.598157096263634], [10.195901788599091, 53.598050800396116], [10.195873675978746, 53.59794360768182], [10.195803231334292, 53.597872075310526], [10.195693906234759, 53.59782518403553], [10.195446366186653, 53.59776252244748], [10.195274242236211, 53.597781042650126], [10.195264162529158, 53.59781421424338], [10.195255132245624, 53.59782246655454], [10.195162117494306, 53.59790742579454], [10.194972044755037, 53.597868270992166], [10.194900266297404, 53.59781902640727], [10.194822554718714, 53.597736239769915], [10.194630777111414, 53.59763662278707], [10.194567104084147, 53.59758594871215], [10.194392165682691, 53.59748593850363], [10.194368647975296, 53.59744827521424], [10.194600466436187, 53.59726073155395], [10.19460554859857, 53.597256617739845], [10.194571318311061, 53.597215250064515], [10.194498883639474, 53.597192502672485], [10.194210107210727, 53.59707023897213], [10.194095525386238, 53.597020063757604], [10.193598177129354, 53.59682286130655], [10.193562979395226, 53.59676427988022], [10.193516984714968, 53.596718822361346], [10.193460888836148, 53.59670634771016], [10.193435488164807, 53.5966795708426], [10.193461090672669, 53.5965735856698], [10.193424058598614, 53.59655659708972], [10.193400932377708, 53.596535991019095], [10.193407989192746, 53.596520980748274], [10.193482127946773, 53.59648308930164], [10.19346854409461, 53.59644022992694], [10.193464232226287, 53.59640197936621], [10.193512730607361, 53.5963127282304], [10.193507740474962, 53.59624076631735], [10.193504957408454, 53.59621601112621], [10.1934823970566, 53.59621011458514], [10.19344045697315, 53.59616802346146], [10.193466595533797, 53.59612341950405], [10.193442404632739, 53.59606020673103], [10.193452292838375, 53.59605129878155], [10.193423980464111, 53.596050942955344], [10.19340920050444, 53.59604176867628], [10.193405535044525, 53.59603502745376], [10.193377653145628, 53.59596952330468], [10.19331208133339, 53.59592853977798], [10.193304621387629, 53.595929243415846], [10.193219082046959, 53.59596685293328], [10.193241293411308, 53.595992007659014], [10.19320794206733, 53.596010165648465], [10.19310732809883, 53.59599221995533], [10.193083860003238, 53.59598306035857], [10.19305545228709, 53.59594821421471], [10.192950537976099, 53.59587738344235], [10.192880858826966, 53.59588850550697], [10.192714890983456, 53.59595421639069], [10.192683694209325, 53.5959662581452], [10.192359006079661, 53.59606212692124], [10.192252383025064, 53.5960964041421], [10.192013896402011, 53.59610895597008], [10.191963744466381, 53.59610253399246], [10.191940021372625, 53.59608860350055], [10.191921407920622, 53.596052742633745], [10.191911899022355, 53.59602145641058], [10.19190404109145, 53.59598118261841], [10.191895332345428, 53.5959364497182], [10.191806926852097, 53.59566880793899], [10.191813973977588, 53.59563411172848], [10.19176660360474, 53.59561321647904], [10.191772831853196, 53.595604722666096], [10.191894453937076, 53.595366819166955], [10.191962419836868, 53.595160660234406], [10.192082245626628, 53.59493095449444], [10.192108814151586, 53.59487905638242], [10.192118538843989, 53.594860046420145], [10.192167701070797, 53.594780380569965], [10.192294187897948, 53.594530805230185], [10.192360940296986, 53.594492017236995], [10.192427783033793, 53.59445375866248], [10.19243040183268, 53.5943224646936], [10.19241778777957, 53.59425495639597], [10.192459649968809, 53.59420370580751], [10.192446012492741, 53.59414492714161], [10.192456872898958, 53.594084699779565], [10.192540863270953, 53.59405872913116], [10.192632893083111, 53.594032795145324], [10.192655058597161, 53.59402149962344], [10.19268504526439, 53.593966007612494], [10.193333264192553, 53.59276394822806], [10.193382402448256, 53.59268627765111], [10.193435906085455, 53.59265306857425], [10.193837437752657, 53.5919090434378], [10.193994396532915, 53.591618198673814], [10.19423577968929, 53.59117027131174], [10.1943313990407, 53.591192050293415], [10.194634299127829, 53.59074090111972], [10.194741531331081, 53.590618432419376], [10.195046504992039, 53.59028336477837], [10.195138629475034, 53.59024613753519], [10.195677839165894, 53.5897274896605], [10.195902577175104, 53.58951132053679], [10.196540424429314, 53.58884399146885], [10.196865721658964, 53.58851747110823], [10.196915201678662, 53.58846779665191], [10.19745494268927, 53.587910715614385], [10.197700316487792, 53.58765722035396], [10.19816635036855, 53.587175717206655], [10.198546564931231, 53.586782877663886], [10.198619486514609, 53.586707537406454], [10.198663286144765, 53.586662278827255], [10.201276547969687, 53.58399793934805], [10.201242853052417, 53.5839763621934], [10.20121271224517, 53.583957059548915], [10.201135259799445, 53.5839074441624], [10.200760510530275, 53.58366743897533], [10.198363579767657, 53.58213217436342], [10.198331529189144, 53.582168622712636], [10.198320765491589, 53.58218274457842], [10.197888294615405, 53.58261197374205], [10.195837036438178, 53.584647739849956], [10.19563897418138, 53.58463867183525], [10.195645127054975, 53.58463240784992], [10.195573716969838, 53.584625948192645], [10.19548148205741, 53.584617602127324], [10.192891249760542, 53.58441303061873], [10.191192104739647, 53.58428013035502], [10.19010636455806, 53.58419549863631], [10.189413695418478, 53.58413766558576], [10.189353862794942, 53.58413296584314], [10.188429593678483, 53.58405608919357], [10.187991765380442, 53.58401949230653], [10.18750998406872, 53.58397932995846], [10.187459522724426, 53.58420060345203], [10.187418263590883, 53.5843815593005], [10.187376733784774, 53.58456257174899], [10.187335591776206, 53.58474395787014], [10.187294178074753, 53.584924825298124], [10.187252967165554, 53.58510593339843], [10.187211755663686, 53.585287032494435], [10.187159016756862, 53.5855187827377], [10.18703203163649, 53.585496275545815], [10.187332149492583, 53.58404015351735], [10.185915827444418, 53.58392932494797], [10.185355790936864, 53.5838867385092], [10.184071786761422, 53.583789103446826], [10.183788457715371, 53.58376657603625], [10.18179977267089, 53.583608433158204], [10.18176322298436, 53.58360545025966], [10.179983441587632, 53.58346031517487], [10.17909434237068, 53.58338779284401], [10.17814957253362, 53.58331608184709], [10.17777632816927, 53.58328775575806], [10.176366472208882, 53.58317346065959], [10.17553579306787, 53.58310610846846], [10.174626399232553, 53.58303058824297], [10.173064817882064, 53.582900898355845], [10.172955372777729, 53.582892631796064], [10.171420298547986, 53.58277662964789], [10.170798796261083, 53.58272965998561], [10.170117835100084, 53.58267436047944], [10.169427928915608, 53.58261836249166], [10.168984530195232, 53.582589490228266], [10.168108372846193, 53.58253242792809], [10.16793364055121, 53.582518618726134], [10.16739513775437, 53.58247604375103], [10.16700105568917, 53.582446925602675], [10.166127401884165, 53.58238237243409], [10.165894601565057, 53.58236517106505], [10.165319836139622, 53.58231938047881], [10.165228402328475, 53.5823919231563], [10.164810580990121, 53.58272337482231], [10.163892582015126, 53.58343820484368], [10.163178792480357, 53.58400124810568], [10.164030792177412, 53.58477808642612], [10.164197846246788, 53.58492777425856], [10.164350868686517, 53.58507256453175], [10.164346032661232, 53.5850834883964], [10.164245087182007, 53.5851526620275], [10.164178925575523, 53.58521279565668], [10.16413493423941, 53.58524961156056], [10.164001788461498, 53.58533887430079], [10.163936877619488, 53.585384073734744], [10.163864491650347, 53.585437076469525], [10.16384872809041, 53.58546265995333], [10.16385951054924, 53.5854922100624], [10.163853508847424, 53.585521195335495], [10.163840964054842, 53.58554791608634], [10.163827006364633, 53.58558974325986], [10.163821002405525, 53.585618647650875], [10.163825377468408, 53.585645922929984], [10.163828115085773, 53.585652089780346], [10.163808634319054, 53.58571778277389], [10.163792873092417, 53.585743456116745], [10.163767216209905, 53.58576580986403], [10.163714263911958, 53.58582841257555], [10.163703849756725, 53.58580676927006], [10.161883219761142, 53.58578326759344], [10.161877069156967, 53.585783192489956], [10.161866673054494, 53.58578585534264], [10.161862276970483, 53.58572582397146], [10.161780995406078, 53.58556807279686], [10.16176146480825, 53.585507028797075], [10.161729098014762, 53.58545661768226], [10.161652166842599, 53.585341783018954], [10.161638182827815, 53.585311113200355], [10.161624477440144, 53.58527793271946], [10.161605816333731, 53.58526070204896], [10.161535255039066, 53.58520294908691], [10.161519064457465, 53.58517774806416], [10.161502345637658, 53.58514044386763], [10.161486093705317, 53.58509812821447], [10.161444279942282, 53.58504033880616], [10.161364753870497, 53.58497020491132], [10.161308054872512, 53.584908910383355], [10.161258423366935, 53.58488003378819], [10.161106196178972, 53.58470377008107], [10.161057747538706, 53.58466236911391], [10.161027447850294, 53.584643228760285], [10.160888503699896, 53.58457840841926], [10.160878526562222, 53.584573750005234], [10.16087023818737, 53.58456566833967], [10.160850697564253, 53.584546639279935], [10.160839693411967, 53.58452710489972], [10.160821797640567, 53.58449533132758], [10.16082990563455, 53.584470370862114], [10.160788292638044, 53.584428121409175], [10.160770607828768, 53.58440680009083], [10.16076476963744, 53.58439827215776], [10.160747743446594, 53.58437342072359], [10.160740447279084, 53.58434641638253], [10.160735346925517, 53.584281016322464], [10.160734177874794, 53.58427418696938], [10.160687352455316, 53.584214809907394], [10.160654880171414, 53.5841714919149], [10.160649487800882, 53.58416544962818], [10.160633790057732, 53.58413063436959], [10.160578425195016, 53.58404682686773], [10.160577973894174, 53.58399947673204], [10.160581684372573, 53.58397500839623], [10.16053649057514, 53.58386543835812], [10.160472922406502, 53.58371210787549], [10.160415031072224, 53.583595595533566], [10.160345090693667, 53.583457770042045], [10.160266777903686, 53.58331924365775], [10.160186197402565, 53.58320490188304], [10.160021518961544, 53.58299114719685], [10.159901101561353, 53.582792253600644], [10.15986014467756, 53.582719803113946], [10.159821278948332, 53.582632689113744], [10.159691291153834, 53.58237878496985], [10.159655160156694, 53.582314845243374], [10.159569729219218, 53.58218486410708], [10.159453969457132, 53.58195894865092], [10.159260084478875, 53.58162922906316], [10.159248043723908, 53.5816087427462], [10.158938494611297, 53.58112034432466], [10.158859677784314, 53.58107681859635], [10.158803314169404, 53.581033533769755], [10.158739843233505, 53.58099879447035], [10.158581183854928, 53.58089132043395], [10.158459741104968, 53.58082349624373], [10.158293811820327, 53.58073128379063], [10.158212532234378, 53.58069099957861], [10.158170903962768, 53.580664534207614], [10.158152358394105, 53.58065582353974], [10.158082364588887, 53.5806294259945], [10.157406277125702, 53.580282877490575], [10.157179604769926, 53.580164292888696], [10.156940058947209, 53.58005436300697], [10.156528325366219, 53.579856700911066], [10.156265140931964, 53.579735591058316], [10.15625655679053, 53.5797276737371], [10.156091017297715, 53.57964221427996], [10.15574859886507, 53.579464177007516], [10.155546685046321, 53.57936360697883], [10.155488653874922, 53.57933484510167], [10.155429587549206, 53.579299692962685], [10.15538659663437, 53.57928130300487], [10.155323654246331, 53.579241927420775], [10.155234635383191, 53.57920011588487], [10.155194487889833, 53.57920069234645], [10.155033649991955, 53.57916343047974], [10.154954207606913, 53.57914654290991], [10.154927443425565, 53.57911721820795], [10.154877129714874, 53.579093379463316], [10.154824815251882, 53.579077596257775], [10.154703583926988, 53.57900991006778], [10.154684752542117, 53.57896183840227], [10.154627722096075, 53.57891211288364], [10.1546083403922, 53.578904812038516], [10.15450565253729, 53.57881806958556], [10.154481638875836, 53.57880707396073], [10.154446542991613, 53.578803448462516], [10.154438369858353, 53.57880283517537], [10.15437593256479, 53.57880466919744], [10.15429520270818, 53.57883086034381], [10.154228515954985, 53.578839162490524], [10.15419504934623, 53.57885043409752], [10.154142688405955, 53.57885565854523], [10.15410608048198, 53.57884476637265], [10.15410002247868, 53.57882698147471], [10.154105952428292, 53.578790158891344], [10.154083316855434, 53.57875544566371], [10.154085211624258, 53.57872796571672], [10.154098292589318, 53.578699703670914], [10.154071919009638, 53.57866527819728], [10.154052108721913, 53.5786444528178], [10.154045163575073, 53.578598531636075], [10.15399842159939, 53.57855550231873], [10.153951066852287, 53.57854653855403], [10.153906295206456, 53.57854257475559], [10.153850075481449, 53.57851258108953], [10.153810471928853, 53.57847154134824], [10.153777686016126, 53.57845289058518], [10.153759618736641, 53.578431167415985], [10.153740604138797, 53.5784101545294], [10.153738494753586, 53.57840479939771], [10.153742676645463, 53.57839196759152], [10.153778224245627, 53.57837170492729], [10.153795848525467, 53.57835996598621], [10.153791584068275, 53.578342586260796], [10.153705592376053, 53.57825151115547], [10.153689852029803, 53.57816768688097], [10.153626861176164, 53.57812197357022], [10.153567493718564, 53.57813444762013], [10.153526061799475, 53.578131638035984], [10.153448633667196, 53.57813260935085], [10.153378426868024, 53.57812531294228], [10.153323324563681, 53.57810803680785], [10.153282574185303, 53.57810140919488], [10.153206377206528, 53.57805771068791], [10.153181098048186, 53.57802738248289], [10.15313094790367, 53.577993374772625], [10.153137025076681, 53.577972479482966], [10.15315493176654, 53.57796390207286], [10.153190477967705, 53.57794692061275], [10.153205015651942, 53.577930546174706], [10.15319681707541, 53.5778956936063], [10.153168052613818, 53.57787437909677], [10.153105742031679, 53.5778652805074], [10.153059388640111, 53.577879201951774], [10.152979313550254, 53.57791554357799], [10.152901714096627, 53.577943510427], [10.152889825093915, 53.577981738744654], [10.152855005908147, 53.57801156750591], [10.152789320104949, 53.57797779027239], [10.152684991793441, 53.57794267742774], [10.152606355882579, 53.57793088634099], [10.152492778816466, 53.57792889734288], [10.152462323653415, 53.577912048552506], [10.152429773065816, 53.57771319987601], [10.152411853308266, 53.577660211031485], [10.152406506414643, 53.577640216870954], [10.152399965943069, 53.57761576663086], [10.152448552808316, 53.57761121752293], [10.15242916293009, 53.57756748362686], [10.152402436466941, 53.57752444963968], [10.152322741266122, 53.57744090867278], [10.1522185737065, 53.577236682134924], [10.152134910120159, 53.57716713932205], [10.152095209455203, 53.57711853113843], [10.15207506113997, 53.57704299209949], [10.152059393648642, 53.57704448236075], [10.152003601126944, 53.57690397184845], [10.151961261405138, 53.57678272123014], [10.15184541574961, 53.57647713796435], [10.151891495336027, 53.57639762622494], [10.151918723843954, 53.57633583370818], [10.151806020118347, 53.576263576933734], [10.151799029488837, 53.576236991588516], [10.151757446857816, 53.57608686962991], [10.151738240039347, 53.575957575686076], [10.151719017537848, 53.57585604020177], [10.151684238549166, 53.57572671638825], [10.15167327185529, 53.57570053786637], [10.151662290075754, 53.575674359488666], [10.15168438489432, 53.5755876177774], [10.151611854516602, 53.57546853639731], [10.151574343526292, 53.57537204004347], [10.151584607708667, 53.57532180007922], [10.151596451033672, 53.575285208331245], [10.151596582587747, 53.57514610985424], [10.151589209496878, 53.57509154513117], [10.151609389605792, 53.57502827439937], [10.15162265778708, 53.57496686802357], [10.151619986016538, 53.57492968789112], [10.151612121131407, 53.57487369863641], [10.15161627651361, 53.57480986304217], [10.15163910746982, 53.57473910583485], [10.151679635129382, 53.57463652765069], [10.151698004576806, 53.57459000303226], [10.151714788798436, 53.57451849500479], [10.151715053538798, 53.57447266605867], [10.151728184427569, 53.57440066284499], [10.151760510869405, 53.574340322435255], [10.151806978699897, 53.57427239389506], [10.151851343618505, 53.57418822431385], [10.151862364504103, 53.57414584248424], [10.151863499237953, 53.5741414718472], [10.151879578444197, 53.57406071181131], [10.151897334897676, 53.57397553995392], [10.151889043655133, 53.5738872030634], [10.151901487053799, 53.57380603756565], [10.151919666883524, 53.573753114494956], [10.151930285540478, 53.5736992754331], [10.151937404403645, 53.573645029606574], [10.151922277541152, 53.57358802261088], [10.151929599403598, 53.573579025932105], [10.151976760803775, 53.57352109549641], [10.151988184551453, 53.57348576620924], [10.152027932694125, 53.5734262531498], [10.152003924488055, 53.57327642939605], [10.151999285667397, 53.573183562780635], [10.152014142673842, 53.57315286576537], [10.152029084290854, 53.573120837547016], [10.152064076127296, 53.57304581914117], [10.15205840963292, 53.572954041113114], [10.152037644952104, 53.57289574904805], [10.152051939385082, 53.57286047300519], [10.152000432209368, 53.57270794767297], [10.151969053469742, 53.572645308209886], [10.151898267700275, 53.57246801475512], [10.151872983701839, 53.57235289216512], [10.151867394869733, 53.572325628118065], [10.151814807006586, 53.57225053619405], [10.151806677948791, 53.572191484190725], [10.151772736248526, 53.57216398975306], [10.15167977391947, 53.57208641899133], [10.15158570276772, 53.5719902603915], [10.1515805196313, 53.571985698883196], [10.151515781694549, 53.57192750643994], [10.151483898334012, 53.57188626575548], [10.151404920764149, 53.57179699119253], [10.151345102273854, 53.5717230743198], [10.151263501834958, 53.57159670892762], [10.151232161670931, 53.57152485507259], [10.151224773625206, 53.57150972561296], [10.151163125728067, 53.57135175122916], [10.151108725601095, 53.5712487652869], [10.15106906992641, 53.57117598462972], [10.151050671524077, 53.57109018994485], [10.15103585140633, 53.57105996738186], [10.15094426914871, 53.57097746573486], [10.150869178814467, 53.57091556117377], [10.15079116414197, 53.5707932240286], [10.150760469259303, 53.57073062260949], [10.150684987773188, 53.57063592946745], [10.150629231709269, 53.57052853371178], [10.150542593846971, 53.57045453282938], [10.150430495398027, 53.57037330681622], [10.150374139324677, 53.57031275890211], [10.150375683221743, 53.57028228899], [10.150482100549524, 53.570074129719956], [10.150519505331285, 53.56997394601329], [10.150492907653952, 53.56995988220244], [10.150526136599295, 53.569907255031374], [10.150540280836317, 53.56987199857612], [10.150558706801561, 53.56984538440379], [10.150584229490015, 53.56980483178606], [10.150585214146844, 53.56980327618969], [10.150638187027537, 53.569751456857745], [10.150658572812688, 53.569696355339616], [10.150651186882362, 53.56965569678021], [10.150647172278974, 53.569633532323444], [10.150651614698125, 53.56956243075936], [10.15061535947925, 53.569512467522244], [10.150572285305179, 53.569400446198195], [10.15051743028393, 53.569304475845044], [10.150512532730994, 53.56923030894464], [10.150468372028753, 53.56911606873439], [10.150399747703242, 53.56905300501673], [10.150344194730982, 53.569039228635546], [10.150332114872068, 53.569022571146576], [10.15037555898345, 53.569014728344435], [10.150342279064487, 53.56897866052512], [10.150294845997431, 53.56895414495948], [10.150213252829765, 53.56888393366908], [10.150186983697271, 53.56884633316811], [10.150075421996931, 53.568739069227696], [10.150041847907344, 53.5687027165024], [10.149998633166984, 53.56863050904345], [10.149955702200513, 53.56859101916516], [10.149949767185905, 53.56857096760598], [10.149927814388489, 53.56855830626125], [10.14990953105242, 53.568550652521715], [10.149563018440872, 53.56840499784707], [10.149480210328214, 53.568365630349724], [10.14933013711658, 53.56829427870452], [10.149013979033892, 53.5681407529709], [10.148950425527419, 53.56811253540373], [10.148929179926279, 53.568103103160155], [10.148904825952107, 53.56807871593939], [10.148808543773958, 53.56803524353287], [10.148666476176832, 53.567988965674154], [10.148628878251394, 53.56796677307269], [10.148551544125418, 53.567912574291384], [10.148539953276407, 53.567904451572176], [10.14843265936465, 53.567827384464465], [10.148245336613861, 53.56768188744096], [10.148163989806337, 53.56762111095349], [10.148103023811856, 53.56756014777849], [10.148094969602324, 53.56755547884108], [10.148089528566503, 53.56754972410734], [10.14809557207525, 53.567547059260775], [10.14863484502615, 53.56730930691244], [10.148632084754857, 53.56729549020376], [10.14858487773233, 53.567059089696464], [10.148158026597406, 53.56691986554708], [10.147963493687957, 53.56676331777426], [10.147582386794758, 53.56641998649304], [10.147573704003035, 53.5664121683771], [10.14753714645538, 53.566382037066674], [10.147506458772488, 53.566304899357014], [10.147516661996713, 53.5660704645873], [10.147528116310873, 53.565806947049], [10.147545629489542, 53.565643977402125], [10.147646291852066, 53.56470724598983], [10.14770824217611, 53.56442271274159], [10.147710604571332, 53.564411813257315], [10.147718380108095, 53.56437609684916], [10.147554171406636, 53.56441278384605], [10.142728436297451, 53.5655313847703], [10.142746536540036, 53.56560796076279], [10.142394552614974, 53.56568328975087], [10.142343024478745, 53.56561464673023], [10.141218923852321, 53.56587663133855], [10.140524954498426, 53.56605247920754], [10.139822324118466, 53.56623214501679], [10.139636999813737, 53.56627474833899], [10.139572750614215, 53.56632085427631], [10.139494074500067, 53.56635998724456], [10.139402919455518, 53.56633709742787], [10.139327260419286, 53.566334555074725], [10.138367721430932, 53.56651361179821], [10.138071334872668, 53.566552900921536], [10.137653024849053, 53.56663702699581], [10.137252849394429, 53.56671274517326], [10.136874415131539, 53.56677657853649], [10.136470036921086, 53.566833627729714], [10.13612523112377, 53.56687896325602], [10.13497706961939, 53.56700690128434], [10.134738324577183, 53.567034165082276], [10.134046047751168, 53.56708306910819], [10.134060045898972, 53.56712709978002], [10.134070104452421, 53.56715877184997], [10.13389445351072, 53.567178936627975], [10.13374414240931, 53.56718956625314], [10.133734316084201, 53.56719027963737], [10.13355772011479, 53.56720278518544], [10.133383610874848, 53.56721511409514], [10.1333795388746, 53.567182549260394], [10.133375321140901, 53.567155828712785], [10.133172138365996, 53.56717190257958], [10.132795273503849, 53.56720725766018], [10.132418603355816, 53.567239184865116], [10.132042039282275, 53.56726605801112], [10.131662731810001, 53.56728917151963], [10.131282277205113, 53.56730892376578], [10.130903803668383, 53.56732596833356], [10.130521835766721, 53.567338828848605], [10.130356177395498, 53.567342515863594], [10.130137560966674, 53.567347296298585], [10.129758713133294, 53.56735202573125], [10.129372452862569, 53.567352859764824], [10.129210410068843, 53.5673562323929], [10.128990141898964, 53.56736080159571], [10.128613494645297, 53.56736822133204], [10.128529490431442, 53.567366487988245], [10.128382886049225, 53.56736384396538], [10.127876799685952, 53.56735315585231], [10.127342546913948, 53.56733945904004], [10.127337574856208, 53.56732568069376], [10.127241385921819, 53.56732398937092], [10.126960505573736, 53.56731438393552], [10.12641248496372, 53.567295679921656], [10.125814284953847, 53.56726441153449], [10.125435212142344, 53.56724188348985], [10.125051184141842, 53.56721413325188], [10.124672551214895, 53.567181971352326], [10.123951029845532, 53.567118800283616], [10.123213918923993, 53.567051896970035], [10.122707995596453, 53.56700383585755], [10.122437307003318, 53.56697810561495], [10.122132672675843, 53.56692439560622], [10.121367991884549, 53.56684195476003], [10.120602818391426, 53.566761895757175], [10.119832720979035, 53.566681104907865], [10.11942646780197, 53.56663880263259], [10.119301896711136, 53.56662582857646], [10.119080570270313, 53.56660278399453], [10.118346564980314, 53.566525888764374], [10.11761933498269, 53.566449860597885], [10.11706754773823, 53.56639821305509], [10.116825562273185, 53.566375563990945], [10.116368277964668, 53.566331570438926], [10.11620060336933, 53.56631592118096], [10.11570418025, 53.56626959360076], [10.115602078342157, 53.56625999275342], [10.115352130373207, 53.56623652506014], [10.1150089822015, 53.56620430736918], [10.114495999311368, 53.56615576502437], [10.114188575798211, 53.566125729053816], [10.113556850574858, 53.56606401406466], [10.112906685767511, 53.56600442693097], [10.112105972005693, 53.56593139514808], [10.111388429030926, 53.56586635858867], [10.111308103459427, 53.565859077673245], [10.110540364265464, 53.56579492487887], [10.10827322427624, 53.565606129808636], [10.107558449874077, 53.5655420064926], [10.107403374883281, 53.565528088994846], [10.107386062998303, 53.56552664022894], [10.107233464189404, 53.56551386816501], [10.10692012570248, 53.56548765269947], [10.106172508314273, 53.56541232803425], [10.10542634066042, 53.56533111544857], [10.104682661025068, 53.56524328625634], [10.103940977310183, 53.56514964507347], [10.103198391760568, 53.565049652353586], [10.10266980281935, 53.564977651981486], [10.102332357105126, 53.56493168205084], [10.102244954270816, 53.56491805108303], [10.100496223836998, 53.5646451908391], [10.099807240929545, 53.5645456997006], [10.09810916151343, 53.56432381926912], [10.098108877848059, 53.56431461707648], [10.097196711203992, 53.564187181197866], [10.097106666331255, 53.56417460446381], [10.096595644947215, 53.56410321621331], [10.095170621761346, 53.56392807748182], [10.09471685763737, 53.56387170802587], [10.094687591414525, 53.563906628691925], [10.094664564856723, 53.56393409425186], [10.094459197288808, 53.56390174325142], [10.094454129117114, 53.56387503819283], [10.094447732725149, 53.563841333822886], [10.094439962734837, 53.563840982433156], [10.094437125081305, 53.563847453551574], [10.09441202727829, 53.56383972787874], [10.094177644057444, 53.563829179660964], [10.093808565531026, 53.56379008207211], [10.093372299972819, 53.563739390391966], [10.092892217374526, 53.56368398272054], [10.092612437836582, 53.56365254216087], [10.092293169861245, 53.563626180821345], [10.091585238887319, 53.563564021180795], [10.091029261859504, 53.56351520445933], [10.089429935820913, 53.56337063090349], [10.088866145388888, 53.56331486384972], [10.088673356656164, 53.56329580009606], [10.088613919532792, 53.563289608269606], [10.088359516518882, 53.56326305057848], [10.088130093744876, 53.56323909664798], [10.087891103085099, 53.56321414162655], [10.08785415512473, 53.563210567437174], [10.08751951997559, 53.56317820260856], [10.087159260557437, 53.56314340000456], [10.087057942730835, 53.56327628912456], [10.087049534866875, 53.56327401939558], [10.086842025864946, 53.56321785382514], [10.086915141792296, 53.56312214819127], [10.086444540743951, 53.563072588275254], [10.086310948881582, 53.5630585292513], [10.086216371557583, 53.563048565360575], [10.086197704304917, 53.563046595488764], [10.08608025578247, 53.563036173996295], [10.085944283768917, 53.56302408679992], [10.085850246410079, 53.563015744736035], [10.085688064200502, 53.56300134229929], [10.085521977401692, 53.562986579561155], [10.085395358481525, 53.56297534171832], [10.085382964192911, 53.56297423167864], [10.085250547997171, 53.56296242604487], [10.085150214266635, 53.56295347537044], [10.085002679887143, 53.56294031443826], [10.08487615042679, 53.56292902130096], [10.084818836958139, 53.56292376116984], [10.08467080869576, 53.56291017283401], [10.0845128825091, 53.56289566728777], [10.084354880951654, 53.56288116221669], [10.084327684988452, 53.56287867609556], [10.084147432224077, 53.5628655140779], [10.083996829117988, 53.56285454608315], [10.083827800621448, 53.56284219874371], [10.083774313301927, 53.56283657983689], [10.083292987769697, 53.562790709327366], [10.083276974357537, 53.56278918239546], [10.083203163095567, 53.562783513586396], [10.082838327576745, 53.562755481220485], [10.082607378446795, 53.56273774196822], [10.082094582658804, 53.56269691567928], [10.081585729508538, 53.562649022108396], [10.081289130062737, 53.56262111406071], [10.081033200319176, 53.5625947344002], [10.080564637226903, 53.56254642739835], [10.07983537934781, 53.56246061498037], [10.079791323953962, 53.56246366447473], [10.079786448790479, 53.56247973595519], [10.079752833052614, 53.562473558318665], [10.079756780950099, 53.56246554040664], [10.07945522469491, 53.56243379828828], [10.07945119772887, 53.56243278291265], [10.07932263750455, 53.562400315057495], [10.079315373790607, 53.56239848391463], [10.079265743193433, 53.5623859605628], [10.078392159596286, 53.56225722445692], [10.077945159623384, 53.56218202432776], [10.076743109906571, 53.56199230589873], [10.076017415536105, 53.56186774034972], [10.075839818624054, 53.56184531918549], [10.075621663909573, 53.561810246361], [10.075545698933277, 53.56197667844846], [10.074919230587327, 53.56191388555266], [10.074729087670331, 53.561891476611336], [10.073238314415551, 53.5617157870066], [10.073243348672463, 53.561702923461155], [10.073263593995678, 53.56165038063103], [10.07315377776916, 53.56163639922526], [10.073217110959488, 53.5615300748919], [10.073240978891407, 53.56149002129429], [10.072879359259412, 53.561368794296904], [10.072788893782405, 53.561338467695556], [10.072849642185592, 53.56127317474613], [10.071894605998983, 53.56089675469575], [10.071000832466357, 53.56049736883297], [10.07057712660118, 53.5600961518488], [10.070186691138186, 53.560077847514634], [10.06970116391315, 53.560055079877344], [10.069710414190212, 53.560028985062566], [10.06971908495497, 53.56000281980131], [10.06972717469675, 53.55997658865561], [10.069733263959096, 53.55995552174517], [10.069738977127535, 53.55993441752192], [10.06974431355833, 53.559913278365876], [10.069748943857597, 53.559893257896725], [10.069753254384842, 53.55987321213185], [10.06975724475119, 53.55985314288174], [10.069854916567781, 53.55981087472821], [10.069816069318886, 53.55980632900715], [10.069777475964889, 53.55980107225108], [10.069739173209397, 53.55979510945932], [10.069664060134613, 53.55978118308277], [10.06959052172221, 53.55976454211856], [10.069518834428886, 53.55974524912626], [10.069470449505934, 53.55973038585946], [10.069423168187297, 53.55971431280336], [10.069377075752106, 53.5596970589486], [10.069355434621974, 53.55968837917358], [10.069334094822647, 53.5596794388323], [10.069313065202689, 53.55967024163196], [10.069255885017148, 53.5596431496452], [10.069201388937897, 53.55961416282589], [10.069149753841137, 53.55958337525857], [10.069139160532437, 53.55957723901321], [10.069127765518665, 53.559571635057694], [10.069115644023464, 53.55956660038617], [10.069102876066207, 53.559562168234606], [10.069089545933748, 53.559558367861555], [10.06907574162402, 53.55955522435484], [10.06906155426514, 53.559552758466076], [10.069047077513838, 53.55955098647364], [10.069032406937195, 53.55954992007519], [10.069017639381793, 53.55954956631044], [10.069002872334393, 53.55954992751479], [10.06894870250275, 53.55955287416441], [10.068894593834116, 53.55955619540496], [10.068840553634805, 53.55955989078796], [10.068755017261388, 53.55956652200591], [10.068669701189318, 53.55957409280567], [10.068584634528316, 53.55958260060415], [10.068550506836743, 53.559539776087135], [10.068401439173824, 53.55956573772881], [10.067674980307228, 53.55969235429195], [10.067193982164921, 53.559750922829565], [10.066794727273077, 53.55979953761278], [10.066115728245226, 53.55988238519651], [10.064439511900037, 53.56260402968847], [10.064023222225252, 53.56327995141849], [10.062936106822793, 53.56498415702475], [10.06281556413097, 53.56517310783089], [10.062272585191915, 53.566023879499], [10.062259130849608, 53.56604495240304], [10.062232788817331, 53.56608621224955], [10.062230028586868, 53.56609055149406], [10.062235722890591, 53.566106887919645], [10.062055898507204, 53.56605804729451], [10.06175098230981, 53.56597522368381], [10.061733382931132, 53.56597067864258], [10.061516931317176, 53.56591474637446], [10.061029576015695, 53.565788837430865], [10.060569823735145, 53.56567069098917], [10.060578467877638, 53.565626918694385], [10.060578763121372, 53.56562544187645], [10.060333351933242, 53.56557849259201], [10.059708082814725, 53.565411444483196], [10.059129814472136, 53.56527606777243], [10.058605548366245, 53.565154709652205], [10.058607591592498, 53.565140390032], [10.0578705679216, 53.56495631635055], [10.057644555904291, 53.5648998683837], [10.057638756307878, 53.56492583501966], [10.057575224950066, 53.56490916480083], [10.057569368289592, 53.564937082555836], [10.057350154854102, 53.564879558164236], [10.057256910081799, 53.56485509626839], [10.057241840317326, 53.56477697103227], [10.057220063468526, 53.564770772317644], [10.056995484819131, 53.56470693946174], [10.056373250567736, 53.56454428775756], [10.056277117032215, 53.564522610244204], [10.055807761494094, 53.56441670152167], [10.055377863818299, 53.564321157735975], [10.055240425499319, 53.56429060311653], [10.054671726491893, 53.56416723772303], [10.054107473508632, 53.56403794264524], [10.053917179505847, 53.56400270159353], [10.053238191264105, 53.563876957218135], [10.052478346121294, 53.56375887800237], [10.052104210738067, 53.56371698168184], [10.051974866731603, 53.56369908057891], [10.051674280885955, 53.56366394298325], [10.051385374641685, 53.563635201032056], [10.051112582446253, 53.5636084112211], [10.051072939151304, 53.563604408903764], [10.050559553984566, 53.5635681808894], [10.050452829316166, 53.56356064157166], [10.050111547821384, 53.56353743530463], [10.049459551731681, 53.56349307982112], [10.048950337075228, 53.563471514351164], [10.048796901140358, 53.56346352923423], [10.048300747373462, 53.563437675573226], [10.04819667251052, 53.563432241418525], [10.048075288338747, 53.563425340821766], [10.047827363188588, 53.56341120689555], [10.047579544310016, 53.56339708950331], [10.047442934002163, 53.56338930585936], [10.047174710166326, 53.563368193079675], [10.046853900147728, 53.56334291060955], [10.04668856830019, 53.563325795185214], [10.046676291861628, 53.56332452729335], [10.046649951619543, 53.563312586656764], [10.046652128136254, 53.56330534044196], [10.046525673664018, 53.563292415056], [10.046521102372946, 53.56330663073092], [10.046368349532695, 53.56329263186269], [10.045962627095195, 53.563244179014895], [10.04567161901716, 53.56320646163902], [10.045146012571635, 53.56314630760219], [10.044608975864666, 53.563068300023104], [10.044441653610452, 53.56304385485739], [10.04434381346399, 53.56302544569902], [10.044065084172896, 53.562973037033174], [10.043574372438105, 53.56288268303765], [10.0435380008854, 53.56287597994515], [10.043533875247531, 53.56287521591677], [10.043428279825314, 53.56285576802335], [10.043326782928492, 53.56283352465944], [10.043100033682, 53.562783285126926], [10.04309280719923, 53.562783518938765], [10.042847472820988, 53.56272655541927], [10.042407847145373, 53.562605584108816], [10.042344458504775, 53.56258757421277], [10.04226106553663, 53.56256592725709], [10.042144303579578, 53.56253562691813], [10.042012787302372, 53.56250150882542], [10.041977587134642, 53.56249083988936], [10.041978718547787, 53.562489571571156], [10.041741414044184, 53.56242377155202], [10.0416584259006, 53.56240075432215], [10.041445163409383, 53.56234373335224], [10.04132564668513, 53.562302040156275], [10.040914257392156, 53.56216174286512], [10.040580880974503, 53.562036703014655], [10.040537527841424, 53.562019857221664], [10.04041504479321, 53.561972265166276], [10.040145476416141, 53.5618675235726], [10.040010576808804, 53.56181473556368], [10.039961845317713, 53.561795886833295], [10.039593670903091, 53.56165351035456], [10.03959760826991, 53.561649682768966], [10.038470485544465, 53.56117888543037], [10.03810973038617, 53.56101660124264], [10.038104731424244, 53.561021471729596], [10.037797177279488, 53.56089530114304], [10.037761993209669, 53.560880873425894], [10.037736019503958, 53.560908416389346], [10.03777112811434, 53.56092284476885], [10.037562722224559, 53.56114334648408], [10.037520513272165, 53.56118859476197], [10.037273926882298, 53.56149632390956], [10.037083601435613, 53.56172415579559], [10.037050691119877, 53.561760729779756], [10.036822875748555, 53.562013938646125], [10.036744381240155, 53.56210106635131], [10.036434088949287, 53.56244545469533], [10.036421153103802, 53.56245980537562], [10.036397883171935, 53.562485616694225], [10.036187437074135, 53.56271899684776], [10.036064047620325, 53.562855997493834], [10.03603358994982, 53.562889826270194], [10.035805932887836, 53.56314259127254], [10.035761380886067, 53.56319102156635], [10.035715409384704, 53.563238979363014], [10.035668032512943, 53.56328644991779], [10.035638142828702, 53.56331545406304], [10.03560772164959, 53.56334426169107], [10.035576772619633, 53.56337286935012], [10.035201899583571, 53.563715440364895], [10.035198618008696, 53.56371399456879], [10.035008066871123, 53.56389014714499], [10.034886174892273, 53.564002809314395], [10.034745264758783, 53.56413309252753], [10.034718080605973, 53.56415821824539], [10.034510435123822, 53.564439015055605], [10.034468196718734, 53.56444310180876], [10.034427503738634, 53.564477108567274], [10.034400834332226, 53.564465797322924], [10.0342724945379, 53.564573004343735], [10.034299485380835, 53.56458449261723], [10.034218857500983, 53.56465142076634], [10.0341659590089, 53.56462890223995], [10.034085453136846, 53.56469589216563], [10.034004931695726, 53.56476287318099], [10.033924425096975, 53.56482985401209], [10.033845368299877, 53.56489561772986], [10.033758320393325, 53.564968057374486], [10.03350354381251, 53.56518029604947], [10.0333260286602, 53.56532809875783], [10.033196623537076, 53.565435799197466], [10.033064449484009, 53.565545770657366], [10.032883037113747, 53.56569673451867], [10.03262858938256, 53.56590857291458], [10.032077549332437, 53.56636725527997], [10.031853421111824, 53.566553939823585], [10.031848685089063, 53.56655788190411], [10.031861670045835, 53.566563423971], [10.03184529962838, 53.56657698576499], [10.031832375931693, 53.56657147912391], [10.031826900160544, 53.56657604782574], [10.03768684682984, 53.56960598512919], [10.037707234512348, 53.56961652315408], [10.037729502276301, 53.569592212491], [10.03792999983294, 53.56969585998998], [10.037973054488951, 53.56971812070189], [10.038738272851301, 53.57011377195266], [10.039120260568293, 53.57030195579522], [10.039516289052292, 53.57047955941625], [10.039925531995403, 53.570646212174694], [10.039929207442079, 53.5706476476503], [10.039932891985003, 53.57064907483979], [10.039936585571455, 53.570650493722745], [10.040008860793526, 53.5706781866869], [10.040081501844163, 53.570705538449126], [10.040154504177405, 53.57073254729745], [10.040163342530917, 53.57073578738494], [10.040585389159855, 53.570882528016746], [10.041018106051988, 53.57101781192238], [10.04146061600154, 53.57114136482597], [10.043981909323955, 53.57180562550023], [10.043988339193417, 53.57180732223982], [10.044236606005997, 53.57187199748144], [10.04595776221352, 53.572341863125004], [10.046633415931753, 53.57255362214656], [10.047024568618683, 53.57267621598039], [10.047254725105946, 53.57274832459203], [10.0479278788268, 53.572959226291914], [10.049125778049675, 53.5733345794451], [10.049140665257788, 53.573338758120705], [10.04915610756258, 53.573342148835984], [10.04917198750359, 53.573344725799785], [10.049188184291433, 53.573346469410644], [10.049204574726605, 53.573347366405905], [10.049221034136607, 53.573347409962686], [10.04923743732427, 53.57334659974968], [10.049253659520097, 53.573344941929705], [10.049269577331321, 53.57334244911281], [10.049285069680499, 53.57333914026043], [10.049300018726514, 53.573335040541075], [10.049314310760922, 53.573330181138886], [10.049327837072894, 53.573324599016495], [10.049340494776114, 53.57331833663378], [10.049352187591376, 53.573311441624966], [10.049362826578937, 53.57330396643627], [10.04937233081502, 53.573295967926924], [10.049380628007325, 53.573287506936744], [10.049503297946503, 53.57314880911444], [10.04950580599459, 53.573146239980886], [10.049508661841895, 53.57314380286526], [10.049511845988935, 53.573141514407894], [10.049515336694654, 53.573139390234125], [10.049519110124848, 53.5731374448476], [10.049523140514918, 53.5731356915312], [10.049527400345779, 53.57313414225635], [10.04953186053176, 53.573132807601354], [10.0495364906192, 53.573131696679056], [10.049541258994376, 53.57313081707475], [10.049546133099359, 53.57313017479422], [10.04955107965431, 53.573129774222934], [10.04955606488473, 53.57312961809592], [10.049561054752026, 53.57312970747917], [10.049566015185965, 53.57313004176244], [10.049570912317272, 53.57313061866326], [10.04957571270889, 53.57313143424258], [10.049580383584292, 53.57313248293178], [10.049947833816212, 53.57322558452964], [10.049984620982755, 53.57317036555746], [10.050021760985365, 53.573115230334714], [10.050059253284555, 53.57306017966024], [10.050078726774137, 53.573031801221575], [10.050312073702235, 53.57310011856377], [10.050351811463404, 53.57311184188837], [10.05529093605406, 53.57456825105463], [10.055414295125013, 53.57460460197951], [10.05547649248826, 53.57462294811125], [10.055501930330674, 53.57463057102033], [10.055527206971403, 53.57463838158251], [10.055552318502913, 53.57464637859036], [10.05571249599939, 53.574703359764236], [10.055864244037808, 53.57476799967326], [10.056006531378948, 53.574839859058415], [10.056138391059214, 53.5749184495987], [10.05625892696158, 53.575003237228735], [10.056367319905549, 53.575093645767375], [10.056462833214832, 53.57518906083246], [10.056544817724832, 53.57528883401521], [10.056612716195891, 53.57539228728596], [10.056666067102299, 53.5754987176013], [10.056688561386428, 53.57572364858796], [10.056709737979252, 53.575805486216446], [10.056711940771168, 53.575812243548214], [10.056715011352885, 53.57581887985206], [10.056718931488007, 53.57582535571363], [10.056723677894443, 53.57583163267149], [10.056729222382671, 53.57583767344551], [10.056735532023165, 53.57584344215829], [10.056742569341942, 53.57584890454822], [10.056750292543155, 53.575854028173005], [10.056759218065213, 53.5758590773997], [10.056768808604186, 53.575863674457395], [10.056778999684383, 53.57586778844071], [10.056781132231722, 53.57587183673801], [10.056782670613046, 53.575875979361236], [10.056783603379762, 53.57588018548157], [10.056783923590167, 53.575884423797646], [10.056783628861114, 53.57588866276846], [10.056782721385751, 53.575892870848165], [10.056810351660584, 53.57589736396647], [10.056848073808444, 53.57590334597399], [10.056885867140899, 53.5759091666612], [10.056923729710245, 53.575914825728084], [10.056970158275409, 53.575921525820206], [10.057028844890942, 53.575929807515834], [10.057315580561148, 53.57597033091216], [10.057667308790021, 53.576020023102224], [10.057668100937319, 53.57602015841046], [10.057668870326404, 53.57602033418482], [10.057669611133766, 53.57602054909484], [10.057670317752223, 53.576020801513884], [10.05767098483337, 53.57602108953139], [10.057671607328064, 53.57602141096731], [10.057672180524634, 53.57602176338874], [10.057672700084545, 53.57602214412818], [10.057673162075243, 53.57602255030379], [10.057673562999915, 53.57602297884126], [10.057673899823952, 53.57602342649695], [10.057674169997924, 53.57602388988256], [10.05767437147688, 53.57602436549074], [10.057674502735827, 53.57602484972157], [10.057674562781257, 53.57602533890994], [10.05767455115868, 53.576025829353135], [10.05767446795607, 53.576026317339014], [10.057674313803187, 53.57602679917398], [10.057674089866811, 53.57602727121103], [10.057688158304256, 53.57602756031969], [10.057688506373195, 53.576030613504706], [10.057690697670838, 53.576030666042335], [10.05769021321189, 53.576043326847945], [10.057687962186451, 53.576043301805434], [10.057687729878593, 53.576046701704136], [10.057679465004478, 53.57604656803076], [10.05767881499724, 53.57606409335289], [10.057792457119193, 53.57606547961396], [10.05779525877223, 53.57606560043184], [10.057798033501227, 53.576065860776744], [10.057800761724543, 53.57606625881141], [10.057803424188727, 53.5760667917268], [10.0578060021044, 53.57606745576209], [10.05780847727885, 53.5760682462311], [10.057810832244424, 53.57606915755536], [10.057813050381794, 53.57607018330351], [10.057815116037245, 53.57607131623675], [10.05781701463314, 53.57607254835978], [10.057818732770812, 53.57607387097733], [10.0578202583251, 53.57607527475552], [10.057821580529932, 53.57607674978769], [10.0578226900543, 53.57607828566428], [10.057823579068106, 53.576079871546455], [10.05782424129743, 53.576081496242395], [10.057824672068794, 53.57608314828638], [10.057824868342156, 53.576084816019666], [10.057853621237241, 53.57608707868598], [10.05792172863376, 53.57601473513068], [10.058004666380503, 53.575926628489], [10.05804033099972, 53.575888747995705], [10.058093351500409, 53.57587152353417], [10.058113878660771, 53.57583772308147], [10.058231149260358, 53.57585077152852], [10.058522819244525, 53.57588323018905], [10.058557093286517, 53.57588704387531], [10.058680331279302, 53.57590074921015], [10.058764782224422, 53.57591015039367], [10.058769708712605, 53.575914383184106], [10.058774752479586, 53.57591856676173], [10.058779912137837, 53.5759226999756], [10.058787563755045, 53.575928259767956], [10.058795937136033, 53.57593343801484], [10.058804978764904, 53.575938201620964], [10.058814630854787, 53.57594252014101], [10.05882483171715, 53.575946365974374], [10.059304167760695, 53.57611137643495], [10.059390733120996, 53.57614289660571], [10.059474198346082, 53.576177251245525], [10.059554301711565, 53.5762143326306], [10.05961156119491, 53.57624221275237], [10.059616047504408, 53.57624444145989], [10.059620459903558, 53.57624672183496], [10.059624796712765, 53.57624905300951], [10.059626119574899, 53.57624977765306], [10.059627431760457, 53.57625050914034], [10.059628733169491, 53.576251247415634], [10.059631318516116, 53.57625273145502], [10.059633873452865, 53.57625423403381], [10.059636397604445, 53.576255754931246], [10.059637378618081, 53.57625633052721], [10.05963826903119, 53.57625690692566], [10.059639204969326, 53.57625749190985], [10.059648567127617, 53.57626363009359], [10.059657442755732, 53.57627001917617], [10.05966581289481, 53.576276645510276], [10.059691544646228, 53.57629620024378], [10.059719962379267, 53.57631439004019], [10.059750862562407, 53.576331084619724], [10.059806222229428, 53.57635847809442], [10.059851263947467, 53.576380947089994], [10.060230021808836, 53.57656959608225], [10.060289555402534, 53.57657243032652], [10.060348222612669, 53.5766009987636], [10.060502836321072, 53.576676376368894], [10.060978874584064, 53.57690814379478], [10.061039347289682, 53.57693760377209], [10.061129192195798, 53.57698135639035], [10.061166928427653, 53.57699973677259], [10.061237140066126, 53.577033892413425], [10.061394275282755, 53.57711031619737], [10.061734877119877, 53.57727597250716], [10.062155308016166, 53.577483904539335], [10.062299862204783, 53.57755539601031], [10.062345559216709, 53.57757799308889], [10.062515554195363, 53.57766233738392], [10.062503907791639, 53.57767071970092], [10.062710719230898, 53.57777282261052], [10.062774594707065, 53.57779934803824], [10.062894943182322, 53.57784931840924], [10.062989558518638, 53.57788860466189], [10.06316770300414, 53.57797679482994], [10.063345190554381, 53.578064657980335], [10.063522724367418, 53.578152529446804], [10.063551672282397, 53.57813180411921], [10.063598105343164, 53.57815478969504], [10.0635691270084, 53.57817550631525], [10.063700213162132, 53.57824038307375], [10.063877718243889, 53.57832825427224], [10.064055223835073, 53.57841611621549], [10.064320569856028, 53.57854159748327], [10.064271712734872, 53.578585098485604], [10.064201477828238, 53.57864763959231], [10.064269424064685, 53.57868700926462], [10.064665208925433, 53.578916293938704], [10.06492642135019, 53.57906761810447], [10.065008608148577, 53.57911522936029], [10.065039386096336, 53.57913305922181], [10.066056040470952, 53.57979291208683], [10.066121314641297, 53.57983519898626], [10.06632159836107, 53.57996584003685], [10.066655703054906, 53.580000130015776], [10.066749549987506, 53.580009765423895], [10.066893553552411, 53.58002454463048], [10.066884216706043, 53.580056853495506], [10.066864099376112, 53.58012652693098], [10.066822112218748, 53.58027186710742], [10.066871859949245, 53.58032554629495], [10.06745725536678, 53.5805169948983], [10.068350459922732, 53.58068961090553], [10.068503507597077, 53.58071969660232], [10.068504463986697, 53.58071988581855], [10.06862889702035, 53.58074434811172], [10.068629656182937, 53.58074450313265], [10.068630384688886, 53.580744640449375], [10.068641845823254, 53.5807468931921], [10.068642923707316, 53.58074710828897], [10.068687174196358, 53.5807558008949], [10.06868797889101, 53.58075596449771], [10.068783751704906, 53.580774794848494], [10.068789322805744, 53.58077588668127], [10.06880260567793, 53.58077850067188], [10.068831842922727, 53.58078424412143], [10.068832131441338, 53.5807843044668], [10.068834104859734, 53.580784691341236], [10.068835015720552, 53.580784871972575], [10.068835486139275, 53.58078495765983], [10.068837307860955, 53.58078531892247], [10.06885370267727, 53.580788543324076], [10.068867972153445, 53.5807913462509], [10.068869323230093, 53.580791612838944], [10.068869581318745, 53.58079166446711], [10.06896769196715, 53.58081095020116], [10.069109551765775, 53.58092919143467], [10.06917395185703, 53.58098573207188], [10.069246368883848, 53.581049293350866], [10.06993655113788, 53.58165508554365], [10.070034644462323, 53.58174116789517], [10.070776400218328, 53.58239219409678], [10.070997992760859, 53.58258670131609], [10.07107988543841, 53.58265336975617], [10.071169486391652, 53.58271642989879], [10.07126634813948, 53.582775566788676], [10.071335537524096, 53.58281308590645], [10.071407653025732, 53.5828486003006], [10.071482530777763, 53.582882029269065], [10.071597304915382, 53.58292721293036], [10.0717171156236, 53.58296750181866], [10.071841374392548, 53.58300269803087], [10.071969470858226, 53.58303262867924], [10.072018103922797, 53.5831534995849], [10.07204692496899, 53.583225090476354], [10.072055552683034, 53.58324666768703], [10.072055664541194, 53.583246909387924], [10.072097251373352, 53.58335017999727], [10.072097546872726, 53.583351112206145], [10.072125088432303, 53.58341928973102], [10.072131198055505, 53.58343448033844], [10.072189959304088, 53.58358066334405], [10.07253264986294, 53.583992346658256], [10.072851626878116, 53.58441072411605], [10.073146520969612, 53.58483531215307], [10.07424297787583, 53.586493553121485], [10.07427062678421, 53.586535364420996], [10.074281700646141, 53.586552056450195], [10.07430155585223, 53.58658228048728], [10.074321187631226, 53.58661255615659], [10.074340595603443, 53.58664288287333], [10.074347191542296, 53.58665329303564], [10.07435376046375, 53.58666370924474], [10.074360302352131, 53.58667413147586], [10.074530340019493, 53.58696454926072], [10.074679372109602, 53.5872590241457], [10.07480712607828, 53.58755701847417], [10.075133739780238, 53.58839344119935], [10.07520210449256, 53.588568489961396], [10.07524571859591, 53.588580898346656], [10.07534486393831, 53.58883469272556], [10.07531491938175, 53.58885728155699], [10.075318765920084, 53.58886716185668], [10.075354879013526, 53.588959594807015], [10.075481872106689, 53.589048657980044], [10.075463259028682, 53.589075432742675], [10.075385659572918, 53.589187117474], [10.07536018148874, 53.589223778903936], [10.075308831509535, 53.589297662603975], [10.074766814355852, 53.58916435383844], [10.074655277097161, 53.58919196317833], [10.074492714809997, 53.58942721818189], [10.074396664742766, 53.58954067698182], [10.074353813000302, 53.58954346184248], [10.074323717368138, 53.5895446489622], [10.074090121993926, 53.589553883524566], [10.073841810757887, 53.5895636991602], [10.073615731413181, 53.589572631622715], [10.073390315438488, 53.58958151276113], [10.073171495825154, 53.589590163516434], [10.073147726975668, 53.58959121268974], [10.072968297500445, 53.58959819736393], [10.072748044115126, 53.58960691413595], [10.072741496376896, 53.58960727846961], [10.07251716818633, 53.58961975279714], [10.072283832987226, 53.589632729909766], [10.072116307445553, 53.589642060615176], [10.07210222990665, 53.589642789023884], [10.072059838959461, 53.58964468801072], [10.071999627886397, 53.5896474837477], [10.071770252477455, 53.58965814117214], [10.071533754295537, 53.589669131617796], [10.07134900130834, 53.589677716634625], [10.071307369848853, 53.58967977934473], [10.071089796849865, 53.5896905634968], [10.070864060429187, 53.589701752911495], [10.070638369425085, 53.589712950482316], [10.070397648865514, 53.589724875363], [10.070215203580036, 53.589733923386916], [10.070142096903721, 53.589737597602365], [10.069924301476854, 53.58974857039062], [10.069671242652355, 53.58976131427301], [10.06959599325667, 53.589765097201024], [10.06958707468255, 53.58976550952348], [10.069579651716253, 53.58976591746409], [10.06945949698466, 53.58977195346777], [10.069445539510717, 53.58977265352324], [10.069370305404576, 53.589776445161455], [10.069451942569108, 53.58981741542981], [10.069464887268362, 53.58990763914414], [10.069484120243228, 53.59004166396276], [10.069503375031937, 53.59017594926181], [10.069522554095954, 53.59030962398043], [10.069541823110299, 53.590443864196295], [10.069561129271637, 53.59057837374443], [10.069580377535939, 53.5907123804208], [10.069594128157588, 53.59080817008317], [10.069595738319293, 53.59083061563827], [10.069594209174515, 53.59085306319871], [10.069589551287352, 53.590875357612475], [10.069581796847118, 53.59089734478581], [10.06957099944598, 53.590918872748304], [10.069557233708696, 53.59093979270329], [10.069540594776907, 53.59095996005629], [10.069521197651667, 53.59097923541445], [10.069517597615988, 53.59098244780488], [10.069513915544514, 53.59098562711187], [10.069510152295976, 53.590988772593896], [10.06947855313655, 53.59101482650227], [10.069548095262343, 53.59103982350656], [10.069807770836318, 53.59113440329848], [10.069897667541277, 53.59119419428278], [10.069951553575706, 53.591256114021924], [10.06999201099421, 53.59130260286625], [10.070018514725586, 53.59134936031131], [10.070028283183687, 53.591394532542516], [10.070032149551528, 53.59141241303264], [10.070028431982012, 53.59142852759247], [10.0700218377934, 53.591502413184216], [10.070019611140177, 53.59152730564735], [10.070024601710617, 53.59164888212048], [10.070038301011355, 53.59196264631604], [10.069888322870536, 53.5919660100361], [10.069851960743584, 53.59196682058586], [10.069694520113252, 53.59197263287329], [10.069661960161769, 53.591973831855114], [10.06946879307321, 53.5919828936498], [10.06945366048862, 53.591983757019605], [10.069278722394841, 53.5919937162698], [10.069213716400796, 53.5919982343826], [10.069088048447657, 53.5920069799951], [10.06897437366881, 53.59201858469276], [10.068907401057487, 53.59202540341359], [10.06873732607097, 53.59204487372476], [10.068726855521671, 53.59204607289717], [10.068546062026508, 53.592068299417754], [10.068500439410567, 53.59207455868793], [10.068369564729519, 53.59209253679281], [10.068265372311057, 53.592107507917184], [10.068186561447428, 53.59211881855792], [10.068004793372873, 53.59214795650494], [10.067798207621713, 53.592180362930776], [10.067745835680029, 53.59221737056593], [10.067601419785888, 53.59228678682446], [10.067503691355798, 53.59231426621541], [10.067356437832004, 53.592337665875846], [10.067343601293349, 53.59233971302035], [10.067233604618686, 53.59235522941385], [10.067207172309564, 53.59235857537172], [10.067097693688007, 53.59237246900055], [10.0669495525029, 53.59239123775538], [10.066461166107137, 53.59245017303589], [10.066262444183176, 53.5924847629412], [10.065753892716126, 53.59258063100725], [10.065327013573105, 53.59265102304759], [10.064765161826502, 53.592758085317065], [10.063772428213005, 53.59295576525959], [10.063332175216885, 53.5930432043039], [10.063036834840998, 53.593092706217654], [10.061866241559528, 53.59328898397805], [10.061786807499717, 53.593292466509126], [10.06170827592462, 53.59329819721457], [10.061506747257944, 53.5933157609731], [10.061488969528185, 53.59331721310587], [10.061305687418294, 53.5933321426758], [10.060885356963276, 53.59336236084991], [10.060357949305157, 53.593393975978664], [10.060340426357039, 53.59337543418164], [10.060176623165667, 53.59338084085128], [10.06001784785272, 53.5933855016122], [10.059279540762594, 53.593427411890715], [10.059232654343374, 53.59344124752625], [10.058804766231562, 53.59356753660953], [10.058751174369432, 53.59358634836567], [10.058259762329847, 53.5936884509057], [10.058236348584707, 53.59369396573328], [10.058213765149508, 53.59370059374006], [10.058192161264975, 53.59370829112558], [10.058171679698793, 53.593717007022455], [10.058152455802162, 53.59372668383249], [10.058134616615348, 53.59373725760741], [10.058118280028147, 53.59374865847133], [10.058103554000825, 53.593760811082554], [10.058090535850637, 53.59377363513152], [10.058079311608703, 53.59378704587137], [10.05806995545145, 53.593800954678116], [10.05789430119983, 53.59409655541731], [10.057874271500218, 53.59412669689224], [10.057850661266817, 53.59415590660815], [10.057823591982038, 53.59418403426246], [10.05779320292811, 53.59421093512012], [10.057705663574655, 53.594277975222326], [10.057611261693083, 53.59434163441945], [10.057510365323312, 53.5944016645061], [10.057325517245259, 53.59450480166397], [10.057275027497099, 53.59453549973902], [10.057229216040165, 53.59456869339853], [10.057188429937856, 53.594604131178635], [10.05715297818554, 53.59464154461419], [10.057123129369458, 53.59468065027234], [10.057099109631642, 53.59472115189969], [10.057081100956331, 53.59476274266648], [10.056992574733103, 53.595011072228814], [10.056991126674022, 53.59504688812395], [10.056976074611972, 53.595066769877604], [10.056959604366854, 53.595086133807136], [10.056939317541163, 53.59510514492178], [10.056918940885067, 53.59512297927013], [10.056896427048066, 53.59513994258387], [10.056872784295779, 53.59515647540487], [10.056848574945462, 53.59517270760039], [10.05683269391384, 53.59519267755795], [10.05676227045427, 53.59522739475007], [10.056642578522483, 53.59526477626352], [10.056400889131432, 53.595255629195236], [10.056375224638678, 53.595268053825386], [10.056359454305074, 53.595289442999984], [10.05632768153766, 53.59532776485854], [10.056320068602329, 53.59533695588014], [10.056295131585342, 53.59536703741185], [10.056269798078988, 53.59539758087605], [10.05607286798485, 53.59568907886152], [10.056022067567948, 53.59576423461061], [10.055942448185336, 53.59589803706156], [10.055906147782224, 53.59595903300068], [10.05582315924145, 53.596111670035434], [10.055639416738346, 53.59644932612735], [10.055618210870094, 53.596470313702625], [10.055608728751084, 53.596479700945736], [10.055575501598394, 53.596511266723], [10.055566137939914, 53.59652843737038], [10.05556823006786, 53.596539016916154], [10.055611487790038, 53.59656976411829], [10.05575212079211, 53.59664058796176], [10.055773892224089, 53.596708227890986], [10.055786912575451, 53.596776659630855], [10.055791105685687, 53.59684548312389], [10.055786446998404, 53.596914296020444], [10.055784124553963, 53.59691690533762], [10.055778497730424, 53.59692758894394], [10.05576574430705, 53.59698698376443], [10.05574056984481, 53.59702577757882], [10.055728696536322, 53.597044111980296], [10.055726769182384, 53.597072264477], [10.055742719226256, 53.597097436700274], [10.055686737970198, 53.59731034908316], [10.055682843679053, 53.59732571447823], [10.055679253065229, 53.59734110602464], [10.055675966624493, 53.59735652159862], [10.055640936551908, 53.59738792351404], [10.055637278038878, 53.597450285338496], [10.055636410476199, 53.597465187722726], [10.055659978535953, 53.59754559291619], [10.055662737721596, 53.59759031693346], [10.055667982692006, 53.59763496216936], [10.055675707712991, 53.59767947974756], [10.055684946662632, 53.59772517907967], [10.055746060291563, 53.59802776604922], [10.055754310547195, 53.59808314219978], [10.055756805827787, 53.59813871557759], [10.05575353661723, 53.59819427474995], [10.055741244847123, 53.59826382321348], [10.055719895160168, 53.59833259212896], [10.055689616906337, 53.59840016470953], [10.055650593551217, 53.598466131417], [10.055603061565053, 53.598530092444015], [10.055547308990452, 53.59859166013732], [10.055483673697399, 53.59865046134752], [10.055412541336176, 53.59870613969074], [10.055264943554354, 53.5988775487653], [10.055216659688389, 53.598940501862025], [10.054988942876772, 53.59915998897601], [10.054935080662242, 53.5992165250149], [10.054888442140017, 53.59927528898171], [10.05484928608152, 53.59933595486625], [10.054817829749943, 53.59939818610545], [10.054796370452722, 53.59945670513962], [10.054782776004446, 53.599516051794815], [10.054777131972402, 53.59957585267147], [10.054779473901784, 53.59963573151054], [10.054789787091199, 53.599695311560886], [10.054808006684327, 53.59975421794975], [10.054827043953484, 53.599937856591396], [10.055132248611041, 53.60037404319383], [10.05516265381652, 53.60041302365878], [10.055198178045055, 53.60045044113616], [10.055238595949502, 53.600486058255235], [10.055283651136083, 53.60051964906587], [10.055333057790701, 53.60055100047204], [10.055386502491974, 53.60057991358382], [10.055829908985002, 53.60080117564129], [10.055901642753353, 53.600840408749065], [10.056027244793672, 53.600927832706354], [10.056166597041088, 53.60108118611607], [10.056232545801482, 53.60117199485984], [10.056275696415371, 53.60126486553171], [10.056295995596782, 53.6013576682404], [10.05629543045635, 53.601389530135584], [10.05619257469883, 53.60137617255097], [10.05602788617738, 53.601364915672846], [10.055862915700647, 53.60136355791087], [10.0556763889608, 53.60137771629002], [10.055545625876126, 53.601399715263554], [10.055494684198615, 53.60140829064556], [10.055327175104598, 53.60145969281303], [10.054942794792408, 53.60159024910348], [10.054774101355415, 53.60164754870447], [10.054728170365, 53.60166315390742], [10.054623944843573, 53.601698554216945], [10.054544490495298, 53.601725538196646], [10.054501031982953, 53.601740303526086], [10.053382681551101, 53.60212015747093], [10.052964810192913, 53.60226207656692], [10.051788134676825, 53.602661701018434], [10.051445784198084, 53.60277795262354], [10.051402173757607, 53.60279277208497], [10.051353962135668, 53.60280914210215], [10.051277261216546, 53.60279015711052], [10.05114004605432, 53.60269621434666], [10.050984928310143, 53.60257449096869], [10.050960148616715, 53.60254974625498], [10.050947565068197, 53.60253231031685], [10.050641564968185, 53.60264938195935], [10.05052236801521, 53.60269497775372], [10.049868143110631, 53.60294525515432], [10.049735480079688, 53.60297688259851], [10.049684498062893, 53.60299614372082], [10.048867746682953, 53.60330472331214], [10.048621827661494, 53.60339688503532], [10.048178164839323, 53.60356524306281], [10.048156745138066, 53.60357339703977], [10.048135397098868, 53.60358161723526], [10.048114121300406, 53.60358990342647], [10.047914456709483, 53.60367286624452], [10.047722551148157, 53.603762072034506], [10.047538955821192, 53.60385726459718], [10.047323176588291, 53.603983612128125], [10.04712203276029, 53.60411823134587], [10.046936418700776, 53.60426052377797], [10.046283222169777, 53.60479759193586], [10.046105884984337, 53.60494337911628], [10.045404195760897, 53.60552015695635], [10.045179997545578, 53.605704429298285], [10.044646299123992, 53.60614309410031], [10.044438182322939, 53.60631415468604], [10.044432286606645, 53.60631900624315], [10.044428877406544, 53.60632172369454], [10.044180232309502, 53.60651378923144], [10.043928698247985, 53.606704520091284], [10.043674295444387, 53.60689390091032], [10.04366655203475, 53.60689912661519], [10.043658075286398, 53.606903932938295], [10.043648929163684, 53.606908283611695], [10.043639182682043, 53.60691214580564], [10.043628909387222, 53.60691549037646], [10.0436181868003, 53.60691829208637], [10.043607095832717, 53.60692052979397], [10.043595720175723, 53.60692218661373], [10.043584145668838, 53.60692325004345], [10.043572459652108, 53.60692371205861], [10.043560750307044, 53.606923569172885], [10.043549105991183, 53.60692282246447], [10.043407288647893, 53.60690997339564], [10.043339519501034, 53.60694016488062], [10.043327598952425, 53.60700072152383], [10.043315064216994, 53.60706123428684], [10.043301915748494, 53.607121700966395], [10.043217676935116, 53.607521284024216], [10.043207047086897, 53.60757016870488], [10.043150917240899, 53.607835948843444], [10.043171562511121, 53.60783569595317], [10.043192208696224, 53.6078354710311], [10.043212855689099, 53.60783527407841], [10.043348065992497, 53.60783656960321], [10.043482891591184, 53.60784276813812], [10.043616830284396, 53.60785384659453], [10.043642597789114, 53.60785655163599], [10.043668309701804, 53.60785943771933], [10.043693962426302, 53.607862504440874], [10.043758991281361, 53.607871118565996], [10.043823554713812, 53.607880892841756], [10.043887594219184, 53.60789181841115], [10.044064907525343, 53.60792379134795], [10.044091407142856, 53.607928588043656], [10.044117891347074, 53.607933414759295], [10.044144360041864, 53.607938271477366], [10.044231616671095, 53.607994607915025], [10.044245731840741, 53.608003716396404], [10.044231336653793, 53.60812967830722], [10.044178954780753, 53.60858819422029], [10.044173537630767, 53.60863573908978], [10.044149346674324, 53.60884744213254], [10.044142523578119, 53.60890723322345], [10.04408096639973, 53.609446073412805], [10.044072228901332, 53.60952262760334], [10.044043374464586, 53.609775100192785], [10.04403534548125, 53.60984545481075], [10.044032486226005, 53.60987047801491], [10.044027189959348, 53.60991680830422], [10.044003921284254, 53.61012061092718], [10.043978196684133, 53.61034557696245], [10.043968515358214, 53.61043045414083], [10.043953512048876, 53.6105863634433], [10.043945959419387, 53.61066501068563], [10.043941654261069, 53.61070985813165], [10.043922177445394, 53.610912378168265], [10.043911412532259, 53.6110244203868], [10.043898813093179, 53.61115523853119], [10.043889357950851, 53.61125358814489], [10.04388613727607, 53.61128725286696], [10.043874482764226, 53.61135982892458], [10.043853607957562, 53.611431670560755], [10.04382363299504, 53.61150236415112], [10.04381656300673, 53.611516338645416], [10.043809135841665, 53.6115302474704], [10.043801353223252, 53.611544087398], [10.043691470668424, 53.61173453267415], [10.043817535214043, 53.61187044265898], [10.043903473384871, 53.61196309717146], [10.044048244195238, 53.61208087484324], [10.044284244463487, 53.61227286004674], [10.04548231586331, 53.61324761481915], [10.045466317970421, 53.613246208476376], [10.045488811677615, 53.61327619684293], [10.046013993961434, 53.613949526783905], [10.046123613592659, 53.61409045907388], [10.047101897584657, 53.61538160579234], [10.047178226377808, 53.615484274811074], [10.047379924992223, 53.615755521907914], [10.047641519686474, 53.61609260971151], [10.047652825630639, 53.61610718069257], [10.047702640206186, 53.61617136610687], [10.047899623105582, 53.6164289544616], [10.047918184735655, 53.61645325084337], [10.048128400343858, 53.616720071451795], [10.048205694732589, 53.6168169694457], [10.048210546474952, 53.61681570445658], [10.04852346310618, 53.61721982078787], [10.048780254141576, 53.617551446948156], [10.048885566339704, 53.617694113355235], [10.049019427739434, 53.61789674633843], [10.049127985112698, 53.61805681363872], [10.049532618524903, 53.61866408231469], [10.049592692384646, 53.61876251471548], [10.049759869483289, 53.61901216346753], [10.049898907524874, 53.61896430026806], [10.054077994647288, 53.6175254808417], [10.054207214134948, 53.617479550783344], [10.054670465934672, 53.61731950218877], [10.055081686743547, 53.617256200065654], [10.0561152069646, 53.6170970678088], [10.056273593915009, 53.617072667317565], [10.056646096160684, 53.6177274598624], [10.056695508545316, 53.61780518248128], [10.056938547177719, 53.61809375687015], [10.057186206168483, 53.61838498663605], [10.057276685164348, 53.61847734880458], [10.058407415585977, 53.61930479170711], [10.058613230653307, 53.61944568890865], [10.05876107392588, 53.619538567295976], [10.058871073384767, 53.61959935719658], [10.059100013769152, 53.619701818987885], [10.059477721398615, 53.61984877117293], [10.059835432375909, 53.61998438441112], [10.060120031392534, 53.62008808624626], [10.060427963173645, 53.620189477265406], [10.060701354028238, 53.620265734903306], [10.06098019992401, 53.62033459959371], [10.061264956503392, 53.62039435036945], [10.061341698446839, 53.62040748587267], [10.061555266477649, 53.620444010561854], [10.061849881128575, 53.62048443616954], [10.062148059368646, 53.62051442022922], [10.062447619795313, 53.62053500681785], [10.062749424698826, 53.620545019704494], [10.063051562281679, 53.62054540171357], [10.063353158742197, 53.620535081931415], [10.063653902159071, 53.620516696894825], [10.063951542170155, 53.62048614068728], [10.064067843460373, 53.620469474980325], [10.064506653344361, 53.62038974214313], [10.064653568753316, 53.62036399440211], [10.064801563022685, 53.62034447521197], [10.064952395242516, 53.62033379368983], [10.065520947394784, 53.62030840037943], [10.065690317125053, 53.620289984194685], [10.065824653970681, 53.620258899708276], [10.065961149694203, 53.62021809676538], [10.06742557640802, 53.61976455943679], [10.067481892482368, 53.61975309063679], [10.067561403900832, 53.619742934046876], [10.067654222965427, 53.6197352924554], [10.067700808588853, 53.619732458846464], [10.067747225083046, 53.619731909922045], [10.06889870750829, 53.61980757495034], [10.069070302926924, 53.619805574883934], [10.069233402564217, 53.61979225247847], [10.06938388178108, 53.61976114560863], [10.069829247381135, 53.619590977632235], [10.07015120475235, 53.619461274129655], [10.070258198692617, 53.61942412786422], [10.070375060481583, 53.619393374287135], [10.070495214765353, 53.61937384531751], [10.070607580726762, 53.619361406269995], [10.070772915138553, 53.61934985056766], [10.071157154345011, 53.61933826828285], [10.071373043435143, 53.61932422777549], [10.071517754294657, 53.61930009133956], [10.071708804436902, 53.619249705530024], [10.07242233947197, 53.61900111556924], [10.072628892342276, 53.61908285288399], [10.072893037799874, 53.61918741789534], [10.073159643210381, 53.61929294905501], [10.07411350180822, 53.61897245749279], [10.074257997580274, 53.618967942558086], [10.07540881932299, 53.61958358954815], [10.07535614541549, 53.61965914760753], [10.076504759411693, 53.6202722151479], [10.0768308154282, 53.620209091916585], [10.077144341750563, 53.62015091661886], [10.077264382535198, 53.620340123493634], [10.077370227454786, 53.62054239314713], [10.077465891687366, 53.62074619259005], [10.077606434346224, 53.62109197299966], [10.077313971453073, 53.62114691262215], [10.07779884363313, 53.62207587073398], [10.07791426279532, 53.622054291543165], [10.07797865501689, 53.62204230461461], [10.078580439533868, 53.62193026499985], [10.079107283134547, 53.6218281297038], [10.079148207101294, 53.621861712019744], [10.079196109838403, 53.621905110261324], [10.07935779162292, 53.62207838866487], [10.07941168109678, 53.622143072619025], [10.0795189442045, 53.622262871866226], [10.079671350881554, 53.62241860615581], [10.07979967868768, 53.622572804642836], [10.07980565275098, 53.62257997786834], [10.079918071971749, 53.62272753308883], [10.079948431226587, 53.62277247361996], [10.080039463113756, 53.62290725962495], [10.080066555302304, 53.62295569934501], [10.080126495372806, 53.62316132917147], [10.080156574130594, 53.62326276778004], [10.080163239541463, 53.623343788024876], [10.080146427039423, 53.62345989730545], [10.08011603061868, 53.62354854205822], [10.080111691653267, 53.62358291004247], [10.080352323238106, 53.62364057775081], [10.0803844757134, 53.62362721758331], [10.0805939369992, 53.62402847242255], [10.080635548954355, 53.62427943695298], [10.080652412804133, 53.624332283582774], [10.081045772774965, 53.624721458895436], [10.081064797108018, 53.62476237558542], [10.081281136042438, 53.624798687365555], [10.081357251451859, 53.62480686282707], [10.081410926638267, 53.62481263419392], [10.081448765038996, 53.624792175030414], [10.08147456734243, 53.62477822474591], [10.081612025334115, 53.62460772059148], [10.08163601248235, 53.62460735101048], [10.08190749679334, 53.62458278447196], [10.082130253790645, 53.624562630994085], [10.082384268119354, 53.624539641573485], [10.082682800318697, 53.62451262637417], [10.083435276345618, 53.624444521604936], [10.083462420964649, 53.62458041366991], [10.083489429172403, 53.624715695712126], [10.083516434335971, 53.62485085192813], [10.083570171549729, 53.62511992633145], [10.083591749050642, 53.62522794006296], [10.08419006784611, 53.62517534778216], [10.084192439575073, 53.62518410851088], [10.084228334882601, 53.62531676600712], [10.084264265724144, 53.62544962092585], [10.084312254375524, 53.625626951829595], [10.084344764699713, 53.625746686861554], [10.084522382504039, 53.62574864621875], [10.084534696108543, 53.625798378416675], [10.084546940976542, 53.62584778763338], [10.08456750096109, 53.62593074919379], [10.084974984826928, 53.62589174752404], [10.08517436123735, 53.62667339964309], [10.085152861646337, 53.626738944282], [10.085203835777865, 53.62692516479107], [10.085158920733718, 53.6269568355991], [10.085022712287646, 53.626978906812916], [10.084874135462217, 53.62699513029795], [10.084723725940828, 53.627003576781775], [10.084633090389897, 53.62700488353895], [10.08457264775835, 53.62700481999237], [10.084572173039938, 53.62714965435434], [10.08457110970961, 53.62749679948163], [10.08234769164383, 53.628646531409515], [10.081940067373216, 53.62883368116149], [10.077980987070488, 53.62885612547821], [10.077972667502074, 53.629900823906475], [10.077972724449207, 53.63070221486073], [10.077973084167771, 53.63104737811124], [10.077074875062458, 53.63146926977287], [10.075225357024227, 53.63136224588794], [10.07519509648666, 53.63136049519453], [10.074053845317788, 53.63129444288818], [10.07182723196313, 53.63079709700049], [10.062756766337447, 53.62877052734149], [10.061247698836121, 53.628433285192635], [10.061155824150344, 53.62839197759451], [10.06112074479575, 53.62849338712105], [10.061108873214458, 53.628527713233964], [10.061045592926076, 53.62871057875779], [10.060998258788926, 53.62884734247922], [10.060950714927223, 53.62898480018442], [10.06089851244848, 53.629135494909804], [10.060847583075578, 53.629282699607195], [10.060797355207798, 53.62942774071732], [10.06074881912449, 53.62956789480806], [10.060699888465445, 53.629709211943336], [10.060645948983261, 53.62986488381607], [10.060639759490867, 53.62988279966761], [10.060594204074334, 53.630014612508255], [10.060685823949024, 53.63002875824723], [10.060641794315641, 53.63015749235689], [10.060599329076718, 53.63028168216412], [10.060556833805082, 53.63040589019671], [10.060514293380956, 53.63053011658861], [10.060448389841161, 53.63051993172993], [10.060407933664676, 53.63063803613154], [10.060362701464067, 53.6307701336441], [10.060317188451187, 53.63090310554922], [10.060271519656832, 53.631036510281504], [10.060226596722243, 53.631167706098296], [10.060181969174359, 53.63129802735201], [10.060090811994264, 53.631564268767654], [10.060026509948903, 53.631587867859025], [10.059799627157053, 53.63155147615059], [10.059539248133323, 53.63150969951232], [10.059272734655028, 53.63146691590242], [10.059025080601552, 53.63142716490464], [10.058561697240474, 53.63137418403575], [10.058518908607308, 53.63149480730655], [10.058480583138564, 53.631602824572305], [10.05839783070658, 53.63185607323074], [10.05843383196506, 53.63202677821121], [10.05834544835724, 53.632016395451494], [10.058315584513991, 53.632107834168906], [10.058286633402465, 53.63219646925152], [10.058280944293656, 53.63221388615399], [10.058259626522263, 53.6322830286727], [10.05822976499237, 53.63238001350979], [10.058197075069407, 53.63248605721125], [10.058160595499867, 53.63260444922926], [10.058124086164534, 53.63272286846295], [10.058087606419932, 53.632841269442984], [10.058184366702973, 53.632859974003004], [10.058107307073353, 53.63297220775391], [10.058051126475402, 53.63295967041056], [10.057995623299325, 53.63313983161264], [10.057982671854663, 53.633181924359995], [10.05798611472145, 53.63319742679108], [10.057962098718846, 53.63328086750127], [10.057947323231893, 53.633296602862295], [10.05793382448962, 53.63334039934664], [10.057866431939944, 53.6335592100555], [10.057769104003558, 53.63387518583705], [10.057758556617317, 53.63390940997992], [10.057746709098565, 53.6339478883817], [10.05773201946562, 53.63402873871047], [10.057720605657398, 53.63405795468601], [10.057583405744946, 53.63440951017595], [10.057533882838248, 53.63468198842809], [10.057417559389304, 53.63532175078452], [10.057416150050997, 53.63532950269451], [10.057408053288585, 53.63537405139549], [10.05728060738475, 53.63607482069732], [10.057370653830091, 53.63608060523288], [10.057332179244563, 53.63629240939852], [10.057294392628748, 53.636500288298016], [10.057230608252194, 53.63652438463895], [10.057287875891973, 53.636536058829954], [10.057377312179867, 53.63655429840549], [10.05737012213084, 53.6365933828113], [10.0573486846947, 53.636709897760795], [10.057649727899019, 53.63677256977829], [10.057342141121493, 53.63706272565093], [10.057023925549144, 53.637364714081556], [10.056589260717459, 53.63794653872878], [10.056563024957688, 53.63801218263312], [10.056523042094216, 53.63806761959653], [10.056439229909975, 53.63818316570633], [10.056429272087836, 53.63818114118949], [10.056373843235338, 53.638169890813195], [10.056296644452239, 53.63815423018436], [10.056015578431056, 53.6380971763682], [10.055996620220517, 53.638092094081195], [10.055862984136702, 53.63805627448948], [10.055857136823885, 53.63805470805959], [10.055851654912418, 53.63805323728459], [10.055703915328136, 53.638003213580205], [10.05567822017362, 53.63798879723945], [10.055522105063249, 53.6379425506063], [10.05544336022359, 53.637909158943565], [10.05541619720566, 53.637893497040636], [10.055308680521145, 53.63783148656046], [10.055165944252368, 53.63774915687233], [10.055144520972597, 53.63773680616937], [10.055087106786626, 53.63770899714022], [10.055030626333567, 53.637681629300126], [10.054576840535558, 53.63739381169153], [10.054258579272354, 53.63721687268283], [10.054233210490368, 53.637202767771576], [10.054196384352492, 53.63718229173535], [10.0540992961801, 53.63712831431663], [10.054043788964222, 53.63709745873389], [10.053992768758974, 53.637071246843334], [10.05394050761991, 53.63704439865487], [10.053905637967606, 53.63702109177383], [10.053817118112951, 53.63696192399904], [10.053722553966118, 53.636898728396915], [10.053615906794528, 53.63683863238019], [10.053569240849505, 53.63681596856273], [10.053214194233748, 53.63664348544755], [10.053186880697334, 53.636630215417775], [10.053153886972773, 53.63661418182466], [10.053083306918175, 53.63657989879588], [10.053025533102925, 53.63655575043649], [10.052916038514509, 53.63650999818965], [10.052801240569718, 53.636462027279116], [10.05272691911377, 53.63643782655335], [10.052598953607564, 53.63639616461022], [10.052495675555104, 53.63636253729738], [10.052357644482187, 53.636302931833924], [10.052289432476421, 53.636266515127076], [10.0522150892233, 53.63622682637688], [10.052106867992883, 53.63618172738117], [10.052045416719094, 53.63614772306686], [10.051949766344961, 53.63609479197174], [10.051792674597548, 53.63604774907364], [10.051709153582207, 53.63602273864832], [10.051597708671705, 53.635992714960466], [10.051498765116534, 53.635966060067666], [10.051397568069527, 53.6359387956623], [10.051294041353783, 53.63590238293901], [10.051191125034281, 53.63586618050044], [10.051087964713801, 53.635829890227214], [10.050979693111698, 53.63579180201381], [10.050886127076252, 53.6357642274793], [10.050709872270192, 53.635721342474675], [10.050638359267499, 53.63571267561838], [10.05054237672476, 53.63570105038143], [10.050463764222648, 53.63569152885727], [10.050421029396192, 53.635686348716106], [10.050313086398459, 53.63567910697168], [10.050261955411509, 53.63567567238067], [10.050190911244687, 53.635675522634486], [10.050078937550005, 53.635675282449014], [10.050033051722604, 53.63568451207255], [10.050025981899699, 53.6356878999855], [10.050017821161141, 53.63569181882416], [10.049985940231045, 53.63570711894371], [10.049958707570136, 53.63572018498902], [10.049896365618565, 53.63575010755441], [10.049776613498338, 53.63580757221891], [10.049561300435448, 53.6359289049209], [10.04941137871432, 53.63601339372566], [10.0492451827428, 53.636107049854935], [10.049109800896508, 53.636168623936804], [10.04901174088485, 53.636203137785515], [10.048990719522658, 53.63621054009482], [10.048961346574563, 53.63622088304688], [10.048930294044082, 53.636231807010525], [10.048788704731646, 53.63626999203573], [10.048683079714513, 53.636290396378456], [10.04859031467842, 53.636299982185115], [10.048504051995732, 53.63630341648403], [10.048417309005513, 53.636303340263034], [10.04832412426165, 53.63629966190588], [10.048201843460232, 53.636288220149], [10.048009690966197, 53.63625440535783], [10.047876404304695, 53.636225459335634], [10.047518827862342, 53.63613103228122], [10.047111263505178, 53.63600170602828], [10.046855673891333, 53.635920605300306], [10.046749382468047, 53.635879880184945], [10.046565709083577, 53.635776657474096], [10.046381639284405, 53.63563048893363], [10.046199462252487, 53.635490469962065], [10.045936982382695, 53.63522111881401], [10.045763807680515, 53.63510128152863], [10.045696749932448, 53.635071475831424], [10.045627944511969, 53.635052948468186], [10.045387570123083, 53.635008206697464], [10.044950807204916, 53.63497085096486], [10.04485761046134, 53.63496288231553], [10.044848891632174, 53.634961367381514], [10.044743613079905, 53.63494309494172], [10.044590515383929, 53.63492131155445], [10.044375659908761, 53.63489074530063], [10.044271167077614, 53.63487855108347], [10.044214908727492, 53.63487198555904], [10.044200711444734, 53.63487032960074], [10.044195190057573, 53.63486967662951], [10.044187439212628, 53.63486877343842], [10.044024984259128, 53.63486553417372], [10.043848463884762, 53.63483779671941], [10.043776676717782, 53.634816678524714], [10.04362678456957, 53.63475805637241], [10.04348252051604, 53.63469275115737], [10.043418137970276, 53.634654812873954], [10.04331609483294, 53.63457330096944], [10.043185209409241, 53.634438421487964], [10.043148600722509, 53.63438720709724], [10.04306030930942, 53.634248171958944], [10.0430022226787, 53.634196875005934], [10.042920475637096, 53.63413734358269], [10.04267001585739, 53.6340353260154], [10.042570796482913, 53.63398295789501], [10.04241140797132, 53.633917459524305], [10.042344223887614, 53.633895239699946], [10.04211605234412, 53.63386411119579], [10.04193421233306, 53.633826493491064], [10.041794490536809, 53.633788167378995], [10.041711486672602, 53.63374995877851], [10.041651172868594, 53.633701476107596], [10.041594475286212, 53.633634633553605], [10.04155692136034, 53.63357686500083], [10.0415271354144, 53.63348631820559], [10.0415284572011, 53.633463843419584], [10.041531535371202, 53.63341197759423], [10.041565734779217, 53.633301637786325], [10.041639787142664, 53.63315086063629], [10.041782259557028, 53.632930758775785], [10.041846513136106, 53.632772111576735], [10.04189534838177, 53.632568986574334], [10.041900464249824, 53.63252066260245], [10.041894457839915, 53.63247452985629], [10.04186391236579, 53.632420673487715], [10.041791731039662, 53.63233362387934], [10.041698886910426, 53.632261738562725], [10.04154619690715, 53.632190346955106], [10.041433143555176, 53.632148956875554], [10.041178977482089, 53.63206469459534], [10.04076656778115, 53.63196960082703], [10.040558539918507, 53.63193982235903], [10.040360604206722, 53.631924985275646], [10.040111569790627, 53.63191948191916], [10.03997798551826, 53.63192315948839], [10.039855163133488, 53.63193705369942], [10.039723393909657, 53.63196473358506], [10.039197387931951, 53.63212710163557], [10.039061487460373, 53.63217810691783], [10.038938515896156, 53.6322370628808], [10.038824752665732, 53.63230457714322], [10.038703477783272, 53.6323987726367], [10.038604885546114, 53.63245901784525], [10.03852977698664, 53.63249020483268], [10.038377292015886, 53.63253907003021], [10.038198768206072, 53.63257763486357], [10.037994913307758, 53.63261193362549], [10.03780313046515, 53.63264761953444], [10.037662468734872, 53.63267729785686], [10.037535678021094, 53.63271079292596], [10.037477426901967, 53.632732565567636], [10.03744234554041, 53.63275374186147], [10.03722052251449, 53.63297980256299], [10.036996766807693, 53.6331764858553], [10.036860398047693, 53.63326229770683], [10.036728980770016, 53.63332123463172], [10.036649803827006, 53.63332909349308], [10.036629198157485, 53.63334731267436], [10.036619649832328, 53.633355737067234], [10.03653884719324, 53.633428078363956], [10.036299044301934, 53.63363976691999], [10.035902067063589, 53.633990210655405], [10.035761637178046, 53.63411417831032], [10.035659773196299, 53.63420419363524], [10.035680063888575, 53.63423421180889], [10.036140473189866, 53.63447435709491], [10.03632612853017, 53.63457086383272], [10.03640712229232, 53.63461975439328], [10.036274758392379, 53.63462236552484], [10.035903594841665, 53.63479771558637], [10.03547841482491, 53.635018593115724], [10.035222689973764, 53.63515072152779], [10.03500976874813, 53.63526072615676], [10.034943844275903, 53.635296074202145], [10.034730634661491, 53.63541042245876], [10.034548549770332, 53.635508060639964], [10.034369806671345, 53.63560755733222], [10.033879589339888, 53.635880380593065], [10.033563851823114, 53.63606251658355], [10.033362803619147, 53.63614565576532], [10.033344586537622, 53.636207881368655], [10.033715994662126, 53.63651795578455], [10.033984819781228, 53.63671256286702], [10.033651003025472, 53.636765433044715], [10.033597093352892, 53.63677392561892], [10.033245137220723, 53.63682974682811], [10.032980732286862, 53.63687166976465], [10.032812633492535, 53.6368983340632], [10.032866328252778, 53.637058106865666], [10.032815588769061, 53.637065133508685], [10.032653781080171, 53.63710170299899], [10.032628332931278, 53.63711067770914], [10.032575975589914, 53.63713197459642], [10.032556485129644, 53.63715017444256], [10.03251624132453, 53.6371664498892], [10.032490978436797, 53.63717310383652], [10.032393141842455, 53.637198828911394], [10.032211707455707, 53.63723195352776], [10.032182162948333, 53.637237322960964], [10.03225551472735, 53.637545000610956], [10.032111033233871, 53.6375596758103], [10.031788377909633, 53.6375924172584], [10.031460094015387, 53.63762571869996], [10.03145270342542, 53.637781568919465], [10.031169557333122, 53.637809509765894], [10.031028008689557, 53.637823556132766], [10.030885883990898, 53.637837553359226], [10.0299776240402, 53.637927143460836], [10.029752038784517, 53.63783069176123], [10.029664286511453, 53.63779177860016], [10.029403283390469, 53.637777501725104], [10.02832419727675, 53.63771667180065], [10.027979126585638, 53.637819268415726], [10.0279192399963, 53.6378370952723], [10.027810806121865, 53.63786447164555], [10.027519043547297, 53.63793816835949], [10.027221007359392, 53.638013293491575], [10.026971830586866, 53.638076178335794], [10.026790239110753, 53.63812184453678], [10.02678502492776, 53.638150662699], [10.02666154499382, 53.638181996344855], [10.026481631743263, 53.6382276656586], [10.026363983934433, 53.63825751076362], [10.026357746461624, 53.63825789683116], [10.026159217033175, 53.63827007985169], [10.02597837926155, 53.638211620043656], [10.02576213465437, 53.638079655589344], [10.025347749298462, 53.63782673465269], [10.025369949507168, 53.63773427354436], [10.025122969244293, 53.637850988161134], [10.025100152302933, 53.63785814994029], [10.025097645408875, 53.637858935463086], [10.025068583577761, 53.63786804736824], [10.025021763271448, 53.63788272263795], [10.02458922462454, 53.638018256561956], [10.024427971486512, 53.638068787859766], [10.024198517036293, 53.638126805934846], [10.023945932659947, 53.63812726780743], [10.023629672726399, 53.63812784218434], [10.023784387054992, 53.63822635870662], [10.023771493696433, 53.63824056540243], [10.023760503843548, 53.6382553263734], [10.023751484434975, 53.638270551713966], [10.023744490408026, 53.63828614869003], [10.02373956436403, 53.63830202230388], [10.023736736308804, 53.63831807587278], [10.023736023469837, 53.63833421161775], [10.023737430191309, 53.63835033125928], [10.023740947907566, 53.638366336615725], [10.023746497138205, 53.63838562425653], [10.023561204568576, 53.6384535467073], [10.0234122999916, 53.63850819581371], [10.023358434988621, 53.63852683182887], [10.023117796047396, 53.63861036399592], [10.022926552461168, 53.63867684415982], [10.022713942195908, 53.63875609998737], [10.022424866955534, 53.63885584700256], [10.021766070375628, 53.63906759597846], [10.02163252176687, 53.639114426282674], [10.021449758473386, 53.639178997958524], [10.020762488930659, 53.63942661624137], [10.020361715553191, 53.639079565338314], [10.020316056124846, 53.639137145021955], [10.020278156263416, 53.639196679931615], [10.020248250670576, 53.63925780143906], [10.020226524551658, 53.639320131090436], [10.020213112468074, 53.63938328294965], [10.020208097503257, 53.639446865987836], [10.02020084849018, 53.64002651294159], [10.020263902406993, 53.64002935539094], [10.020594403475004, 53.64004416538554], [10.020770129741617, 53.64023296176006], [10.020772662079468, 53.64023572672065], [10.020777490361343, 53.6402408631466], [10.020917477773994, 53.64038781517286], [10.020963749752006, 53.64038972170642], [10.020992711752767, 53.640418958235365], [10.02149243706027, 53.640923429965525], [10.021595233345243, 53.641027201341466], [10.022132373688207, 53.64158577879182], [10.022478170268954, 53.64194537439898], [10.022491998591086, 53.641957355325005], [10.022783460151553, 53.642249844699606], [10.023024806279167, 53.64250593419265], [10.023254039041046, 53.64274892207219], [10.023325736195133, 53.64282493044727], [10.023356363676948, 53.6428903324139], [10.023470607783612, 53.642976700728404], [10.023596082766849, 53.64311204320764], [10.023923334685069, 53.64346504255762], [10.024455382061577, 53.644046224240086], [10.024513167414474, 53.64410730356668], [10.024661837638066, 53.64425441062732], [10.02479976708256, 53.64437651249492], [10.025046810653903, 53.64457520908406], [10.025119998189247, 53.64462695162857], [10.0251714983505, 53.644663338071666], [10.025216799571186, 53.64470048769963], [10.025263945023564, 53.64472759891587], [10.025876122332301, 53.64523802871872], [10.026794356899169, 53.64602614004869], [10.028148306021107, 53.64715346496741], [10.028927000922154, 53.64782417699955], [10.03045869897849, 53.649138876393835], [10.030762580524557, 53.64939968855095], [10.030742754694526, 53.649401917692515], [10.03134936716144, 53.649921194629385], [10.031359657908732, 53.649929978002554], [10.031475645219922, 53.65002927667223], [10.031588994665325, 53.65012709681635], [10.031631234945236, 53.650163578259516], [10.032464141652714, 53.65088239412285], [10.032575941149481, 53.650975417654074], [10.03289378316872, 53.65123990631911], [10.032941413167965, 53.65127767115802], [10.032960121530145, 53.65129468749268], [10.033000015303886, 53.6513310179114], [10.033010780730503, 53.65134000379196], [10.033935281555552, 53.65210984002559], [10.033950585860666, 53.65212869236677], [10.033967209857423, 53.652145825422686], [10.03398114885466, 53.65216267604252], [10.033993704505088, 53.65217988018493], [10.034004579272203, 53.652197026931624], [10.034008932844168, 53.65221417606356], [10.034018608242603, 53.65224970642944], [10.034024608441976, 53.65227169533266], [10.034032896706726, 53.65230371403778], [10.034045155915887, 53.652334152360034], [10.034062018206908, 53.652361018297086], [10.034097938094543, 53.65238636231116], [10.034135793315494, 53.65240422883143], [10.035588765920672, 53.65308996200653], [10.035653015755843, 53.653122853870535], [10.035708902720184, 53.65315962932662], [10.036196423212704, 53.65358366808169], [10.036192861181904, 53.6536253713371], [10.03621792410029, 53.653647824373095], [10.036278891236085, 53.653655395684574], [10.036492082153716, 53.653840833517535], [10.036521628050977, 53.65386652862096], [10.036539726434851, 53.653890030659284], [10.036563857571407, 53.653921363710175], [10.036586525352513, 53.65395163974932], [10.036589679951422, 53.65400374791571], [10.03656524951142, 53.6541551253423], [10.036440350188489, 53.655012324981186], [10.036427705178912, 53.655098889429], [10.036452132918939, 53.65551610327909], [10.036461170713931, 53.65559091134551], [10.036483375200813, 53.65594769423619], [10.036541521847354, 53.65679989324005], [10.036580430948657, 53.65737859249618], [10.036584725252954, 53.65742348169369], [10.036499877874078, 53.65747282802959], [10.036473975491731, 53.65752296745145], [10.03639294087833, 53.65757291891424], [10.036351825796306, 53.657598821157805], [10.036311322112251, 53.65760399874996], [10.036243545687414, 53.65762011810749], [10.036168692310854, 53.657628424419684], [10.034913305641844, 53.657664414670464], [10.034838842331528, 53.65767630333688], [10.034775824916377, 53.65769584144395], [10.03473545463877, 53.657714509640456], [10.034699882529434, 53.65773569818692], [10.034668976648886, 53.65777193871026], [10.034657261179541, 53.657797154845056], [10.034642597801733, 53.65782867068184], [10.034635565989182, 53.65786285318804], [10.03464397945218, 53.657920309242904], [10.034656508703712, 53.657948093433376], [10.034713787612658, 53.65873843003988], [10.03473564533871, 53.65876338301282], [10.03473636314789, 53.65877415446115], [10.034782510266234, 53.65893321815649], [10.034830712737955, 53.65899639780512], [10.034864602748511, 53.65904117508131], [10.034916294554122, 53.65906887244749], [10.034965503668742, 53.659092824915994], [10.035191375846647, 53.65918965998151], [10.035269258889608, 53.659231378109254], [10.03530601781564, 53.65927154613408], [10.035321172986281, 53.65928850292938], [10.035328779194316, 53.65930308901373], [10.035335272366712, 53.659321657800795], [10.03533988915136, 53.65933961359155], [10.035338497028528, 53.65936431804552], [10.035335921349347, 53.65940803519716], [10.035145516274268, 53.66007441705115], [10.035121504740603, 53.660172207752424], [10.03509709354043, 53.660265426569566], [10.035083874294775, 53.660344166447075], [10.035077596153204, 53.660425785678626], [10.035092409784406, 53.66045967148583], [10.035107327846484, 53.660495965404074], [10.035125786675726, 53.66053038599363], [10.035150597591379, 53.66056217186191], [10.035175409205277, 53.6605939846856], [10.035206365254343, 53.66062518707265], [10.035391081201228, 53.66083124172153], [10.03540409055782, 53.66085139012853], [10.035409169390467, 53.660869665516636], [10.03540770251309, 53.660892554861036], [10.035400718315188, 53.66092373470315], [10.035381110342716, 53.66094185501662], [10.03536452307393, 53.66095293789309], [10.035056301895176, 53.66107363540777], [10.035028918098483, 53.66109126556861], [10.035010708598314, 53.661104088279636], [10.035008512466398, 53.66112131194792], [10.035005916618797, 53.661130251338854], [10.035002716355269, 53.66116887718208], [10.035005403319941, 53.661208746533354], [10.035004207079021, 53.661253809057726], [10.03499726822761, 53.661296736925685], [10.034991211879651, 53.66133429980222], [10.034976900743892, 53.661375907106816], [10.03496331277361, 53.661413058671336], [10.034954095898797, 53.66145134100534], [10.034943229323714, 53.66150938612948], [10.034933088597734, 53.661576674518365], [10.034941135513018, 53.66161417841454], [10.03508299856966, 53.663453960949], [10.035088975957716, 53.66350519072723], [10.035239947966664, 53.66561538652363], [10.035246246600037, 53.66565932353743], [10.035393049108603, 53.6674499647733], [10.035392549326327, 53.66750304828215], [10.035435210340369, 53.668203450487276], [10.035437887399734, 53.668238555779816], [10.035453414628842, 53.66842920993593], [10.035508593535937, 53.66910853278391], [10.035517947494963, 53.66919740558113], [10.035521844401828, 53.669234720564724], [10.035525367391415, 53.66930061434273], [10.035532966633955, 53.66947842003444], [10.035533615664159, 53.669488221259485], [10.03555288830585, 53.66977725292695], [10.035572047758773, 53.66984870142274], [10.035531739498257, 53.66984998483131], [10.035537748821707, 53.66991726835197], [10.035574472669134, 53.6699161058273], [10.035576071969063, 53.669936262979405], [10.035601498709232, 53.67025709788853], [10.035606125666535, 53.67034022272283], [10.035626557266776, 53.670706098989534], [10.035671234571753, 53.67115448993123], [10.035671851487477, 53.671164830761825], [10.035697822651267, 53.67160345975127], [10.035730446473988, 53.67205223351129], [10.035760593128103, 53.67245614734058], [10.035803657249174, 53.672903428464814], [10.035810016913599, 53.67314231498941], [10.035778497015048, 53.67314283031236], [10.035948040566128, 53.675365177160565], [10.036549282899184, 53.675895619904665], [10.038400382928515, 53.67752882984743], [10.038417112308718, 53.677543606271], [10.038552803497888, 53.67766340149361], [10.038809102793875, 53.677636324473085], [10.038913191181965, 53.67772812349941], [10.039046529211321, 53.67784572732496], [10.039198206301704, 53.677979486621155], [10.039341698326531, 53.6781060537751], [10.039484896537376, 53.678232335665115], [10.039629256309958, 53.67835964101834], [10.03977168347346, 53.678485282063704], [10.039914668365586, 53.67861140349511], [10.040058349663083, 53.67873810298354], [10.04020319233458, 53.67886581694124], [10.040347183644425, 53.67899273811319], [10.040491546419318, 53.67911995251734], [10.040634038171177, 53.67924554703661], [10.040776840604561, 53.679371426330135], [10.04091767782792, 53.6794955517329], [10.041063500852003, 53.67962412805198], [10.041150387753811, 53.67970071273769], [10.041208921890917, 53.67975233015777], [10.041353137396404, 53.67987949986438], [10.041495449540706, 53.68000496908146], [10.0416402392768, 53.68013263682545], [10.041783604873924, 53.680259004412406], [10.041925299893023, 53.68038390320337], [10.04206883792937, 53.6805104397383], [10.04221240843532, 53.6806370297525], [10.04235689355751, 53.68076444759741], [10.042504319171055, 53.68089441048174], [10.04264948654505, 53.68102240631132], [10.042790057456486, 53.68114633408655], [10.042934886211835, 53.681274035888386], [10.043086324683152, 53.681407549662715], [10.042885795402038, 53.68148592584765], [10.04340233151841, 53.68194162857408], [10.043429264472852, 53.68196538514716], [10.043455035007044, 53.681988055203156], [10.043468205707716, 53.681965917794905], [10.043612622204536, 53.68189976004744], [10.043613821152384, 53.681887012412886], [10.043649626449751, 53.6818703317305], [10.044246309269655, 53.68155080891619], [10.044587013273867, 53.681367854228434], [10.04566094557466, 53.68079620352849], [10.046042364057357, 53.68059483954535], [10.046479673527509, 53.68036396998123], [10.046547544491805, 53.68032836536468], [10.046605890840057, 53.68026401671605], [10.046759337130252, 53.68021501680806], [10.046810333779788, 53.68018827870359], [10.047891516989953, 53.67960982960211], [10.048488966443214, 53.67929020665522], [10.049535151175244, 53.67874243115713], [10.050463634075463, 53.67823815114256], [10.051484204178216, 53.677700407804046], [10.051695789225871, 53.677715305150365], [10.051780644814071, 53.67772128361174], [10.052330838985482, 53.67777785321402], [10.053062293055753, 53.67785284478461], [10.053425584412098, 53.677890980553435], [10.05375930713136, 53.677924818046634], [10.055190761412405, 53.67807212608608], [10.055411096011873, 53.678094715149456], [10.055566616798894, 53.67811063007189], [10.055576953528359, 53.678111689537864], [10.055604260072924, 53.67811448708792], [10.05559768948756, 53.6781362890462], [10.057149966550105, 53.67829175823546], [10.05882071807748, 53.678457189291514], [10.059306586302498, 53.678505297757525], [10.059495624662139, 53.67852401227274], [10.059498119152337, 53.67851059680443], [10.059753245509114, 53.67853661845145], [10.059835309809484, 53.678544072110405], [10.06017265852646, 53.678574776500895], [10.060296725982079, 53.67858602884105], [10.060510156830619, 53.67860538872962], [10.060529434583362, 53.678607375346715], [10.060523026869332, 53.67862953569561], [10.062407025174178, 53.67881427793554], [10.062475494485348, 53.678821122291374], [10.063075583688232, 53.67888768098689], [10.06369491078434, 53.67895635797771], [10.064332701714278, 53.67902706995654], [10.064377157313649, 53.67903203223118], [10.064948815430053, 53.679085234087125], [10.065061693305184, 53.67909573604699], [10.06569192359845, 53.67915884952832], [10.065706844177546, 53.679160343742545], [10.065708095325917, 53.679155928065974], [10.066512421206342, 53.67923745218361], [10.067360479843904, 53.679330527359696], [10.068315425599346, 53.679431083673414], [10.069259289050523, 53.67951772668008], [10.069268835233421, 53.67951863022523], [10.069266232478538, 53.67952286924146], [10.069090126885502, 53.6798125076041], [10.068871996666905, 53.68015687642224], [10.068658785947814, 53.6804935603778], [10.06843159747837, 53.68086316898249], [10.068197941950705, 53.68123525280246], [10.06795633742442, 53.68160391034187], [10.067945199563349, 53.68162449527495], [10.067826196299768, 53.68182583719343], [10.067612562767318, 53.68213448663886], [10.067557258049328, 53.68224549766444], [10.067483870852591, 53.68237194190667], [10.067244681840343, 53.68275279222111], [10.067016207344466, 53.68312699368261], [10.066934110955891, 53.68325045893528], [10.066776834222456, 53.68349490066556], [10.066702028649608, 53.68362531211561], [10.066654225892393, 53.68365647076143], [10.0666541330811, 53.683712714871874], [10.066555632296717, 53.68387558927012], [10.066417889998437, 53.68405553226622], [10.066192088086003, 53.684439586974214], [10.066100851929404, 53.68460904804828], [10.0658733631269, 53.68496670785536], [10.065882861107477, 53.68496865481056], [10.067159832671296, 53.68523051796329], [10.06711619239568, 53.68525867336888], [10.067048135735943, 53.685296745264615], [10.066991752912333, 53.68535394927485], [10.066847098266933, 53.68551095180771], [10.06685830965146, 53.685523166674606], [10.066800281944728, 53.685610569818], [10.06668019317401, 53.6859014220946], [10.066548615562887, 53.68590369947948], [10.065893648688565, 53.68591504026004], [10.06525860038368, 53.68592602951253], [10.065245193879209, 53.68591562280334], [10.064810334688582, 53.68594594384505], [10.064452932082705, 53.68597095467395], [10.0642910092851, 53.6859822813711], [10.064137589727897, 53.68599693907521], [10.063791556945285, 53.686020687346364], [10.063549780562838, 53.68603118516677], [10.063182953200563, 53.6860463971413], [10.062083864398991, 53.686076454261226], [10.061626571329818, 53.6860819466877], [10.061422749816227, 53.6864636578785], [10.061318369508422, 53.68665813075193], [10.061251567660898, 53.68682468378784], [10.061167587913468, 53.687070526794585], [10.061058274130065, 53.687390509457494], [10.060708110416039, 53.68825477847636], [10.060385605391984, 53.68822789900586], [10.06037004670939, 53.68830720151344], [10.060699377366976, 53.688335099243204], [10.061717636295164, 53.68844135937661], [10.062815581735894, 53.68853782506745], [10.063216685917586, 53.68857611729249], [10.064071749806047, 53.68865398099287], [10.065847228028153, 53.68897622029825], [10.065830937471478, 53.689116087936895], [10.065828372775067, 53.689283159531435], [10.065823454811314, 53.68960468947063], [10.065805710635043, 53.69075309175836], [10.066426810546924, 53.69077577047661], [10.067578471890322, 53.69259564949703], [10.06760667914748, 53.692640225460835], [10.067587564160497, 53.693427270341914], [10.067583551021533, 53.69359189185092], [10.067579251207965, 53.69376912725847], [10.067644446486476, 53.69391792278238], [10.067712872296198, 53.69407406032462], [10.06783400512507, 53.694350466110386], [10.067965331056078, 53.694650142891085], [10.06807356023801, 53.69489712613095], [10.068837700521998, 53.69488455719682], [10.069290311980218, 53.69564138726831], [10.069332921470421, 53.695712629992435], [10.069754059357214, 53.69641681294435], [10.069968135231587, 53.69630318759098], [10.070867885220762, 53.69583569152116], [10.070992365920176, 53.695771009497165], [10.071194093904413, 53.69653021915744], [10.071296672497752, 53.696890149902906], [10.071432095940477, 53.69699442274288], [10.071733114714883, 53.69722731846025], [10.072228054986851, 53.69761311281692], [10.072289504181994, 53.69767204193036], [10.07281397846055, 53.69820682023543], [10.073204332945027, 53.69862355195833], [10.07324139976594, 53.6986575482502], [10.073303568050724, 53.69866722952724], [10.073449010247655, 53.69870644797147], [10.073476360952505, 53.69871636026339], [10.073987622998958, 53.69877629942194], [10.074426553433453, 53.698825945774594], [10.074963508130468, 53.698903124638036], [10.075000816404609, 53.69890848875905], [10.075045732501486, 53.698916975631164], [10.075298480473379, 53.69898053236232], [10.075324551568187, 53.69917790905356], [10.075475921120265, 53.699176172603394], [10.075535399301296, 53.699143863025824], [10.075703094895891, 53.69919013293482], [10.075877891262918, 53.699222001629906], [10.075948576016954, 53.69923176684749], [10.076306730713853, 53.6992801722726], [10.077258065953233, 53.699398120706064], [10.077381718362279, 53.69941425823073], [10.077501494075753, 53.699438736191325], [10.077442383207591, 53.69949487287067], [10.0771699867213, 53.699753585583935], [10.076832987820943, 53.70007365197282], [10.076490652614066, 53.700405621613264], [10.076432854787416, 53.700461674064094], [10.07609079440654, 53.70079337936886], [10.076572713167092, 53.701551869298065], [10.076679066610987, 53.70197429681571], [10.076755260333151, 53.702040641750735], [10.078988350419722, 53.703902740066376], [10.078873616362072, 53.703929607342516], [10.076230641940857, 53.704548495755006], [10.076109790411772, 53.70457679960564], [10.073208306580467, 53.7052561275042], [10.073108730403597, 53.70527943767176], [10.06951347932982, 53.70612107800354], [10.069362678127915, 53.70615637501065], [10.069523204703126, 53.70634147812899], [10.069799340164156, 53.70665666872426], [10.069907804511965, 53.706780465011164], [10.07022224594754, 53.707139843169955], [10.07060084950292, 53.707580769050345], [10.070912579505302, 53.70794088873603], [10.071279537726527, 53.70835164220573], [10.071947859202687, 53.70890444548281], [10.072117350385556, 53.70904201290823], [10.072439469068767, 53.70930329341467], [10.072603808685802, 53.709440726495004], [10.072939057506403, 53.709717609565644], [10.0720151408285, 53.70998241256411], [10.071197900567743, 53.71022064544104], [10.07117712001998, 53.71020780643976], [10.070723948348059, 53.709927028618274], [10.070540546471982, 53.710022097436266], [10.070641494879277, 53.71008396428546], [10.07062692126133, 53.71009299345896], [10.070461225912414, 53.710195643288834], [10.070128358039767, 53.71039596664441], [10.06924254511625, 53.7109290296496], [10.070529356542739, 53.71235698979807], [10.071010110174008, 53.712295173592295], [10.072012904122358, 53.71216623108771], [10.07248027232657, 53.7121061287433], [10.072815566572732, 53.71206300966511], [10.073252697154812, 53.7120067975552], [10.073521411821122, 53.71189762079438], [10.073520595173061, 53.71183995582474], [10.073625792163256, 53.71190349897219], [10.07363810514959, 53.71191279992735], [10.073841836453358, 53.711844276945655], [10.073891220538943, 53.71188130869867], [10.074995169494095, 53.712557785802076], [10.07671796682048, 53.71361340540392], [10.076874103450256, 53.7137090723944], [10.07645076836445, 53.713758926469914], [10.076528692522471, 53.71386847422017], [10.076706127790855, 53.71408492162117], [10.07779414550146, 53.71541210024657], [10.077892150790564, 53.71552506198756], [10.078000122685214, 53.71565383519857], [10.07867713157603, 53.71646764819971], [10.079179133970136, 53.71707527523086], [10.079197055821222, 53.717096974613504], [10.079827419802905, 53.71785925486375], [10.080027610229608, 53.718101326127325], [10.080888287142791, 53.71912815983154], [10.081126939917418, 53.719412875791235], [10.081546834603175, 53.719908531949734], [10.08155888411526, 53.7199227603463], [10.081951187027165, 53.72040406631074], [10.081980936984008, 53.720435968641866], [10.083328000698346, 53.72031227237804], [10.083890340430889, 53.720265577375585], [10.084736100551828, 53.72018855668479], [10.08670651157878, 53.71999995899127], [10.087105157263093, 53.7199909493939], [10.089219064521266, 53.719792927282434], [10.093158813370602, 53.71942408279498], [10.094137980934809, 53.71932850179596], [10.094277599064661, 53.71927996346324], [10.094561995328323, 53.71920071795003], [10.094921448729886, 53.71908869574405], [10.095086405394301, 53.71902447309977], [10.095306657210072, 53.71891346125083], [10.095366966848472, 53.71887300847697], [10.096187038264581, 53.71848074139612], [10.096576913386837, 53.7182458820683], [10.096663746411327, 53.71817185527562], [10.096772385031414, 53.71803895868822], [10.0970241586578, 53.7178765265741], [10.097449849858462, 53.71761554742568], [10.097548424302927, 53.71753278314081], [10.09758955122224, 53.71745998333597], [10.097630046318487, 53.71739842534912], [10.098113182446085, 53.71708120469171], [10.098236416304955, 53.71700741837778], [10.098569465973773, 53.71677995872439], [10.098834366362288, 53.71661182028071], [10.09901214526971, 53.716615124539906], [10.100207213362756, 53.71664177465243], [10.100975323961814, 53.71665152787113], [10.101004742097954, 53.716656929494604], [10.101133623584364, 53.71668530936319], [10.101222907175941, 53.71654251002456], [10.101923275999644, 53.715348015373756], [10.102039988736406, 53.7151405670198], [10.102108635905493, 53.71513778722854], [10.102559357608563, 53.71507711839286], [10.103375138954018, 53.71497614225326], [10.104342140494214, 53.7148651734179], [10.10527760569102, 53.71475255508982], [10.106179296194412, 53.714654039158674], [10.106479613767144, 53.714617638693475], [10.107517492974731, 53.71448447922555], [10.108259968317448, 53.71439259685771], [10.108851575895365, 53.714334627951104], [10.10895557161151, 53.714283975030575], [10.108999000660482, 53.714277092076], [10.109123726788798, 53.71426336208121], [10.109263399266835, 53.71424696770598], [10.109308681235104, 53.71424600911381], [10.109430541842, 53.71426044043572], [10.109704377183121, 53.714286039485025], [10.109852363243698, 53.714308012737554], [10.109868376265192, 53.71432111396542], [10.110115512919455, 53.71434326498624], [10.110369431707422, 53.71437034145504], [10.110640531929254, 53.71438582429279], [10.110865719197122, 53.7144030446072], [10.111060071564973, 53.71440881101474], [10.111247053858298, 53.714414357823415], [10.111699925670186, 53.71441646664182], [10.11186658620947, 53.714420223500724], [10.11204366107845, 53.714248349128844], [10.11208049959447, 53.71427082090202], [10.112142597470088, 53.714266271406025], [10.112215157410285, 53.71427058664261], [10.112262796145965, 53.71429061200657], [10.112371401276716, 53.71430914546364], [10.11248342937096, 53.71431957504741], [10.112531664327413, 53.71435931631473], [10.112597592612794, 53.71437243905676], [10.112694153477728, 53.7144042527427], [10.112889465162567, 53.714396982423814], [10.113049366521725, 53.71436167193912], [10.11315030772747, 53.714400977224145], [10.113199397775187, 53.71441281786453], [10.113348134633187, 53.714398294070214], [10.113435137661886, 53.71444399387214], [10.113447854673588, 53.714452738696515], [10.113425713441023, 53.71452263505737], [10.113414292538302, 53.71457386980126], [10.11343473070528, 53.71463571194621], [10.113461638243145, 53.71466825321941], [10.113443933586257, 53.71470819344105], [10.11345965818184, 53.71474532408169], [10.113506338100496, 53.71478063891779], [10.113555822054916, 53.7147821295813], [10.113630984582937, 53.714816667269815], [10.113719383424838, 53.714889347422776], [10.113809236806699, 53.714939640730115], [10.113860774062394, 53.71498385418254], [10.113961390977924, 53.71507331062335], [10.113992856300385, 53.71514756262847], [10.114042587733557, 53.71518707364531], [10.114027582131643, 53.71520413019781], [10.11404171068742, 53.7152146685942], [10.114137981234304, 53.71524054219172], [10.114210761432734, 53.71526516000055], [10.11422638184413, 53.71531322195667], [10.114245525213994, 53.71538162887885], [10.11424883824333, 53.71542384568147], [10.11426466864751, 53.71545003579686], [10.114286825193233, 53.715462737725915], [10.11441314221286, 53.71544033117131], [10.114452683669795, 53.71546006244487], [10.11446436206021, 53.715531532059], [10.114475020825775, 53.71558162667215], [10.11452273736596, 53.71563831595606], [10.114532152108513, 53.71568892551196], [10.114572732786952, 53.715715856139866], [10.114583706194873, 53.715733138498614], [10.114629813029243, 53.715788539331065], [10.114778466695448, 53.71585093218056], [10.114821498266735, 53.71587426235635], [10.114867424378424, 53.71589244193544], [10.114936259088683, 53.71591220608492], [10.11502316665365, 53.71592775701487], [10.115128290546084, 53.71593936301618], [10.115475352855997, 53.71600354863952], [10.11548777295985, 53.715980421535555], [10.11555386280467, 53.716005244646254], [10.115590182356582, 53.716026299941426], [10.115669292386235, 53.716056395065394], [10.115747221673814, 53.71607050097224], [10.115770656198796, 53.71607477715963], [10.115829104818365, 53.71602272668516], [10.115992736331819, 53.715869443779226], [10.116042814113401, 53.71583321065354], [10.116059844542127, 53.71582397326769], [10.116119249973647, 53.71579664207443], [10.116315945802684, 53.71568519044321], [10.116352687089638, 53.71560829001877], [10.116396396208229, 53.71553186398593], [10.116436030162088, 53.715455484898726], [10.116544482168631, 53.715386806133644], [10.116602060981618, 53.71535347817309], [10.116642878288667, 53.71534239202643], [10.116736368329125, 53.71531699904298], [10.116795001207025, 53.715305737795184], [10.116907563302629, 53.71528413098172], [10.117034670712842, 53.71525616816083], [10.117115854527116, 53.71524216164201], [10.117167352372736, 53.71523327687524], [10.117252337057797, 53.715188870462335], [10.117391605920362, 53.7151160832734], [10.117492177053089, 53.71504173325675], [10.117548959297338, 53.71494353068841], [10.11755464671678, 53.71492371113871], [10.11757151222291, 53.71484025407196], [10.117588916053245, 53.714777106799204], [10.117604049541379, 53.71466204307856], [10.117716947399865, 53.71456115961818], [10.117703588290828, 53.7137840445696], [10.117739993299207, 53.71378263525937], [10.117813590341655, 53.71377978229603], [10.117882675204683, 53.71375191044816], [10.11805940836486, 53.71368188301149], [10.118200387582625, 53.71362925886728], [10.118320405383312, 53.71359130228454], [10.118379342810734, 53.71358077448979], [10.118488230289111, 53.71356879157822], [10.118618447793628, 53.713561193732325], [10.118682380832098, 53.71355620122699], [10.118801464847063, 53.71352876085677], [10.118949263676438, 53.71351048149986], [10.119054238124363, 53.71343671821897], [10.119044290456502, 53.713330248182544], [10.118987875421352, 53.713180022914], [10.119074126831896, 53.71318699265963], [10.11919160254899, 53.71318920319468], [10.11930336325916, 53.71319873899729], [10.11929969632682, 53.71321928583902], [10.119580839592764, 53.71323365683663], [10.12001497055374, 53.713246588067086], [10.120448371131731, 53.713262814479826], [10.120880564824864, 53.71328663721788], [10.12098136462859, 53.71328795930647], [10.121043841854307, 53.71322767068213], [10.121088596228105, 53.71319096385734], [10.121117965161819, 53.71317171354148], [10.12112114739711, 53.71325548693813], [10.121140435504994, 53.7133318016706], [10.121164635596193, 53.71343385049237], [10.121179586413602, 53.71351059232708], [10.121222032489323, 53.71368906448526], [10.121400317084188, 53.71408661822444], [10.121629226191196, 53.71458365390225], [10.12194248578265, 53.715071090173005], [10.122020743656034, 53.715199446345316], [10.122208113820419, 53.715431707476604], [10.12278367876694, 53.716124533772174], [10.122978832349506, 53.716354563430976], [10.123170032839953, 53.7165857264721], [10.123347683174309, 53.71682069269977], [10.123387127701017, 53.716880934745994], [10.123418884758689, 53.71694328034421], [10.123446614486113, 53.717006895171295], [10.123472506756778, 53.71707093172032], [10.123510425910029, 53.71712850934844], [10.123606948470194, 53.71711341976177], [10.123847380432403, 53.71708042280751], [10.123933987399768, 53.717084482350245], [10.124020148136285, 53.717100222546755], [10.124226827294772, 53.71714433331817], [10.124278771929438, 53.71717376082169], [10.124338367580153, 53.71724289221277], [10.12449850182928, 53.7174821290319], [10.124647920105982, 53.71771838304556], [10.124708601992607, 53.71784464624047], [10.124745300195123, 53.71795747148746], [10.124772002702501, 53.71804780155491], [10.12481798756686, 53.71811052557967], [10.124863078404035, 53.71815791399658], [10.124981135492646, 53.71826598424688], [10.125224480224196, 53.71847928792613], [10.125263977364488, 53.71851011731342], [10.125471366768325, 53.71869120052635], [10.125983020081831, 53.71914926553166], [10.125979599816782, 53.71918404860509], [10.12596250022733, 53.719252506654925], [10.125972114807139, 53.71930664608843], [10.126044628145008, 53.71937350689764], [10.126147962678266, 53.71946177708068], [10.126243378480876, 53.71953271917961], [10.126547446290179, 53.71971648727671], [10.126862866596417, 53.71989340619333], [10.127172872325868, 53.72007346739189], [10.12755453355778, 53.72027050760049], [10.127631454478081, 53.720295195194446], [10.127685647357922, 53.72031665392194], [10.127963457811958, 53.7204622741628], [10.128293125420116, 53.72063145063983], [10.128633544427798, 53.7207917068704], [10.12898656848041, 53.72094152415728], [10.129348293970452, 53.72108397741807], [10.129707668429203, 53.721228528187716], [10.13041238044334, 53.7215291118774], [10.130771673340837, 53.721673732157555], [10.131133607597274, 53.72181616011638], [10.13150048105911, 53.721954486369455], [10.132188586559824, 53.7222356747235], [10.132253616162707, 53.72226599089334], [10.132387053489014, 53.7223395261722], [10.132565207365055, 53.72245728630485], [10.132837023526324, 53.72266179307082], [10.133024901161836, 53.722791056220515], [10.133009489149245, 53.72285087900427], [10.133309019593748, 53.72304708659484], [10.133420594831472, 53.723100476732924], [10.134132911976808, 53.72339539366319], [10.134246536914395, 53.723447154630335], [10.13460677677308, 53.723591502839895], [10.13498414148442, 53.72371880667927], [10.135735492532728, 53.72397658893816], [10.135981687858015, 53.724063523458824], [10.13604679521153, 53.72407908612585], [10.136183799105764, 53.72412591343989], [10.13627088752027, 53.72415567669531], [10.136643936679528, 53.72428725001773], [10.137020201502132, 53.72441545680349], [10.137394302020972, 53.724545939163896], [10.138161759163134, 53.72480971078395], [10.138318968756654, 53.72491422302469], [10.138891567673545, 53.72530086707662], [10.139465852857702, 53.72568221591557], [10.140180719228853, 53.72555163000964], [10.142262526785062, 53.72518780728525], [10.142529858324034, 53.725141752387486], [10.142770977251162, 53.72510051323519], [10.142844849338946, 53.725171404992416], [10.14395132987469, 53.72622607200131], [10.145461507279608, 53.72767080740881], [10.14601365607876, 53.728195124849805], [10.146155701097717, 53.72826978507105], [10.14691644755524, 53.72851858972883], [10.147067243164035, 53.72863674313957], [10.147095598573566, 53.728665496741634], [10.147262846294995, 53.72871978832158], [10.147625668145825, 53.72883762769157], [10.148274895424226, 53.72904848012035], [10.149037904727402, 53.729295901379054], [10.149585561854472, 53.72946980564307], [10.149719001275262, 53.72951201352267], [10.150959093292458, 53.72990578518828], [10.151262266543252, 53.73000458181259], [10.152641513812256, 53.730449287372345], [10.154459020331148, 53.73102730331911], [10.157139770098846, 53.73188392869085], [10.157712876189418, 53.73206626948263], [10.158738623751676, 53.732392116338], [10.159480524773237, 53.73262878110001], [10.161595513386812, 53.73330498039211], [10.161680257800697, 53.735152297743625], [10.161730427449482, 53.73622444413333], [10.161738151696836, 53.736235155893056], [10.161741594134636, 53.73634843619222], [10.161749624596455, 53.736612684989566], [10.16175442508003, 53.736704288945404], [10.161757642285094, 53.73691164890485], [10.161757729864656, 53.736917023398426], [10.161754628983083, 53.73697500468688], [10.161844162232379, 53.737029112584054], [10.161844470580043, 53.737029298360746], [10.162087758242055, 53.73709675591009], [10.162161345812017, 53.73711086493048], [10.162474278074443, 53.737203336456275], [10.162302341766274, 53.73742559100108], [10.16227631378292, 53.73749332286886], [10.162280796948934, 53.737589864761624], [10.162340054356925, 53.737699448581], [10.162327704560516, 53.73777387033637], [10.162335277911613, 53.73781536139944], [10.162338601563992, 53.73783361251684], [10.162369700238136, 53.737884250783885], [10.16239416950483, 53.7379028810712], [10.162470770997647, 53.737943738505344], [10.162496579437683, 53.73796199622675], [10.162588686408881, 53.73800432116864], [10.162640733219048, 53.73808387107699], [10.162661526905724, 53.73811763826533], [10.162723274667004, 53.73815863964886], [10.16284307324795, 53.738287402321625], [10.162867235577668, 53.73829489828609], [10.162860329583125, 53.73830286651278], [10.162930181988619, 53.73832438218369], [10.162990529613003, 53.7383530912598], [10.163030961100569, 53.738384771153505], [10.163365600648307, 53.738582073605336], [10.163617367236135, 53.738731568055115], [10.163712591722923, 53.738787848545805], [10.164438745507523, 53.73921705158424], [10.164786753970063, 53.73943730360704], [10.16491332864418, 53.739398445894736], [10.165048687021127, 53.739363062246056], [10.165267664159858, 53.739315089982604], [10.165451121169822, 53.73928702253453], [10.165606625208952, 53.739269033544346], [10.16579000631878, 53.739253577694925], [10.1659435292287, 53.739247832398846], [10.165981364575506, 53.73924641258646], [10.166168502202751, 53.73924780969053], [10.166375799387543, 53.739256111500275], [10.166389111309362, 53.73925719543396], [10.16657412649245, 53.73927228463134], [10.166628185657368, 53.73927909329726], [10.16678207132011, 53.73929848526089], [10.166859240355647, 53.73930868234291], [10.166904680669283, 53.73931469389566], [10.167061476164386, 53.73932965262197], [10.167148057832547, 53.73933426565379], [10.167221155616614, 53.73933815601286], [10.167410646559812, 53.73933855746], [10.167568259379307, 53.739328293783984], [10.167706904130464, 53.73931528435412], [10.167858818294468, 53.73929034306505], [10.167999388632122, 53.73926148513067], [10.16881762999252, 53.73907931211014], [10.169988661663846, 53.738821113525205], [10.170265333164553, 53.73875938212321], [10.17039415282937, 53.738730636110525], [10.171300557384114, 53.73852839370515], [10.172003004867252, 53.73837378475979], [10.172195257276028, 53.73832646563131], [10.17235442887422, 53.738282499072206], [10.17257956964487, 53.73820753139401], [10.172706922880351, 53.73815618121433], [10.17315505727958, 53.73796248029249], [10.173193784649687, 53.73794577736201], [10.173602226605036, 53.73776965904231], [10.174031722551607, 53.73758205200548], [10.17535245162588, 53.73701437490639], [10.175660256662647, 53.73688136735451], [10.176259453331426, 53.73662066158174], [10.17663853644874, 53.73645225473603], [10.17669548999412, 53.736429232289865], [10.176894604780273, 53.73634694331642], [10.176802795466198, 53.73633194360322], [10.176869284789179, 53.73628177988141], [10.176923176495059, 53.73625770872837], [10.176999629241786, 53.73619028730167], [10.177044542002571, 53.736143301730706], [10.177137530559659, 53.73598946046914], [10.177209951847836, 53.73590204228125], [10.177224631596033, 53.735884828181945], [10.177279683200656, 53.73581060547588], [10.177459290455802, 53.73563803406397], [10.177553699083841, 53.73554051184052], [10.177656493898404, 53.735410007807076], [10.177810111733622, 53.73523956992694], [10.17786197394496, 53.735164668162824], [10.177931947386876, 53.735065174534185], [10.178007345720658, 53.73499650435507], [10.178113953274348, 53.73489672239206], [10.17821396508992, 53.734814812164046], [10.178287494693604, 53.73470158428826], [10.1783841873977, 53.73457475312626], [10.178440661955676, 53.734491374163525], [10.178499382535406, 53.734418382214514], [10.178580102639362, 53.73430211709681], [10.17864069329905, 53.73422662574838], [10.178780087266711, 53.73416308747525], [10.179004523239493, 53.73407062208051], [10.179131696177587, 53.734021675741694], [10.1794829123298, 53.73389718391666], [10.17954845495789, 53.73387464184099], [10.17978000946184, 53.733789089270836], [10.179847125790124, 53.73376807762524], [10.180006406033028, 53.73371589282875], [10.18023621263042, 53.733637278023664], [10.180427136503168, 53.73356419643711], [10.18061183804613, 53.73348494654586], [10.180675232207546, 53.733443125866195], [10.180761084110134, 53.733405847977735], [10.18084300806184, 53.73336473452198], [10.180972392556145, 53.73331803860065], [10.181238299256577, 53.733231614275574], [10.181373155235518, 53.73319031124925], [10.181643271958599, 53.7331135165585], [10.181899410381195, 53.73301510600423], [10.181982837028812, 53.732976287082096], [10.182059171556839, 53.73296080131473], [10.182214357977223, 53.73293094638696], [10.182417959553279, 53.732876613189184], [10.182578823797732, 53.73281736201328], [10.182799153970567, 53.73273309185449], [10.18298980154707, 53.73270230160736], [10.183291991813451, 53.732663892702035], [10.183695467388896, 53.73259434280145], [10.183938849947557, 53.73255963230031], [10.18396912332777, 53.732566632173], [10.184309449470424, 53.732642416345726], [10.184435632777957, 53.73263143420394], [10.184514035557353, 53.732626479384614], [10.184683117275274, 53.732600286191506], [10.185000607998616, 53.73251468280597], [10.185164296553037, 53.73244930573103], [10.185363839469003, 53.7323791692011], [10.185500465760121, 53.732327210115805], [10.185625923385524, 53.7320965542386], [10.185712750564615, 53.731969751671436], [10.185722732906077, 53.73187359753611], [10.185775570803461, 53.73176936977294], [10.185891799458096, 53.73162294998431], [10.185926647313666, 53.731523736212935], [10.185976811591171, 53.731478043551554], [10.18594208585435, 53.73145179807605], [10.185898699527202, 53.73139199285481], [10.185902021026532, 53.731367276467736], [10.185993901707764, 53.7312919120703], [10.186132328384534, 53.73125074806187], [10.18628147549238, 53.73121723518149], [10.186335200805418, 53.731199516520455], [10.186375672741606, 53.73117949306132], [10.18646298820015, 53.731121854660024], [10.186498331250275, 53.73110488423407], [10.186570458704017, 53.731083909048635], [10.186701388706036, 53.731067259428194], [10.186846744599748, 53.73109293034522], [10.18699524648733, 53.73111350018332], [10.187330324495369, 53.7311673409013], [10.187488555431697, 53.73118294174404], [10.18768644245181, 53.73117540741117], [10.188007376927374, 53.73119210046501], [10.188155310278917, 53.7311462465274], [10.188418806095045, 53.73093826410742], [10.188566079041705, 53.730891616192096], [10.188671355011616, 53.73081626965196], [10.188934601481884, 53.730726393728794], [10.189006937943487, 53.73070751839617], [10.18911438620196, 53.73071831752468], [10.18927656892443, 53.73080575205233], [10.189404376884092, 53.730874039629434], [10.189616474901596, 53.73092533723269], [10.189750276433857, 53.73096802746794], [10.18983846660217, 53.730985021746925], [10.189891238597935, 53.731002853070784], [10.190012520418984, 53.73107832401991], [10.190185755706581, 53.73113457292509], [10.190276887465664, 53.7311692817607], [10.190301114896485, 53.73117851540545], [10.19033191828101, 53.73120158955513], [10.190383987186312, 53.7312202726047], [10.190528580211986, 53.731251034364426], [10.190710628342892, 53.731278457432886], [10.190855236956276, 53.73130921864524], [10.190985370441165, 53.73133628529303], [10.191295949366294, 53.73132708555256], [10.191357998923673, 53.73132504841036], [10.191463712401106, 53.73131570057671], [10.191576556766192, 53.73132104152036], [10.191648995335617, 53.73130792546586], [10.191748334558566, 53.73130153519743], [10.19176034956208, 53.73129542010244], [10.191830677161118, 53.73125966390431], [10.191929581890477, 53.73125238790492], [10.191979321305949, 53.731241214317045], [10.192125142094737, 53.73121674310042], [10.192312037342134, 53.73121239367175], [10.192512791287959, 53.73117120433185], [10.19273066079238, 53.73113273871884], [10.192995183350725, 53.73109298126278], [10.193124305009682, 53.731066625608086], [10.193294533032672, 53.731060436071665], [10.193438113812881, 53.73100830871413], [10.193718952926416, 53.73100036068561], [10.193650383706123, 53.73084555364282], [10.193323049628368, 53.729692462891016], [10.193158758564255, 53.72912548754319], [10.192955480760029, 53.72842396757091], [10.192562383678089, 53.72703085109039], [10.192508999331155, 53.726841806259664], [10.19192284711255, 53.7247659680945], [10.191763133521821, 53.724177785117696], [10.1917416813254, 53.72409879716102], [10.191718146945146, 53.72401209944263], [10.191654286641905, 53.72397062151767], [10.19156695099948, 53.72387882336177], [10.191512002195498, 53.72361054731209], [10.191439449239066, 53.72351996837227], [10.191553162455678, 53.72344581163033], [10.191542841282054, 53.72329732749678], [10.191524783008022, 53.72317967138239], [10.191579706391, 53.72297532847827], [10.19158106618725, 53.722911385782865], [10.191620172072534, 53.72280749848403], [10.191669823596289, 53.72273942599646], [10.1917399152316, 53.72268403130114], [10.191706308948312, 53.72264042773215], [10.190759403303373, 53.7214119423296], [10.190113141452878, 53.72055489691364], [10.190012799638025, 53.72042182385447], [10.189483593959077, 53.71971296323858], [10.189494210320234, 53.719710556677015], [10.189454388326135, 53.71965811515641], [10.188446273894657, 53.718330280328175], [10.188268675967834, 53.71809634338741], [10.186809017542002, 53.716167730347706], [10.186713890281268, 53.716039888357294], [10.185712069984795, 53.714693639776506], [10.185691215102041, 53.71466547713483], [10.18522450065392, 53.71403550422786], [10.184731703958105, 53.71336442939288], [10.181672654957762, 53.70909367473898], [10.18157085943494, 53.708895960586354], [10.181545504202077, 53.70890056130262], [10.181206823773392, 53.70905821405142], [10.181136094835013, 53.70911651245152], [10.181045417743677, 53.70919125944836], [10.181020493882992, 53.70921181114284], [10.180893435037945, 53.70926534325873], [10.180551896288206, 53.70932488121275], [10.180050689374875, 53.70944386176103], [10.179850998913068, 53.70951763212001], [10.179690361542864, 53.70957492741042], [10.179472355321701, 53.709628238919734], [10.179326587260611, 53.709640811250296], [10.178973087438687, 53.70967428667705], [10.178599215623324, 53.709702055758775], [10.17834043662857, 53.70978416232256], [10.178060204887945, 53.70994771216835], [10.177977286367607, 53.709925129360464], [10.177856418539694, 53.70992116712513], [10.177511571814383, 53.709959164461544], [10.177407023373659, 53.71001168056106], [10.177275604141816, 53.710100308446684], [10.177223559533314, 53.71014592628216], [10.177147077137086, 53.71025999214985], [10.177068986808534, 53.71031647276134], [10.17701135326302, 53.71035675206118], [10.176809144422863, 53.71046495162263], [10.176716912646487, 53.710497939040195], [10.176537088110125, 53.71052926974971], [10.176485219119854, 53.71054864687456], [10.176331783510214, 53.71058088668219], [10.176242288753295, 53.710608813061114], [10.176045453082386, 53.710687043437105], [10.175933933350883, 53.7107619101923], [10.175613199801125, 53.71092707425571], [10.17549217092211, 53.711002213681795], [10.17531250867525, 53.711071546088014], [10.175102887390352, 53.7111478328732], [10.174825032867151, 53.711242487607194], [10.174803540293164, 53.71125419519492], [10.17478784634545, 53.71131033206626], [10.174778882260632, 53.71137960766056], [10.174786728965808, 53.711670474974696], [10.174807370013516, 53.71169345498097], [10.17488222005055, 53.71177007957559], [10.174935205045323, 53.71182329569024], [10.1748449180351, 53.71185554345302], [10.174663524430834, 53.711944478681104], [10.174567857266554, 53.712006073860366], [10.17445726521526, 53.71210249451004], [10.174238408749853, 53.7123196636479], [10.174107861604927, 53.712487984119626], [10.173882676403908, 53.71246818592514], [10.172288537746738, 53.71240593337255], [10.17219661086441, 53.712156950062116], [10.17215184816905, 53.712115967116894], [10.172144851638894, 53.71210956355327], [10.172131749184516, 53.71205848190815], [10.172062689024747, 53.712009556738735], [10.172031628813833, 53.711949661853396], [10.171983592827793, 53.71190592430515], [10.17180332632151, 53.711818104138686], [10.171677929977367, 53.71177567143841], [10.171503220619078, 53.711729666831324], [10.171453825300302, 53.711723686810785], [10.171307744997534, 53.71168881789521], [10.171135220676483, 53.711672355925145], [10.171045727699676, 53.71166236313971], [10.170700838720895, 53.711651540373964], [10.170461823165146, 53.711635466486506], [10.170307855803483, 53.71163247618272], [10.170146952289327, 53.71164708180697], [10.169675577452944, 53.71161944171597], [10.169654327937051, 53.71161812106608], [10.169581347256013, 53.71161344921059], [10.169520311740575, 53.71161934851719], [10.169224219587841, 53.71160930358237], [10.16909166286086, 53.71160305551408], [10.16893313610832, 53.711594094355654], [10.168745912543622, 53.7115829859403], [10.168583015935662, 53.71154755865273], [10.168515899984905, 53.71146582094676], [10.168393085948253, 53.71139612323895], [10.168326776485392, 53.71136424803802], [10.16776160335248, 53.71123769328446], [10.167715362536798, 53.71123068320942], [10.167604825647354, 53.71121522996121], [10.16751975753984, 53.71121722757384], [10.167446048761285, 53.71118677233435], [10.167372383274033, 53.71117922037036], [10.167241743469747, 53.711133238579485], [10.16708558055713, 53.71112748796124], [10.166993234436628, 53.71113476966892], [10.166931971098903, 53.71114830146196], [10.166904304445216, 53.71118829293702], [10.166924864548143, 53.711235886705296], [10.166679792055817, 53.711240071351995], [10.166613003781388, 53.71124121613435], [10.166590195956328, 53.711179729370414], [10.166551157160425, 53.71110935780677], [10.16652444882369, 53.71108541972847], [10.16651456549705, 53.71105459411555], [10.166518247552693, 53.71100640467626], [10.166524977830218, 53.71095995637066], [10.166535471821629, 53.71090277461393], [10.166529612775665, 53.71086953674395], [10.166522507596689, 53.71083452221433], [10.166501946870225, 53.710762784171656], [10.166485525053808, 53.71069277664034], [10.166469365467456, 53.71065251085545], [10.16640588430595, 53.71056394097339], [10.166365045903653, 53.710487636209], [10.16633694280083, 53.71043023696737], [10.166309621076634, 53.71034904545599], [10.166302883464294, 53.710287869604755], [10.166283555184497, 53.71023930192225], [10.166278994024948, 53.71018286001415], [10.166274059283603, 53.71014961313089], [10.166269071886035, 53.71007830771338], [10.166282912973513, 53.710034765519715], [10.16629115314754, 53.71000674776569], [10.166291639855867, 53.70995203651774], [10.166316345112657, 53.70990304015069], [10.166324683672858, 53.709878581044386], [10.166393431516358, 53.70982730415628], [10.166453110022232, 53.709811316108464], [10.166537119853611, 53.7098045744113], [10.166602435338568, 53.709811066599364], [10.166604846013936, 53.70982591078336], [10.166625971452541, 53.7098649506493], [10.166645014932692, 53.709901026467634], [10.166685460413497, 53.70994999070285], [10.166724726256168, 53.70999300676486], [10.166774486248976, 53.71002047765959], [10.166804120423118, 53.710036827513385], [10.166937918795009, 53.71009141734926], [10.166983374810007, 53.71010461074623], [10.167011263426618, 53.71010934590183], [10.167062930476789, 53.71011811914324], [10.16716688735002, 53.71014447761388], [10.167311183358681, 53.71014367396781], [10.167366504229184, 53.710118595192], [10.167379058601252, 53.710097573639295], [10.167398216895714, 53.71006553025012], [10.167418001345437, 53.710041328075704], [10.167444746406295, 53.710008590512686], [10.167444953273389, 53.709981585806204], [10.167412375942545, 53.709925704589615], [10.167390500923954, 53.709897926281144], [10.167365354355134, 53.70985595938919], [10.16730534032171, 53.70978757224735], [10.167297489507236, 53.70978201269601], [10.16720106831181, 53.70971367461483], [10.167185416850167, 53.70969122898039], [10.167139385663091, 53.70965778924614], [10.167126404333587, 53.70962342526007], [10.167132344611579, 53.70960375358215], [10.167101835420002, 53.709568373818286], [10.167101062117135, 53.70954043482461], [10.16711141600115, 53.70951654929441], [10.167163028905636, 53.70949821245901], [10.167188481832389, 53.70948065183326], [10.167231732888581, 53.70948208215336], [10.167257510257162, 53.70950798873103], [10.167296155176297, 53.70956469178375], [10.16733633762241, 53.7096041391088], [10.167382591880163, 53.709646727306904], [10.167413161729007, 53.70966403869576], [10.167453554138946, 53.70967494413982], [10.167489619783096, 53.70967459267362], [10.167564999325192, 53.70965713867455], [10.167594175554136, 53.70965038230374], [10.167686896187908, 53.70959656086602], [10.16779731250851, 53.70953067452884], [10.16784243431922, 53.70949515993928], [10.167881476414163, 53.709457313550416], [10.167896787938279, 53.70941824229033], [10.167903934482405, 53.70940001501605], [10.1679183336978, 53.70937669223326], [10.167973824769653, 53.709317876117595], [10.167982760384353, 53.7093073528721], [10.168004887111566, 53.7092813119982], [10.167950879011972, 53.7092569122912], [10.167926237882345, 53.70924578154546], [10.167876882592209, 53.709226352258504], [10.167794386859436, 53.70923300823146], [10.167715644334105, 53.70925975374019], [10.167650963847523, 53.709276168711455], [10.167571828865963, 53.709277802927524], [10.167482816426093, 53.709260872367814], [10.167423611234815, 53.70924630300873], [10.167404979115988, 53.709224551627045], [10.167403913013878, 53.70918549620103], [10.167406585620284, 53.70917640933326], [10.167421819582584, 53.709124673511205], [10.167443957856852, 53.70907331984985], [10.167463458339554, 53.709055295812355], [10.167510743804126, 53.709025701930365], [10.16756633882524, 53.70900675081771], [10.167633404008315, 53.70900369713889], [10.167701988495025, 53.709002983708885], [10.167782106044735, 53.70901769964888], [10.167834080168495, 53.70901243786674], [10.167900490741552, 53.70896660319123], [10.16791229686764, 53.70894211016097], [10.167927436175972, 53.70892308584915], [10.167942326185766, 53.70890436059994], [10.167947611258283, 53.708889495344806], [10.167957199260918, 53.708862596927894], [10.167984213989268, 53.70882486775669], [10.168010904132212, 53.70879456658654], [10.168039834901405, 53.708770221191756], [10.168049554132006, 53.708764472401725], [10.168095049969281, 53.708737574429826], [10.168123887687088, 53.70872956277843], [10.168269519433426, 53.70870496026429], [10.168348133916739, 53.708684579783], [10.16846524800507, 53.70867954535819], [10.168581614822962, 53.70867050905211], [10.16851871031486, 53.70864708628354], [10.1684792137315, 53.70863239711827], [10.168316696643998, 53.708571967630796], [10.167262823837433, 53.708198593895006], [10.166299774053352, 53.70785337893518], [10.165663117151551, 53.7076288660285], [10.165544876176801, 53.70758864951141], [10.16547152458904, 53.70756370879139], [10.164178294928108, 53.70710526425345], [10.163050951086717, 53.70670477395154], [10.162843144385675, 53.70663095182987], [10.16268397443292, 53.70657045529403], [10.161197147932885, 53.70603846758167], [10.161039084703072, 53.705983333516], [10.160950683814757, 53.705952495351845], [10.160450118612623, 53.70577598508179], [10.159705934631596, 53.705510854634994], [10.159079439902412, 53.705294658160994], [10.159065444474237, 53.70530854660708], [10.157971666357238, 53.70491753588855], [10.157632008264168, 53.70478771089154], [10.157519885900614, 53.70474795772163], [10.157389618004496, 53.70470115267901], [10.157280012640042, 53.70465925358522], [10.15708773701631, 53.7045980447433], [10.156976857316517, 53.704557164440615], [10.156951006926034, 53.70454868587234], [10.156862372309247, 53.704519599805025], [10.156831213279437, 53.704481616942736], [10.156843493564718, 53.704425065978285], [10.156832369887171, 53.7043901256404], [10.156818120130964, 53.70433124206709], [10.156783748112247, 53.704277739405335], [10.156726008424066, 53.70423280408342], [10.156723279951912, 53.7041802722738], [10.15670849157693, 53.70414261670371], [10.1566585263305, 53.70408341279111], [10.15661563968281, 53.70399672433749], [10.15665012771432, 53.70392576547876], [10.156634722212333, 53.703874992048405], [10.156589660624917, 53.703828307256416], [10.156555828235678, 53.703753576500674], [10.156550978337702, 53.703654610476654], [10.15659108023841, 53.703608280978685], [10.156613470274877, 53.703544737925704], [10.156665917808322, 53.70348457212325], [10.156749942040943, 53.70343346783106], [10.156755846767224, 53.7033747941241], [10.15679371200265, 53.70332315572778], [10.156814973950157, 53.703294167911835], [10.156818484888774, 53.70325923905349], [10.15681992062629, 53.70324585867757], [10.156828613806354, 53.70321870911575], [10.156856863501627, 53.703168332112625], [10.156891740083312, 53.70313587791489], [10.156922473413626, 53.70311695607771], [10.156964620273635, 53.7031082073143], [10.157055745284959, 53.70310227541191], [10.15716340188831, 53.70311029634069], [10.157248706114961, 53.703120798316434], [10.1572949338176, 53.703105636874795], [10.157377797217002, 53.70305644899637], [10.157392231441813, 53.70303978791714], [10.157446602502588, 53.70297359858216], [10.157491934371237, 53.702929114897664], [10.157585743774492, 53.70288632907697], [10.157591032054055, 53.70280027205821], [10.15763516897971, 53.70274151648153], [10.157679796429841, 53.702663106383234], [10.15770373892162, 53.702593282831636], [10.157717488595084, 53.70254341429229], [10.157784180715318, 53.7024989757422], [10.157890735674963, 53.70247078133812], [10.157934070493452, 53.70242587632482], [10.157978559697296, 53.702398191883496], [10.15803273613841, 53.702395600713935], [10.158127525525158, 53.70236429281574], [10.158192647718835, 53.70232504682615], [10.158242719253773, 53.70226786062969], [10.158233553024631, 53.70224850623566], [10.158200950975786, 53.70222856943181], [10.158168428135602, 53.70220875769815], [10.158056817304042, 53.702140505239285], [10.15815668317596, 53.70207728253666], [10.158261104193235, 53.702031004753046], [10.158403473521672, 53.701972090043476], [10.158510915379027, 53.70194646631948], [10.158607782071646, 53.70189377129199], [10.158657224106665, 53.70186389033713], [10.158770531880052, 53.70179815503386], [10.158821524339405, 53.7017425597028], [10.158938651963329, 53.701684652585165], [10.159070459653822, 53.70163010898628], [10.159124592587911, 53.70159510370815], [10.159259513824098, 53.701529850937966], [10.159358411501161, 53.70150151357752], [10.159487601029452, 53.70147630770887], [10.159552654051982, 53.70144621234902], [10.159652767839685, 53.701414186504586], [10.159723462993233, 53.7014069401902], [10.159746041740007, 53.70139895517074], [10.159862152667065, 53.701403314218666], [10.15991071275822, 53.70133535523568], [10.160018696133168, 53.70125900943095], [10.160007650083298, 53.70119280515609], [10.160013945142026, 53.70116282009021], [10.16010792070608, 53.700957223367844], [10.160156368250108, 53.70089071258207], [10.160254399032494, 53.70083809480889], [10.16029634679393, 53.70082717146693], [10.160221346808829, 53.70077039580065], [10.160170388490837, 53.70071256925081], [10.16011145596922, 53.70063963762449], [10.160095431395481, 53.7006270465305], [10.160013033563848, 53.700562333253316], [10.159943324111689, 53.700472615729296], [10.159828050901233, 53.70039726317235], [10.159804047822886, 53.700276297989994], [10.159797669881907, 53.70021622387744], [10.15978101025997, 53.70005932180158], [10.15976439570783, 53.69990240130578], [10.159751781106076, 53.69978407645211], [10.159739286494377, 53.69966570548888], [10.159720635463595, 53.69949089876739], [10.15970205932784, 53.69931605535799], [10.159683498747393, 53.69914122077979], [10.159664938825628, 53.69896640416593], [10.159652740416888, 53.698851625880785], [10.15964055796367, 53.69873687440488], [10.159628174493047, 53.69862031809887], [10.159615806238913, 53.69850376164238], [10.159603422914651, 53.69838720532863], [10.159591069950011, 53.69827064871783], [10.159568220423148, 53.69805546839208], [10.159727260309666, 53.698048661203224], [10.159719281749814, 53.697980485567456], [10.15970853473303, 53.6979162918593], [10.159692035229636, 53.69774918574174], [10.15968031116867, 53.69760757091304], [10.159665344591884, 53.69747913826558], [10.159657037361564, 53.69737199882331], [10.159659855536846, 53.69735825444405], [10.159680553310304, 53.69732710520099], [10.159726834209595, 53.697268408906815], [10.159770938932414, 53.697209347140166], [10.159811095355533, 53.697149370760044], [10.159825453647121, 53.697125096475865], [10.159838762433251, 53.697086890532255], [10.15984303316446, 53.697060421745576], [10.159850455272482, 53.69704004390088], [10.1598536771374, 53.6969985647789], [10.159853858901883, 53.69696000053807], [10.159855526472828, 53.69693415921438], [10.159851469262806, 53.69689567197456], [10.159851649053694, 53.6968570358408], [10.15984984663445, 53.696818472833954], [10.159840050035994, 53.696767357795885], [10.1598352437138, 53.69674183983599], [10.15983464137351, 53.69671607442434], [10.159812479895617, 53.69658818785579], [10.159676481389692, 53.69633649336229], [10.159651008160788, 53.69629473473717], [10.159649573476532, 53.69627725618053], [10.15961185740726, 53.69620337280217], [10.159573617316621, 53.696115930197834], [10.159499741021643, 53.69595420649725], [10.159395930612261, 53.69570354842679], [10.159345062809141, 53.695596937740056], [10.159307145916907, 53.69553113724988], [10.159224270606337, 53.695411703473], [10.159161134619477, 53.69531609702393], [10.159111368106357, 53.695224172471015], [10.159108579632088, 53.69521308914337], [10.159098926144166, 53.69517485378204], [10.159093090192453, 53.695123412702905], [10.159085152964662, 53.69507211780155], [10.159085923259145, 53.695020217281616], [10.159080887760958, 53.69499460262667], [10.15906899950298, 53.694956613610195], [10.159054310397142, 53.694892754600374], [10.159033183690097, 53.694829425304825], [10.15899283221236, 53.694746632233716], [10.158981077668676, 53.69470854303566], [10.15894810665994, 53.69464078892023], [10.158938319894215, 53.69460265371137], [10.158921529851803, 53.69453894085571], [10.158915694462607, 53.69448750874748], [10.158912511174403, 53.69444881525365], [10.158925140070753, 53.69435718579614], [10.158920739470355, 53.69427968989613], [10.158909219467095, 53.69417679724942], [10.158894130754362, 53.69410002499312], [10.158889898778112, 53.6940225993691], [10.158888150331896, 53.693957842079946], [10.158864772453349, 53.6938946873406], [10.158848249132706, 53.69384397886578], [10.158835809919657, 53.69377212487526], [10.15883031833428, 53.6936725447379], [10.158831838512961, 53.693654552176355], [10.158818923661755, 53.6933971893014], [10.158797268221258, 53.69301127042891], [10.158769047276584, 53.692754100547134], [10.158767544893747, 53.692666859553455], [10.15876682960929, 53.69262537357931], [10.158766223290389, 53.69259336987039], [10.1587602571963, 53.69252392519194], [10.158764300065638, 53.692443929558785], [10.15873995788136, 53.69210958812312], [10.158737525430947, 53.69198075535261], [10.158706323658155, 53.691466090399956], [10.158701772908113, 53.691337323052956], [10.158692959021646, 53.69128604556924], [10.158693769589396, 53.69127254534335], [10.158543177240531, 53.691171303527994], [10.158539481922611, 53.691153100731434], [10.158531214596058, 53.69111234398633], [10.158537167232897, 53.69105224934196], [10.15854407891197, 53.69103480688515], [10.158549064948206, 53.69102224606546], [10.158569618797566, 53.69099862209959], [10.15860766100775, 53.690868966324615], [10.158614548133038, 53.69080650753399], [10.158614898515893, 53.69072715884987], [10.158610112014363, 53.690660390425236], [10.158615297708941, 53.690568509340416], [10.158610730495555, 53.69043361168091], [10.158659714176075, 53.690454810153454], [10.158711748137732, 53.69048340395497], [10.158836439223482, 53.690550378663815], [10.158856382498307, 53.69054810027634], [10.158947448047437, 53.69053769088827], [10.158913291019665, 53.690256793664794], [10.158761930381004, 53.69018702081788], [10.15874620961653, 53.690159963410615], [10.158703904682945, 53.6900527212273], [10.158623729062928, 53.68991035706814], [10.15853776550695, 53.68979213917861], [10.158447845004744, 53.6896748494031], [10.158359941691337, 53.689557099593664], [10.158287453022734, 53.68946353369166], [10.158264593819402, 53.689440113860066], [10.1579390487967, 53.68941167448182], [10.157721436694837, 53.689407000449094], [10.157502777276928, 53.68940610250505], [10.15739006562348, 53.68940961872138], [10.15747123146342, 53.68958440619171], [10.157480803821874, 53.6896048803615], [10.157491371011599, 53.689601443347065], [10.157500296070708, 53.6896088089194], [10.157468848424148, 53.689618991663366], [10.15742717630519, 53.68965228486806], [10.157376602452711, 53.68971164208775], [10.157266178918634, 53.68971358098833], [10.15710694433874, 53.689682885115694], [10.157017383853713, 53.689664181402655], [10.156896989247613, 53.68960512750792], [10.156789642307803, 53.68953366859765], [10.156706515392472, 53.68948943687534], [10.156637734581272, 53.689463601734026], [10.156540963240976, 53.689440922282216], [10.156467004096681, 53.68943666553546], [10.156379221723071, 53.68940655520403], [10.156322218480888, 53.68939657051413], [10.156262221983331, 53.68938898777114], [10.156119611913287, 53.68925693271909], [10.156020625051205, 53.689180439527654], [10.155910475741777, 53.689098355000404], [10.155833323438044, 53.68903444218023], [10.155771179363859, 53.68896114386576], [10.15571502592433, 53.688932948103826], [10.155636831328247, 53.6888796161982], [10.155645031757812, 53.68887491676487], [10.155647715588051, 53.68887338072906], [10.155705013276554, 53.688843829576875], [10.15582592460703, 53.68877094912965], [10.155865902587651, 53.6887371604594], [10.155902976536648, 53.68868304886067], [10.155935863529098, 53.68856675627312], [10.155929329750196, 53.68852117353561], [10.15590397124825, 53.68849158400475], [10.155795577882971, 53.688402210379394], [10.155574670336046, 53.68841082294409], [10.155481822395009, 53.68841019958611], [10.155404873578128, 53.68840232152732], [10.155339707511226, 53.688387839753084], [10.15524561856563, 53.68835792426681], [10.155151385894044, 53.68833879681085], [10.155110613430137, 53.68833748214047], [10.155099242931014, 53.68833701650823], [10.155088721237826, 53.68833657864467], [10.155096110389964, 53.68833045783224], [10.155088900129087, 53.68831157870148], [10.155084044578553, 53.68827305402422], [10.155060376333456, 53.68824211765409], [10.155052528242251, 53.6881861024074], [10.155023876609638, 53.68816342098297], [10.154987820167948, 53.6881191746002], [10.15496023041024, 53.68811426302725], [10.154939412396615, 53.688122724601826], [10.154914397758684, 53.68812613890413], [10.154906825220037, 53.68810840484989], [10.154905310627717, 53.68809013596786], [10.154933299991237, 53.6880720230465], [10.154975412443415, 53.68803931073731], [10.15501461632683, 53.688016523275394], [10.15505341720376, 53.68799837797569], [10.155082209832527, 53.68797420772106], [10.155102075897432, 53.68796693285187], [10.15515224643783, 53.68795697465173], [10.155169198464804, 53.68794171873774], [10.155155320208566, 53.68793483223379], [10.155137414619128, 53.68792686994242], [10.155123693483572, 53.68789972086688], [10.155144134272813, 53.68788246273305], [10.155131011296724, 53.68786942051247], [10.155112026178369, 53.6878430413182], [10.155102533647097, 53.68782321339337], [10.155062931691994, 53.68781263780917], [10.15499387739551, 53.68780378446324], [10.154911962249614, 53.687793122470545], [10.154853828312019, 53.687782123254955], [10.154779087289057, 53.68777463700179], [10.154718227037801, 53.68776085047078], [10.154654391659953, 53.68773795084714], [10.154600024491208, 53.687731229882495], [10.154569998841186, 53.68769649844947], [10.154562870431537, 53.68765901140884], [10.15457735159793, 53.68762650266979], [10.15459026041211, 53.68759906985483], [10.154606266098199, 53.68755807884151], [10.154640842180557, 53.687533861926724], [10.154676516337926, 53.68751103668885], [10.154712857636703, 53.687482155456856], [10.154760645282614, 53.68744711430357], [10.154810268997734, 53.68741276555329], [10.154826366889303, 53.687400610114246], [10.154827288168596, 53.68737008380573], [10.154804811795671, 53.687353347393845], [10.154776367446235, 53.68734596307466], [10.15470178151119, 53.68732806609722], [10.154658457859297, 53.68729712138502], [10.154617245517166, 53.68726640799389], [10.154536301727942, 53.68724305300068], [10.154486479333588, 53.68723305216148], [10.154452231776412, 53.6872011839184], [10.154473736641066, 53.68718518307975], [10.154479517064528, 53.687170079889], [10.154534746323895, 53.687134167077716], [10.154572349365104, 53.68709108019835], [10.154555397759992, 53.68706206553338], [10.15451586564081, 53.687042940622625], [10.15448591411937, 53.68702971896835], [10.154446971668943, 53.687026058304085], [10.154399650309749, 53.68701392092338], [10.154361317873969, 53.6869915933278], [10.15433590143139, 53.686971990729056], [10.154288091534488, 53.68697465379597], [10.15421420181863, 53.686978305267765], [10.154166430146255, 53.68697904428614], [10.154127054773442, 53.686988898055326], [10.154083372035759, 53.68699740003198], [10.154035099035012, 53.687013586814125], [10.154011287504439, 53.68701944331701], [10.153982602316841, 53.687026497356065], [10.153917159340043, 53.68703668311374], [10.153882496055449, 53.68703500354845], [10.153813726088408, 53.68701489264552], [10.153762191544288, 53.68699819326844], [10.153709816699376, 53.687007255253675], [10.153644469956678, 53.68701486910069], [10.153571461841123, 53.68699149994361], [10.15351126034174, 53.68697405695309], [10.1534723457553, 53.68696974850102], [10.153391146845602, 53.68693147356832], [10.153370506905313, 53.68691707430478], [10.15333254482181, 53.686902733976204], [10.153265225236272, 53.68689024039641], [10.153219016605005, 53.68687336365856], [10.153186555550025, 53.686838664320035], [10.153169781020566, 53.68680944101206], [10.153127586992756, 53.686790404197914], [10.15308055741408, 53.68677395779085], [10.153044593623422, 53.686744622573], [10.152997389742215, 53.686693525479974], [10.152935602394491, 53.68666069043985], [10.152875536323421, 53.6866442975334], [10.152851913480555, 53.68663266851802], [10.152800789797302, 53.68660104314866], [10.152764314822994, 53.686568503718966], [10.152695693827194, 53.68655324476741], [10.152611416612126, 53.68653250038629], [10.152550545139727, 53.686504348557285], [10.152596342337052, 53.68648234339242], [10.15261332073646, 53.68646637745869], [10.152614147659333, 53.68646560544151], [10.152647927412191, 53.68644770699259], [10.152681707627268, 53.68642982650738], [10.15271968700476, 53.68638328483868], [10.15275951676983, 53.68633740850644], [10.152799316170947, 53.686291532452465], [10.152818136049227, 53.686275908321264], [10.152824903809547, 53.68623484465959], [10.15282996894239, 53.68620407173528], [10.152846113102944, 53.68613650833636], [10.152850376661638, 53.6861096533118], [10.152907017552362, 53.68587264523369], [10.152941785153862, 53.6857457014318], [10.153021632270317, 53.685419218764956], [10.153035212130325, 53.68536368024253], [10.153059165297215, 53.685247753070996], [10.153061483759537, 53.68523839124782], [10.15307827047117, 53.68517164859959], [10.153093651316887, 53.68511053756718], [10.15309507202424, 53.68510489681623], [10.153097932175108, 53.68509319265395], [10.15311956080693, 53.68500969295203], [10.153144056602763, 53.684914749692446], [10.153161458827494, 53.68484782132296], [10.1531786993869, 53.68478107428525], [10.153203343852724, 53.68468603968804], [10.153227851965587, 53.68459100639675], [10.153245238793057, 53.68452407815868], [10.153262494233395, 53.68445733096097], [10.153279734482423, 53.68439058390611], [10.153285086141835, 53.684370316257315], [10.153305590281372, 53.68436760191066], [10.153042511179814, 53.68404620969214], [10.15282444382898, 53.68379321191951], [10.15271357490599, 53.68365797083053], [10.15254776865933, 53.683445539992924], [10.152285273181311, 53.6830735507643], [10.152080546516675, 53.682782507950805], [10.151914798403746, 53.68252757598417], [10.151897174423294, 53.682532599519156], [10.15186313358221, 53.68251863451064], [10.151799630341909, 53.682492575076544], [10.150674058143167, 53.68204459037566], [10.150667583225538, 53.68204201882726], [10.150536891769187, 53.68198402833591], [10.150523741459624, 53.68197819500185], [10.149521945453078, 53.6815807866855], [10.149201327644231, 53.681449461072354], [10.149181526716601, 53.68144181272101], [10.148527774654472, 53.68118913972799], [10.148173766927243, 53.68104018967297], [10.147835000912513, 53.68090598716475], [10.146872744543556, 53.68052478043562], [10.146827912404499, 53.68051474663183], [10.146791930984312, 53.68050669551573], [10.146722078343153, 53.68047575029259], [10.146558200400438, 53.68038902999791], [10.146398700881269, 53.68029904054148], [10.146066139176275, 53.68013082246757], [10.145894956127348, 53.68005154210523], [10.145855295051005, 53.680034527993485], [10.145828670758766, 53.68002311508997], [10.14579871720224, 53.68001901506993], [10.145627548434975, 53.679960867176625], [10.145654954312166, 53.67986663468795], [10.145655433919123, 53.6798644247487], [10.145655605102053, 53.67986219886008], [10.145655466696189, 53.67985997216815], [10.14565501964337, 53.679857759824486], [10.145654266985611, 53.679855576883], [10.145653213844426, 53.67985343819749], [10.14565186738597, 53.67985135832071], [10.145650236772264, 53.67984935140516], [10.145648333098867, 53.67984743110691], [10.145646169319365, 53.679845610492634], [10.145643760157236, 53.67984390195072], [10.145641122005657, 53.67984231710693], [10.145630162732756, 53.679836273512095], [10.145570155044327, 53.67982156633967], [10.145537735226553, 53.67981361561502], [10.145456580813518, 53.67979573081723], [10.145441927900011, 53.679792500113955], [10.145375140204429, 53.679774549762826], [10.145340676259863, 53.67976714888192], [10.145290830823805, 53.67975254213905], [10.145240691528091, 53.679736589845476], [10.145013476454258, 53.67971312598436], [10.144984235735473, 53.67974534322982], [10.144979781444366, 53.6797502578177], [10.14496481771043, 53.679760126905045], [10.144959573287393, 53.67977275256277], [10.144955304188768, 53.67978561159701], [10.14494650988337, 53.67979463067377], [10.144936806473089, 53.679801950543556], [10.144913906095505, 53.679814502290675], [10.14489942916718, 53.6798183171631], [10.144791541058462, 53.679834647675925], [10.14477817488218, 53.67983475746409], [10.144759583762315, 53.67983704757186], [10.14473937824058, 53.67984233743409], [10.144697622752822, 53.679851914249205], [10.14466418377358, 53.67986835101853], [10.144628099128477, 53.67988270066511], [10.144588249980897, 53.67989390419658], [10.144568648630552, 53.679899700624745], [10.144549140044315, 53.67990556807459], [10.144529538683098, 53.67991136449642], [10.144511134030811, 53.67991830006201], [10.14450157271739, 53.67993254001679], [10.144490167732782, 53.67994523351527], [10.144484251250168, 53.67996267465298], [10.14448096526461, 53.67998220305175], [10.144475772869663, 53.68000010469378], [10.144461222494233, 53.680010149545375], [10.144439672910972, 53.680014454428864], [10.144409519726022, 53.68001136273013], [10.144363327861205, 53.68003099549186], [10.144358766851813, 53.68005152485276], [10.144355585390988, 53.680060948687824], [10.144354436264988, 53.680064357484824], [10.144386768042892, 53.680083024179055], [10.144388368206918, 53.68009904514541], [10.144370818014268, 53.680109019772274], [10.144357285850422, 53.68011976500705], [10.144334258966776, 53.68012710426877], [10.144310894516467, 53.680137071519916], [10.144322768608774, 53.68015340781088], [10.144320476077015, 53.68016658052507], [10.144317041462195, 53.68017951246163], [10.144319807967493, 53.68019387730946], [10.144319510780097, 53.680207489393624], [10.144322838732027, 53.680219107252185], [10.144317392570407, 53.68023714614499], [10.144300523270669, 53.680242080452665], [10.144276386074262, 53.68023918292814], [10.144252828255347, 53.68023587536114], [10.144226567179855, 53.68023449927078], [10.144206392845367, 53.680228660444826], [10.144194021875041, 53.680217452581495], [10.144180982664558, 53.68020672751457], [10.144158668838962, 53.68020239229486], [10.144137625323063, 53.680205263048194], [10.144113885196644, 53.68023209708721], [10.144104109317349, 53.68025406954058], [10.14408956096486, 53.68026028504117], [10.144033264657205, 53.6802640858122], [10.143995263124708, 53.6802719725556], [10.14398647149882, 53.6802911580169], [10.143980194031467, 53.68032154663859], [10.143973196570428, 53.680326485480485], [10.143901691431529, 53.68032107398549], [10.143893067191891, 53.680330235181145], [10.143898503007883, 53.680373267214186], [10.143831204464014, 53.68041190621038], [10.143787080639049, 53.680446979957104], [10.14380117127397, 53.68046912894628], [10.143811164041056, 53.680511029799426], [10.143811519923485, 53.68053980896087], [10.143808450745299, 53.680581879508516], [10.14376424992109, 53.680595119864876], [10.143695907106915, 53.68062149886277], [10.143640225704349, 53.68064577934974], [10.14355896190732, 53.6806842459216], [10.143497184852635, 53.68071378913705], [10.143419016317653, 53.680743003415024], [10.143422339418063, 53.68075780342474], [10.143403570428774, 53.680749631901676], [10.142418385307908, 53.680322953684396], [10.142296653445026, 53.68027091834036], [10.1407097584285, 53.68032610741184], [10.139957037351794, 53.68035647500284], [10.1399624187923, 53.68034718316059], [10.140724845666066, 53.679031548742536], [10.141148034098316, 53.67829901806443], [10.141210750615581, 53.678312137553064], [10.14156214538432, 53.677716202063166], [10.142251675281631, 53.67645780119648], [10.142252988178138, 53.67645540660575], [10.142362931517567, 53.676516992812836], [10.142456286400817, 53.67656697964253], [10.143128152291712, 53.676948611705285], [10.143212482079067, 53.67699007269632], [10.143750694064543, 53.67722980130635], [10.143946520376902, 53.67710389255626], [10.14423537981803, 53.67684621568581], [10.14436673127379, 53.676728958354296], [10.144516798140085, 53.676504059252224], [10.144757292266176, 53.67614242776659], [10.144794791400493, 53.67613569614604], [10.145175740232748, 53.67607538762935], [10.145526924716625, 53.67602011775945], [10.145877733312421, 53.67596441898255], [10.14622962531505, 53.67591018298992], [10.146418855970014, 53.67588029018807], [10.146543676545457, 53.675860703845174], [10.146809597235778, 53.675822840069095], [10.14750245366472, 53.675725261973525], [10.147881698293968, 53.67567883107915], [10.148773274304665, 53.67555653571955], [10.14951080876206, 53.675454930779956], [10.149604886187067, 53.6754417128542], [10.150003103671907, 53.67538725472295], [10.152519035684854, 53.6747669927589], [10.15314003130767, 53.67468392543199], [10.153690202966557, 53.67465395176682], [10.154130714854222, 53.67464192270593], [10.154077307586359, 53.67472785041151], [10.153987879633108, 53.67487174437112], [10.153903685870358, 53.67500721012265], [10.153817055242001, 53.67514659150349], [10.153726088018402, 53.67529294507474], [10.153642081245344, 53.67542811218892], [10.153619480776394, 53.67548525691635], [10.153576120522704, 53.67559489032782], [10.154180870085941, 53.67606682599452], [10.15451109993557, 53.675840285457724], [10.154541750782203, 53.67581515349646], [10.154564666762019, 53.6757873005362], [10.154579232115509, 53.67575746062288], [10.154606197934287, 53.67566844375481], [10.154676617672795, 53.67559842403567], [10.154665211921413, 53.67559599013644], [10.154685739153996, 53.67556217354282], [10.154751245778717, 53.67545423182654], [10.154774438511666, 53.675416029873304], [10.154819767762993, 53.67530433653111], [10.15482423589656, 53.675293344902904], [10.154856083992511, 53.67515703496528], [10.154867915818068, 53.6751064209419], [10.154868632393304, 53.67501030417468], [10.154925215664788, 53.67486121608461], [10.1550064565899, 53.6747109103506], [10.155043997854115, 53.674662106808704], [10.155119840010583, 53.67458563437349], [10.155226519440237, 53.67451912080822], [10.155251486313421, 53.674491571523475], [10.155261785060041, 53.674474581932195], [10.155253281479027, 53.674445971232444], [10.155236890765467, 53.6744284301055], [10.155202815763868, 53.6744102505634], [10.155134442970724, 53.674390091690064], [10.154771891307757, 53.67430722244451], [10.154684821324535, 53.674294210046845], [10.154591618434623, 53.67429054230262], [10.154470575321163, 53.674296275654164], [10.15439671168911, 53.674306713750745], [10.154268517411028, 53.67412285795641], [10.1541410965567, 53.673940118189215], [10.154851557469554, 53.67294038513252], [10.155179157768133, 53.672917539590415], [10.155203883043193, 53.67294703653544], [10.155067346021738, 53.67353726484897], [10.155053294495005, 53.67355762552511], [10.154625711173752, 53.674177078654964], [10.154823330660896, 53.674208638970384], [10.15485757954739, 53.674204407486556], [10.154862902580602, 53.67414774373592], [10.15492198559189, 53.67412162734259], [10.15504942620557, 53.67406810049223], [10.155089302328784, 53.67402110815421], [10.155123636439622, 53.67390656335052], [10.155157975294172, 53.67386081094087], [10.155337301283902, 53.673689144846286], [10.155353368887507, 53.67362794585132], [10.155375702872995, 53.673532968832674], [10.155397467515408, 53.673440424318464], [10.155455629034321, 53.67338344847819], [10.155530748975494, 53.67327793042421], [10.155558216465208, 53.67315150541308], [10.155548627067649, 53.673125808638225], [10.1555160692946, 53.67306789235821], [10.155601695934632, 53.672896608559086], [10.155603496596893, 53.67280863426574], [10.155562446266922, 53.67275402698375], [10.155552634350888, 53.6727224086343], [10.155574392321595, 53.67268440911234], [10.15559525257208, 53.6726528813073], [10.15561124694796, 53.672642686298914], [10.15565714742062, 53.67261344273566], [10.155681940566902, 53.672554155024], [10.155811918851583, 53.67249067902679], [10.15585477264208, 53.67247733928613], [10.155901879924853, 53.672478367767965], [10.155992424400962, 53.672466356434036], [10.15601773154402, 53.67245572090177], [10.156063910956787, 53.672395768215544], [10.156151127414166, 53.6723457026846], [10.15626033911747, 53.67223483016427], [10.156322751517733, 53.67221986316987], [10.156610028040062, 53.67220400992773], [10.156684622581835, 53.672192224029146], [10.156911922499523, 53.67219239239399], [10.157002028360822, 53.67218429472555], [10.15706861537366, 53.672168109453246], [10.157229596392725, 53.67218706669414], [10.157892950499841, 53.67215328305066], [10.158212528132738, 53.67216715472486], [10.15833474150555, 53.67217728073886], [10.158515363962419, 53.67216504334663], [10.158943013664443, 53.67212274719797], [10.159321458036253, 53.67204437678521], [10.159598556327287, 53.6719870589401], [10.15974336484358, 53.67189447259879], [10.159867636550043, 53.67183405872386], [10.16031385227818, 53.671690829562024], [10.160547628631846, 53.67159351489312], [10.160856386303147, 53.67144299535841], [10.161187182376791, 53.67131780794298], [10.160870949590567, 53.67103666997638], [10.160815142244779, 53.6710621643288], [10.160749121368854, 53.671084512641706], [10.160610070831412, 53.67114187961046], [10.160470093203248, 53.67119802391209], [10.16040949289763, 53.67121878239313], [10.160343540033583, 53.67124307143629], [10.160219986132585, 53.67127002195482], [10.160131770032509, 53.67129171303612], [10.160062637361872, 53.67131046856234], [10.159776330192521, 53.67136851491496], [10.15963172088033, 53.67139497659297], [10.15948857449586, 53.671424003761935], [10.15912189337598, 53.67148125367611], [10.159048864485877, 53.67149320572845], [10.158973865502569, 53.67150176998765], [10.158899836254012, 53.67151202372822], [10.15875325609807, 53.671535105586635], [10.158656762938293, 53.67154868672516], [10.158504425169399, 53.67157103295779], [10.158429561433326, 53.671577914631115], [10.158282698957063, 53.67159955141982], [10.158209750462397, 53.67161169094868], [10.158139029434857, 53.67162998430475], [10.158071204141551, 53.671656168887075], [10.158004967738966, 53.67168675164409], [10.157936192063811, 53.67171030258562], [10.157864193478199, 53.67172507547084], [10.15778867546896, 53.67173019224304], [10.157710276346787, 53.67172739957163], [10.157634134943393, 53.67173076043734], [10.157556686258895, 53.671730610219946], [10.157481821830688, 53.6717374823163], [10.157405665255085, 53.67174084318321], [10.157330473970298, 53.67174683742603], [10.157181368058831, 53.67176232811524], [10.15710809239524, 53.67177359820261], [10.15696283254364, 53.671799631457915], [10.156816280434507, 53.671822153348536], [10.156743657922396, 53.67183516974883], [10.156670054966128, 53.67184555282173], [10.156595501600062, 53.671853293286446], [10.156521913954387, 53.67186368510902], [10.156450568191191, 53.67188021267107], [10.156376949948056, 53.671890595710686], [10.156304638837836, 53.67190448975406], [10.156218836586545, 53.67192379053188], [10.156163862281206, 53.67194281159242], [10.15612111704438, 53.67195290538656], [10.156060257739036, 53.671962661667926], [10.15604272614528, 53.67193881242498], [10.155928737197966, 53.671957009788365], [10.155564874704337, 53.67201858119796], [10.155492809914794, 53.67203264316184], [10.155347267649445, 53.672057274895735], [10.155244743924216, 53.67207294295949], [10.155117618807065, 53.67209627312013], [10.155150440562275, 53.671986264298575], [10.15545125731143, 53.670977713699195], [10.155606667040642, 53.67042434601317], [10.155681390281703, 53.67015298534114], [10.155732968895137, 53.669965723959294], [10.155776907981092, 53.66992410348044], [10.158838032490511, 53.66962514685621], [10.15903653078303, 53.670637414308075], [10.160067180869035, 53.67053749073934], [10.160415883149328, 53.67105746749374], [10.160935371935384, 53.67086974065], [10.161073969541919, 53.67094349068974], [10.161592111316224, 53.67091771019891], [10.163739930740519, 53.669670285243896], [10.164020352701922, 53.66930489082292], [10.164654985586434, 53.668477955331845], [10.164702615662044, 53.668451990362726], [10.165604759112943, 53.667960243887826], [10.166919420810798, 53.6678295582747], [10.16791875934187, 53.66773021339479], [10.168421837973382, 53.66768018993698], [10.168601616579657, 53.66766231835743], [10.16981891284214, 53.667984948118175], [10.170269545387175, 53.66817309775138], [10.171519261730953, 53.668694885807625], [10.171610209310082, 53.6686885756443], [10.171617963979346, 53.66868929080095], [10.171680269551654, 53.668718317825046], [10.171779825187953, 53.66874565893021], [10.171864655027887, 53.66879925703854], [10.171885502616593, 53.66881686916595], [10.171914298705344, 53.6688405429708], [10.171997949074726, 53.668848902025836], [10.172099454452992, 53.66885376033397], [10.17214277616455, 53.66886850068523], [10.172159370228117, 53.66887192485288], [10.17218137120676, 53.66887273423248], [10.172195211631431, 53.66886475137317], [10.17220699483007, 53.668837732022126], [10.172230453708977, 53.66880599601759], [10.17230745134129, 53.66880099045204], [10.172368089001935, 53.66878409079316], [10.172381979031218, 53.66874954500202], [10.17245309766469, 53.6687257919629], [10.172509570730728, 53.668690289870966], [10.172563281957869, 53.668675255728324], [10.172751365210903, 53.66870506403233], [10.172803506852617, 53.66869183396003], [10.172919111249158, 53.66859993996189], [10.173017711333955, 53.66857106334988], [10.173014784398378, 53.66843571802794], [10.173043452107608, 53.66839318001618], [10.173051390301206, 53.668340561680004], [10.17307888179831, 53.66831235462205], [10.17310553384636, 53.668288803082646], [10.173126644728127, 53.668219983398735], [10.173169956263209, 53.668168438757334], [10.173230935936056, 53.66813011456935], [10.173266036372027, 53.66808431339766], [10.173252389864327, 53.66802625246325], [10.173303459400294, 53.66793960170993], [10.17337999089564, 53.667894455236905], [10.17354473384783, 53.66773590222628], [10.173650092914684, 53.66766873769951], [10.173686165502039, 53.66761927734363], [10.173742430562374, 53.66756222111957], [10.173744629045524, 53.66744962159479], [10.173769867292107, 53.66743840764898], [10.17382555799853, 53.66740753292063], [10.173887664192575, 53.66732267038473], [10.173919548857082, 53.66728483780356], [10.173895262140968, 53.66723825230337], [10.173920733285833, 53.66720710747334], [10.173957180439942, 53.66715481182817], [10.17408370910845, 53.66688715588803], [10.174115987194869, 53.666845526042366], [10.17416163956193, 53.66682763977666], [10.174211965384677, 53.66680962676423], [10.17425348273131, 53.66678075153208], [10.174314234815633, 53.66677136453137], [10.174333369213253, 53.666756758554456], [10.174314344028957, 53.666717591377115], [10.174218970648521, 53.66651338014007], [10.17418530199452, 53.666488649017325], [10.174167692514219, 53.666468272882305], [10.174174083834435, 53.6664395623276], [10.174186993647057, 53.666415569990654], [10.174181375541284, 53.66640676194585], [10.174164578929483, 53.66639983434417], [10.17409041184796, 53.66639106922068], [10.174032423656739, 53.666380077958586], [10.173954119374633, 53.666383650240604], [10.173879813285541, 53.666375326809856], [10.17383294172743, 53.66637710768007], [10.173803703595965, 53.66637236046796], [10.173756850270374, 53.666359003685955], [10.17365664717677, 53.66632127931801], [10.173618690465158, 53.66628547069746], [10.173581821749476, 53.6662735620906], [10.173558710259828, 53.666246902560026], [10.173505206306762, 53.66620445060714], [10.173513325145585, 53.66617906705908], [10.173550153021154, 53.666162274271024], [10.173591183974183, 53.66615076175397], [10.173635774894962, 53.66614371780979], [10.173651122726021, 53.66612302755752], [10.1736331756815, 53.66606053228762], [10.173512133788186, 53.66604086416351], [10.173499745915183, 53.66603789335868], [10.173495494889519, 53.666033611319754], [10.173497610564038, 53.66602259706186], [10.173551085226988, 53.66595941978798], [10.173557278448422, 53.665938819267986], [10.173531608624726, 53.665902332881664], [10.173506679890398, 53.665863645915465], [10.173442164548334, 53.66585194528597], [10.173401893012342, 53.665843386905685], [10.17335007074366, 53.665782446047665], [10.173293464663278, 53.66577649269529], [10.173242277072493, 53.665769991831446], [10.173161775342376, 53.665698230502066], [10.173090010528542, 53.66568162980357], [10.173058549712593, 53.665660049847084], [10.173061071659596, 53.66564676639332], [10.173069039425805, 53.66563337565478], [10.17308677698055, 53.665621884757], [10.173057099502111, 53.66559748276691], [10.172998763363937, 53.66558481347803], [10.172919937032917, 53.66554991736494], [10.17286159342056, 53.6654873772151], [10.172826763049986, 53.665448005052994], [10.17282858123559, 53.665437173499974], [10.172883209732497, 53.66536866374114], [10.172962715606593, 53.66533757409683], [10.172995083088013, 53.66529535039414], [10.173053247331357, 53.66527132834424], [10.173083581106278, 53.66524198777287], [10.17308331976585, 53.665203697270556], [10.173117585774314, 53.66515082096756], [10.173128185348947, 53.66505182034108], [10.173185705926175, 53.665008999579356], [10.17321186100256, 53.66497417169053], [10.173220307684016, 53.66492735521086], [10.173387330177285, 53.664834354585835], [10.173532196031667, 53.66473761572194], [10.173566042348535, 53.664700716818565], [10.173630783182977, 53.664677564878], [10.173660966996945, 53.664641223205734], [10.173641418884708, 53.664554311561496], [10.173652257354695, 53.664536398150894], [10.173714583495286, 53.66450860454865], [10.173785849396378, 53.664473550070305], [10.173869486124218, 53.6644109219158], [10.173935886474608, 53.66440938103246], [10.174019089327086, 53.664353480785], [10.174024073825667, 53.66430846901505], [10.174063013358825, 53.66428331357424], [10.174201668205036, 53.66427958986291], [10.174369712895507, 53.66429700748691], [10.174399659353359, 53.66428482135127], [10.174444680763738, 53.66424979016319], [10.17449216928951, 53.6642321823776], [10.174580337149415, 53.664222607205446], [10.174628505202623, 53.66418100109907], [10.174675140806782, 53.66413980552166], [10.174726172586048, 53.66412389775575], [10.174817649063979, 53.66404991083597], [10.1748356703603, 53.664020367004724], [10.174877813980496, 53.66400595765048], [10.174906929304232, 53.664009609144074], [10.174942412372406, 53.6639908065847], [10.17496884193681, 53.66393871675142], [10.174999113316272, 53.66388382060439], [10.175109925023449, 53.66376935508126], [10.175110250864138, 53.66370001084602], [10.175121045308266, 53.663687616965724], [10.175135814411519, 53.66367066261651], [10.175216345882188, 53.66362873864057], [10.175266374190901, 53.66359148265695], [10.175292250491406, 53.66354836019585], [10.175358207124429, 53.663503729671305], [10.17543505969278, 53.663451450388294], [10.175487302548904, 53.66341383997745], [10.175549286583063, 53.663392889379644], [10.17559061722323, 53.66335691418206], [10.175616324201238, 53.663302287406175], [10.175689292626181, 53.663294271907276], [10.175752519193052, 53.6632695785727], [10.17583613544956, 53.66321618988838], [10.175876847180685, 53.66321834296251], [10.175931043840617, 53.66322919077587], [10.175969241281692, 53.66323073029297], [10.176252755367683, 53.66313166447043], [10.176290820716027, 53.66310889895884], [10.176288703896368, 53.663034517900364], [10.176300696300698, 53.663004835306275], [10.176345437348933, 53.66297831870907], [10.176396013030098, 53.66297871173587], [10.17647210536595, 53.66300245911617], [10.176521394042675, 53.66300011410502], [10.176582796389999, 53.662951257872116], [10.176742841513978, 53.662836513742796], [10.176902599486645, 53.662742455879815], [10.177003616916789, 53.662723790582746], [10.177107236408677, 53.66271432232291], [10.177273518503402, 53.66274958733539], [10.177484521630863, 53.6627592701416], [10.17757836698573, 53.66275478760157], [10.177810020564115, 53.66275765983504], [10.177950367541092, 53.66277627073061], [10.178080896416098, 53.662801540024205], [10.1782239458269, 53.66281176425034], [10.178497019281728, 53.66282480761729], [10.178614442298231, 53.66286689787793], [10.178776266965441, 53.6629386909993], [10.178841169082146, 53.662952425439464], [10.178892993299417, 53.66295417144587], [10.179004166117823, 53.66291003754107], [10.179060149839705, 53.66290356253635], [10.179110898563254, 53.66291340913049], [10.179208354367768, 53.66292169008311], [10.179277713646695, 53.66291671924631], [10.17929860716126, 53.66293325995813], [10.179284747162226, 53.66299571713948], [10.179267047368503, 53.66304857593734], [10.179287677125101, 53.66307789260471], [10.179400435851472, 53.66310573554186], [10.17947425498859, 53.66311087822349], [10.179508712196252, 53.663130773018096], [10.179541850039158, 53.66316195299467], [10.17959305237326, 53.663201575444624], [10.179676231477078, 53.66320641005719], [10.179742398198263, 53.66318736667963], [10.180077723648438, 53.66313107224756], [10.180238250947522, 53.663110810938925], [10.180293257577038, 53.66311702845658], [10.180413448361413, 53.663164914546456], [10.180512973897276, 53.66321960217956], [10.180558282548542, 53.663241636936135], [10.180620781433506, 53.6632532816971], [10.180769912382962, 53.66325413033006], [10.180842026415737, 53.663245365035785], [10.180859788702154, 53.663237576188784], [10.180866115641226, 53.66323651601409], [10.181069253871993, 53.66320242177525], [10.181103931954347, 53.66319771106322], [10.181270703576546, 53.66317506761465], [10.181373234921763, 53.66316673002302], [10.18150770766999, 53.66313051691551], [10.18156267480267, 53.66312936326636], [10.181691199362565, 53.663127231986316], [10.181757374060478, 53.66316639114223], [10.181786111965096, 53.663184139429575], [10.181806928538718, 53.66319302184519], [10.18186469957439, 53.6632087756465], [10.181881735894551, 53.663216697583564], [10.181948342224013, 53.6632225930995], [10.181976446512714, 53.663282595864054], [10.182026042020857, 53.663280937710454], [10.182184663563755, 53.66323531667552], [10.182280959850036, 53.663230239947204], [10.182379050452564, 53.66323087141195], [10.182402180585601, 53.663221833792576], [10.182457174186492, 53.66313890659539], [10.182465443261142, 53.663074230024804], [10.18248425352169, 53.663000631149465], [10.182513454723994, 53.662985726661674], [10.182558770712506, 53.66298420942845], [10.18265897736688, 53.66300313933291], [10.18271059636613, 53.663019708566225], [10.182784889383157, 53.66304068313491], [10.182818304263956, 53.66305735124225], [10.182831411216416, 53.66307141538783], [10.182885562640005, 53.663129228002425], [10.182834264969298, 53.66319115655586], [10.18284141315865, 53.66320807514102], [10.182870223274204, 53.66323270802634], [10.182910647691633, 53.66322891083444], [10.183009078570924, 53.66319954214753], [10.183086806063004, 53.66321289588656], [10.183164995068974, 53.663211386207244], [10.183209176106498, 53.66323309851626], [10.183241882534011, 53.66328983745504], [10.183327453617482, 53.66335950149066], [10.183364768006285, 53.66336732169481], [10.183427145835758, 53.663348682268946], [10.183492867832832, 53.66333920549797], [10.18357954510439, 53.66336136956334], [10.183622643803027, 53.66339251288589], [10.18366927520778, 53.66339957571005], [10.18372724740794, 53.66342301221829], [10.183755804837935, 53.66343104471757], [10.185555458376413, 53.661306757691285], [10.185814139322456, 53.66099928921565], [10.186182503295159, 53.66056613705181], [10.186380063681208, 53.66033242526558], [10.18661672893522, 53.66005244572642], [10.186841805822448, 53.65978618092271], [10.18691670651571, 53.65969749005021], [10.18762934692888, 53.65885096736621], [10.187798925064476, 53.658649531515614], [10.187773943507802, 53.658574829014285], [10.187768094702434, 53.658557340497104], [10.187749044254575, 53.65850035940495], [10.187729339081642, 53.658462072947124], [10.18768130652439, 53.65841415261039], [10.187664989742526, 53.658397882561694], [10.187622854337338, 53.65836055567712], [10.187552634443472, 53.65830769567506], [10.187491061958163, 53.658272826758406], [10.187511254574906, 53.65826386220659], [10.187381457460654, 53.65820779962419], [10.187268985942472, 53.65816566885069], [10.187176809848948, 53.65813114818367], [10.187168299242849, 53.65812609085777], [10.187105832637815, 53.658089001336634], [10.187089071309746, 53.65806389942518], [10.187077539758869, 53.65803965355027], [10.187055747105862, 53.65799382792507], [10.187049001452314, 53.6579487160608], [10.186921706104844, 53.65774141512473], [10.186832074972818, 53.657595441248255], [10.186809935712883, 53.65756688689374], [10.186769098925367, 53.65752994235478], [10.186629524165259, 53.657403654886174], [10.186609085206342, 53.65737959612436], [10.186584415610584, 53.65732936734472], [10.18658374947746, 53.65731265439484], [10.186577556789128, 53.657158976791656], [10.186586911723426, 53.657126757370534], [10.186598527845081, 53.65708668611393], [10.186712629547774, 53.65691923164676], [10.186717672817704, 53.6569118376411], [10.186920505060126, 53.656733975118925], [10.18710025268455, 53.65657635964406], [10.187129003014734, 53.656560164040755], [10.187345524339452, 53.65643822049857], [10.18743108233524, 53.65638438179008], [10.187567903306778, 53.656331985177125], [10.187594401491227, 53.656320737775154], [10.187644507824213, 53.65629286922674], [10.187695874231123, 53.656273761429766], [10.187795634684646, 53.65625631290051], [10.187842063913607, 53.65624083164604], [10.187907926197681, 53.656202864824124], [10.187990935826255, 53.65617145160319], [10.18818991023699, 53.65611284638184], [10.188275870786484, 53.65609759288241], [10.18832103638655, 53.65608077562992], [10.188401288759753, 53.656050881663056], [10.18840859661794, 53.656048157368566], [10.18843074508338, 53.65603991033804], [10.18853349636922, 53.6560244540294], [10.18860847592603, 53.65601799268012], [10.188661913451552, 53.65599400084865], [10.188698950263905, 53.65598946224117], [10.188730410400499, 53.655991091517656], [10.188771876670343, 53.65599930925998], [10.188805180582502, 53.656006232715264], [10.188852683529777, 53.65600957238076], [10.188915173852097, 53.65601153170779], [10.188936613734942, 53.6560066085642], [10.188969666121782, 53.65599061249496], [10.189008294856224, 53.65596843952232], [10.189050283036085, 53.655955950294], [10.189076852843716, 53.65594350631064], [10.189093356383099, 53.65594653350402], [10.189138345351212, 53.655964855737565], [10.189408688144763, 53.65598715984578], [10.189450230325987, 53.655973344533784], [10.189472606797949, 53.65597105475841], [10.189508363468116, 53.655985010024544], [10.189535006216525, 53.65599504673089], [10.189557694921163, 53.65599363476062], [10.189600143483856, 53.655982453160355], [10.18963900841589, 53.655983190625186], [10.189673695042792, 53.655994073243484], [10.189721658820007, 53.655998729370054], [10.189998185448804, 53.655949912565724], [10.190019511682639, 53.65594472068666], [10.190044253164196, 53.65592700912074], [10.190069588588186, 53.655911044503185], [10.19009584608076, 53.655897731462275], [10.190113941421389, 53.65588313321882], [10.190150813784948, 53.655878137355984], [10.190189232709118, 53.655877548701554], [10.190225808200617, 53.65587168383253], [10.190242356910618, 53.65585267835066], [10.190261061279077, 53.65583982688742], [10.190280821162048, 53.65583006613688], [10.190323433049958, 53.65581932311611], [10.190343505149764, 53.655810440174236], [10.190359036864873, 53.65579293696274], [10.190360963403261, 53.65576517771734], [10.19036294342684, 53.655742002336225], [10.190376738137225, 53.655728372678], [10.190399872591888, 53.655728286489285], [10.190439361784588, 53.65573077933298], [10.190471119156909, 53.65573329510832], [10.190500751085615, 53.655729656557924], [10.190529461404527, 53.65572338439466], [10.19054519165823, 53.655724207780324], [10.190561584530014, 53.655731361828636], [10.19056909574791, 53.65573961995217], [10.190584948564856, 53.655765197853924], [10.190611975873606, 53.655782970037], [10.19063512548481, 53.655782883652215], [10.190674050268306, 53.655761588115645], [10.190702359782083, 53.65573196644242], [10.19072152501808, 53.6557204406966], [10.190745432270907, 53.65572254007447], [10.19077580747746, 53.65572111434974], [10.190797276993832, 53.655716181587294], [10.190817809755176, 53.655708615368255], [10.19082848519763, 53.655694917802336], [10.190830351229453, 53.65568918223047], [10.190837168573328, 53.655675505058795], [10.190849999750988, 53.655667961501194], [10.190864041015224, 53.65566523300601], [10.190892582829939, 53.65567070208189], [10.190919717627441, 53.65567510646489], [10.19094923654939, 53.65567551398291], [10.190972253789193, 53.655673954651284], [10.190997082245973, 53.655664179318336], [10.191200839415, 53.655584909673756], [10.191247193727714, 53.65556362093068], [10.19132717845834, 53.655520585711294], [10.191360625586414, 53.65550951102635], [10.1914001876647, 53.655481323324075], [10.191439556061592, 53.655460220878474], [10.191493216068633, 53.655442589778175], [10.191553126576954, 53.6553992418021], [10.191610493119041, 53.65538587949787], [10.191645840293939, 53.65537779714127], [10.191665214831092, 53.655371024347], [10.191709393678973, 53.65534880423931], [10.191716959372817, 53.65534772216422], [10.191921612169368, 53.65531532007067], [10.191992326633557, 53.65529880439013], [10.192047078772452, 53.65528181836404], [10.192125831859318, 53.65528205899271], [10.19218217436386, 53.65526834704848], [10.192405381675915, 53.655238752708364], [10.192447081914567, 53.655230597852174], [10.192659141344526, 53.65518079889165], [10.192729822751055, 53.65516420220093], [10.19295801052955, 53.65514811264522], [10.193137620480238, 53.655117396229215], [10.193175028121894, 53.655112636798684], [10.19338291831905, 53.65509421380808], [10.193468481641228, 53.65507414240619], [10.193623653026457, 53.655075561894535], [10.193736156678236, 53.65507872799264], [10.193802298269047, 53.65507767299414], [10.193916705977415, 53.65507325118528], [10.193968150819549, 53.65505707031076], [10.194000067440019, 53.65504702590443], [10.194070527221333, 53.655027967637906], [10.194142281829194, 53.65501242909875], [10.194192778521412, 53.655002325169974], [10.194288273779991, 53.6549883565364], [10.194362556782176, 53.654979831043846], [10.194426397595207, 53.654970726514186], [10.194480231319897, 53.65496305216312], [10.194554811431251, 53.65495540451037], [10.194640275916099, 53.65495648441087], [10.194721619413542, 53.65494614437529], [10.194811630760762, 53.65493838752213], [10.194888755029263, 53.654937770650356], [10.194952977385745, 53.65494430292207], [10.19500664299712, 53.65494299423616], [10.195135514251827, 53.65493582907079], [10.195188112941471, 53.65492729479414], [10.195250346563045, 53.654911131510545], [10.195351964066939, 53.65489268729827], [10.195566228949083, 53.654869136043644], [10.195602772264012, 53.65485898208289], [10.195685492679852, 53.65483100916366], [10.195768540458674, 53.65480391384095], [10.195797185278735, 53.65479751521485], [10.19581946162964, 53.65477354373479], [10.195833316015143, 53.654769045683324], [10.195855822170621, 53.65476709499728], [10.195872517678046, 53.65477048788913], [10.195898802518643, 53.65477907952735], [10.195909487522833, 53.65476578590803], [10.195913496149494, 53.654755048934526], [10.195949915269868, 53.65467636382588], [10.195952131499133, 53.654640259765024], [10.195964281334533, 53.65461403428738], [10.195964995616572, 53.65457779241567], [10.195981802730685, 53.654524724146796], [10.19600854339168, 53.654481534455414], [10.196019945129455, 53.654444385796495], [10.19602076208966, 53.65444170789657], [10.19612788095737, 53.6543279424296], [10.196140561791815, 53.65429268665095], [10.19614965455895, 53.654279813421624], [10.196229696452749, 53.65426364249347], [10.19625328101224, 53.65424741538168], [10.19627094363952, 53.65421709871809], [10.196303349978614, 53.654142624490035], [10.19629348525793, 53.654119144858115], [10.196255867838808, 53.65405712793396], [10.196253200754674, 53.65400247437165], [10.196269259023042, 53.65389946154993], [10.196267379313872, 53.65388116969664], [10.196270603576156, 53.653840596997576], [10.196286711151325, 53.653823770408614], [10.196306898691043, 53.653789113778004], [10.196315258114806, 53.65372629587329], [10.196344030734382, 53.65367420464114], [10.196392376081182, 53.6536101062422], [10.1963916574284, 53.65356014345512], [10.19638149865779, 53.65350489956605], [10.196365643377389, 53.65348093146994], [10.196301832783272, 53.65345306490202], [10.196274542783023, 53.6534190984013], [10.196220883432126, 53.653367111695474], [10.196183924166991, 53.653300521746], [10.196177806279138, 53.65325277925479], [10.196166601498515, 53.65322097118708], [10.196169382171941, 53.65319358981306], [10.196135652147959, 53.653162492197474], [10.196099913738447, 53.65313901934931], [10.196065038272868, 53.65310219816172], [10.195903178944757, 53.65303263099161], [10.195868676098295, 53.653021262934104], [10.195782845937078, 53.65301514473938], [10.195698426574527, 53.652963168384645], [10.195643482056212, 53.652944858142114], [10.195581188314337, 53.652937399101624], [10.195515725986697, 53.65293185936347], [10.195435651677595, 53.652883695727105], [10.195404064845006, 53.65285130905579], [10.195391774556038, 53.65282014997562], [10.195359456368452, 53.65281004538953], [10.19530997559696, 53.65279872783591], [10.19528081461875, 53.65278416012004], [10.195246400068216, 53.652708501522994], [10.195226686280941, 53.652681821157536], [10.195195168252262, 53.65265453051969], [10.195177614190579, 53.65263038146781], [10.19512485466119, 53.652613334607], [10.195041054487335, 53.65260084937119], [10.194983834921816, 53.65260265199937], [10.194963407871887, 53.65259943106656], [10.19499414423069, 53.65255682194893], [10.19501386119965, 53.65253172555794], [10.19502912927186, 53.652506080295154], [10.19503700245569, 53.65247951106214], [10.195042392811601, 53.652425073677634], [10.195058109125284, 53.65237194449729], [10.195071904246308, 53.65234611617226], [10.195088659957385, 53.65232064482054], [10.19509949418425, 53.65229445053087], [10.195116249858627, 53.65226897917527], [10.19513150290366, 53.65224334303665], [10.195136429994925, 53.65221639869867], [10.195153633850865, 53.65216344342317], [10.195165940859626, 53.652137432182656], [10.195167907070806, 53.65211012188349], [10.195192535898023, 53.65205809026055], [10.195209291932947, 53.652032636864725], [10.195234915595954, 53.65200829047812], [10.195243797135731, 53.65199972516232], [10.19529915010649, 53.65194640697635], [10.19531396231091, 53.65194156682239], [10.195496252311028, 53.651905040082305], [10.195575654035897, 53.651827355086056], [10.19557199822231, 53.65177996550884], [10.19563903953852, 53.651739771269014], [10.19570804872219, 53.65168838398125], [10.195731457050666, 53.65167506217449], [10.195973322931435, 53.651578953696], [10.196162251485193, 53.65151457454059], [10.196175611418933, 53.65148730319557], [10.19615551305669, 53.65145719301301], [10.196148987179788, 53.65142175156867], [10.196173804534167, 53.65136093557056], [10.196160158642643, 53.65129525427441], [10.19617209624671, 53.65124553356753], [10.196188415454948, 53.65120307715753], [10.19618517521176, 53.65118535620886], [10.196205974856607, 53.65116113870584], [10.19622019053463, 53.65114967049754], [10.196246748306176, 53.651128964096436], [10.196246055182284, 53.651084169723596], [10.19630145060072, 53.65098380207525], [10.196328347248453, 53.65094033205766], [10.196327981126325, 53.650908694348466], [10.196383350876562, 53.65087156470547], [10.196429512267605, 53.65078869202045], [10.196429859676122, 53.65073630050948], [10.196456914403173, 53.65070269883004], [10.19650301418989, 53.6506689607419], [10.196532949422682, 53.65059923032974], [10.196581783501426, 53.650518326431595], [10.196594502273877, 53.650460417851995], [10.196601668786114, 53.650429244193916], [10.196583587302554, 53.65040730292301], [10.196582698274549, 53.65038285266911], [10.19661643191332, 53.65033079264838], [10.196625352856083, 53.65027715585414], [10.196617224175982, 53.65020435407692], [10.196618519402852, 53.650159261164255], [10.196635730891122, 53.650106134778135], [10.196631336026885, 53.65002092677892], [10.196604063109875, 53.64995810539752], [10.196556957772243, 53.649902331867004], [10.196519135271902, 53.649851652211254], [10.196473013183544, 53.649815635690565], [10.19646803742775, 53.649792727443675], [10.196481221524188, 53.64976194310147], [10.196508151816616, 53.64973412259], [10.19653978246114, 53.64971146873022], [10.196556171638498, 53.64969235605883], [10.196593841542818, 53.649660706731176], [10.19662791232493, 53.64958156837905], [10.196651560443051, 53.649528143933956], [10.196628053505567, 53.649476485239646], [10.196633811585954, 53.649447941458405], [10.196646178904116, 53.64942946224871], [10.196680870243593, 53.64941285433875], [10.196830377657832, 53.64937527785636], [10.196937397058127, 53.64934078673469], [10.196971787205229, 53.64933064486163], [10.19703567932758, 53.6493258081658], [10.197114252494936, 53.64930993892306], [10.197132305865079, 53.64929190619025], [10.197183851469125, 53.64926248203488], [10.197187027269349, 53.6492277166722], [10.197222015437456, 53.64922106547817], [10.197284376260848, 53.6491840812186], [10.197300913609253, 53.64915045866746], [10.197317321408578, 53.649136829008704], [10.197342234954109, 53.64912757283785], [10.197393382927197, 53.64909907843665], [10.197435650553635, 53.649072749300764], [10.197457400998816, 53.64906239212539], [10.197453144610044, 53.649034451852295], [10.197444723521526, 53.6489711274724], [10.197433453530785, 53.648942349457194], [10.197287781650573, 53.64884875639497], [10.197258493267526, 53.648817336006026], [10.197234669708658, 53.648800441164475], [10.19722877927832, 53.648777299387454], [10.197192706409886, 53.64874725023875], [10.197193257192524, 53.648729841970905], [10.197194827282889, 53.64871103021037], [10.197206901014289, 53.64869181677395], [10.197232593270266, 53.648659855538575], [10.197279849884303, 53.648613646763984], [10.19730662366943, 53.6485814140138], [10.1973308474063, 53.648553161933854], [10.1973460344728, 53.64853543649116], [10.197431515578728, 53.64844037650405], [10.197723071735533, 53.64816640476703], [10.197919469155224, 53.647948756937524], [10.19797087974043, 53.64790397152415], [10.197997362633526, 53.64787165163188], [10.198039856545515, 53.64781386738604], [10.198075258338779, 53.64774873814818], [10.198103741014116, 53.64771705441711], [10.198166815786445, 53.647563942221495], [10.198193749352031, 53.647536858377315], [10.198300562767814, 53.647463823093496], [10.19834218799588, 53.64742611993615], [10.198402352336549, 53.64739236613764], [10.198509475981112, 53.6473468339955], [10.198587355807902, 53.6473002641681], [10.19867970635528, 53.64724809305687], [10.198715116003635, 53.6471982269159], [10.1987322907285, 53.647147671416924], [10.198756015680951, 53.64699735296199], [10.198807401339883, 53.64687975625443], [10.19882243646885, 53.64683004915527], [10.19882300806331, 53.64681606548464], [10.198837353370935, 53.646778842069004], [10.198852653618365, 53.6467251501682], [10.198823093328105, 53.64670493321137], [10.198755276065876, 53.646624576171206], [10.19823823825943, 53.64597475742034], [10.198110895763467, 53.645811793297085], [10.197980131932075, 53.64564978015732], [10.197854203157362, 53.64548645104207], [10.197592757153611, 53.64516245919971], [10.197336042036959, 53.64483710707193], [10.197217136811524, 53.64468977044508], [10.19719793077686, 53.64466597078358], [10.196522627683297, 53.64381358629222], [10.196382898194136, 53.6436438315732], [10.196162515822826, 53.64337220983989], [10.195909764303453, 53.643044477905455], [10.195687352985912, 53.64276829115999], [10.195670982195812, 53.64274733043769], [10.195545605389558, 53.64258684290904], [10.195369181998403, 53.64236990146337], [10.191770572425417, 53.639856643919906], [10.191726426975475, 53.639825819542786], [10.190662702865389, 53.63908702459388], [10.189793092475057, 53.63848302329961], [10.189643030284797, 53.63837879466771], [10.189915251158887, 53.638338002448855], [10.190848446671549, 53.63819815671111], [10.191144035435231, 53.63818209177432], [10.191132380331135, 53.63814958652976], [10.191528037962991, 53.63813289340803], [10.19236963726412, 53.63807562187936], [10.192551832466949, 53.63809781663348], [10.192645009767123, 53.6381091763411], [10.192962851831723, 53.63805146369214], [10.193657671853702, 53.6380270085496], [10.194338451473568, 53.637876087792804], [10.195367823018875, 53.63759453258556], [10.19568760131827, 53.63746168087678], [10.195902229861547, 53.63735251326216], [10.196600488286405, 53.63699735358706], [10.196674109785825, 53.63693880007456], [10.196765925478418, 53.63686577203234], [10.196956225427568, 53.63670419687803], [10.1975063574165, 53.63644188654471], [10.197842758053094, 53.63638377741231], [10.197964642405166, 53.63637331693161], [10.198152702432617, 53.63639446464484], [10.198251481893182, 53.636405575135946], [10.198317553729872, 53.636396688742806], [10.19868081952226, 53.63635634033331], [10.199089447507394, 53.63626542247424], [10.199553144190737, 53.636162247628754], [10.19956163616527, 53.63616035573008], [10.19968781648478, 53.63636209987228], [10.199745193118877, 53.63642950899408], [10.199806469164935, 53.63648348532053], [10.199864813941323, 53.636528501948966], [10.19987079116713, 53.63661760441279], [10.199895492761158, 53.63673972473094], [10.199906215997203, 53.63673650703026], [10.200670768073303, 53.63650698194156], [10.201002062695254, 53.63656636605899], [10.20140673268166, 53.6366534991474], [10.201819225523323, 53.63679176295446], [10.202392534735077, 53.63685454705528], [10.202915302385314, 53.63676761129696], [10.20319913890874, 53.636739292648286], [10.203738787773291, 53.63668545207743], [10.204429291857197, 53.63656887582344], [10.205481347779314, 53.636596722751385], [10.206458609751014, 53.63652063674375], [10.207852509047735, 53.63633241677155], [10.208137440826178, 53.63638921968171], [10.208378806698692, 53.636437337823686], [10.20853976105462, 53.6364809907838], [10.208866137391036, 53.63656951839732], [10.209230619811736, 53.63666242438593], [10.21007574634351, 53.63666572254338], [10.212942299861298, 53.635944021952746], [10.213150656603318, 53.635902727151354], [10.213529236169014, 53.63580265280299], [10.213550946052683, 53.63583235729902], [10.215183909802944, 53.6354060333268], [10.215468584988473, 53.63533171588448], [10.215950810986564, 53.63520874687631], [10.21640291215121, 53.63508967767163], [10.216690680837157, 53.63501315949694], [10.217543161435293, 53.634788151500004], [10.217775958941107, 53.6347267071754], [10.21864959158277, 53.6345039480328], [10.221957022126524, 53.633648547301966], [10.221197424228185, 53.63326675782462], [10.22107233233548, 53.633203878965084], [10.219753358618991, 53.632540899152524], [10.219307489646528, 53.63231677782364], [10.218678062163017, 53.631992677667874], [10.218557354353594, 53.631930524625616], [10.217068883812969, 53.63116406874252], [10.216954095384853, 53.63139309989059], [10.216294585031799, 53.63128652308952], [10.216172436235812, 53.63126557023454], [10.216292361574556, 53.63102624010692], [10.216344476231813, 53.63093002184085], [10.216363130964305, 53.63089559288809], [10.216389098407213, 53.63084515198993], [10.216783021194244, 53.63007969261033], [10.216849403852393, 53.629950689719806], [10.216771547266763, 53.62990376720351], [10.216770278569413, 53.629818150168894], [10.216688459721913, 53.6295867131684], [10.21661314312027, 53.629327892213944], [10.216537290863547, 53.629150301942595], [10.216569953110378, 53.629029830958814], [10.216490773821267, 53.62896261538287], [10.216525358123356, 53.62866187590634], [10.21656390702257, 53.628514746402956], [10.216689870789075, 53.62837894447795], [10.216835826474151, 53.628267883858854], [10.216863543588, 53.62824679235551], [10.216873454047343, 53.628150274749316], [10.216929552589153, 53.62809282150813], [10.217216879390795, 53.62793327413117], [10.21730212742081, 53.627869861145314], [10.217457695728655, 53.62769727960065], [10.217479414555045, 53.62748517709171], [10.217484754156343, 53.62745528802262], [10.217537770468638, 53.62738538000245], [10.217613072242717, 53.6273389674295], [10.217949175642177, 53.6272466727195], [10.218107981608323, 53.62719140080154], [10.218116779036198, 53.62717657816488], [10.217946962425577, 53.62668671146973], [10.217841913851293, 53.626382178596174], [10.21747937527179, 53.62614162458063], [10.21748228239404, 53.62613702855575], [10.217475422806842, 53.626135120734084], [10.21710807194407, 53.62603301943948], [10.216921351474147, 53.625981486954416], [10.216760286766538, 53.625947626580164], [10.216617045236282, 53.62575429830498], [10.216388029371942, 53.62556595861496], [10.216159009756254, 53.62543316206122], [10.215957798592216, 53.62539027899698], [10.215819301526022, 53.6253523407634], [10.215389515005182, 53.62524353336488], [10.215248470795318, 53.62519953473232], [10.215082115256797, 53.62514241714995], [10.214738655867759, 53.625021386770776], [10.214086289859974, 53.62479812831095], [10.21354274719179, 53.624543991137294], [10.21336468515753, 53.62444653902081], [10.213296271989789, 53.62440994586281], [10.213070290924273, 53.624294488535526], [10.213005617379455, 53.62426700819317], [10.212763971573876, 53.62412408560986], [10.212665758747749, 53.624088099676264], [10.212643602583496, 53.624078984508465], [10.212658881208846, 53.624071305846385], [10.212601502433818, 53.62404139623757], [10.21258565737367, 53.62404935929263], [10.212544890318737, 53.62403453582365], [10.212364755327762, 53.62384191786881], [10.212211576765132, 53.62372034598287], [10.212126939606279, 53.62364833770536], [10.21206554069378, 53.62365276189543], [10.212026105017621, 53.623702852890474], [10.211957552791516, 53.62376581443729], [10.211927576791458, 53.62378087804471], [10.211875684463404, 53.62374821581128], [10.21184998729109, 53.62374057460484], [10.211796329063842, 53.6237322996116], [10.211748624405779, 53.62370752329189], [10.211711454480994, 53.62367098146274], [10.211670695517006, 53.62360099163632], [10.211619006072128, 53.62357645336637], [10.21154811224233, 53.62350752364429], [10.211550435360037, 53.62350047066772], [10.211626469014709, 53.62343580659112], [10.211633115301776, 53.62342659741354], [10.21163046253421, 53.62340736067126], [10.211612079690463, 53.62340485004471], [10.211558132932085, 53.62337909410754], [10.211534580044596, 53.62334864381104], [10.211537122591801, 53.6233191608596], [10.21141553337069, 53.62321284626434], [10.211275087621875, 53.6231207183838], [10.211190864037171, 53.6230514379448], [10.211091372877307, 53.62301450183561], [10.211065717097837, 53.62298187939133], [10.211019159104845, 53.62299499812965], [10.210893376469793, 53.62301149828794], [10.210808811351626, 53.62306707036184], [10.210426440718438, 53.623268167446504], [10.209864912701917, 53.62359435068699], [10.209549451315217, 53.623756124483094], [10.209401988529072, 53.62382570691882], [10.209200538603728, 53.62389032431762], [10.20903965895469, 53.62393967260524], [10.208750493790221, 53.62403078516551], [10.208674363580252, 53.624053631178036], [10.208357197076044, 53.62415705293606], [10.208056506602235, 53.62425821308987], [10.207930567315096, 53.62430169689136], [10.207876199610691, 53.62432046643825], [10.20786251118734, 53.6243473291001], [10.20782014163604, 53.62435100173801], [10.207776628578705, 53.624342164119476], [10.207702173060564, 53.62431301777942], [10.207649366057094, 53.624350441781765], [10.207630390988774, 53.624343082418605], [10.207498743207978, 53.62420622162842], [10.207441266267738, 53.624157918906064], [10.207363012911035, 53.62408787442584], [10.20725341980795, 53.62406198573423], [10.207087129615024, 53.624053244625344], [10.207046836028159, 53.62402421177976], [10.207027330040773, 53.623984461052544], [10.20696743866038, 53.62393629931227], [10.206899022164619, 53.62390413417049], [10.206799888496196, 53.623838326984085], [10.20673393668089, 53.62381622263841], [10.206697458700015, 53.62381332738934], [10.206603591289435, 53.62385896742142], [10.206512680176473, 53.62385346570283], [10.206507127469205, 53.62382153855254], [10.206529421781912, 53.62378889920861], [10.206502267389086, 53.623756111129815], [10.206479239733289, 53.62371956895812], [10.206405540664253, 53.6236840049824], [10.206316134373703, 53.62367505412157], [10.206257342364022, 53.62366699019686], [10.206205888931436, 53.62365963433381], [10.20607997470134, 53.62364778818963], [10.206057975449628, 53.6236472997391], [10.205950035507733, 53.62367084209663], [10.205854649473153, 53.62365421155096], [10.205795157478555, 53.62368046574582], [10.205695171127834, 53.623766617539395], [10.205681619738172, 53.62377074520191], [10.205532164575517, 53.62379186483886], [10.20546062666395, 53.62372228184195], [10.205448986714545, 53.62365234723066], [10.20548201476544, 53.62362226973038], [10.205535661228751, 53.62357341311693], [10.205573997265198, 53.62345953991604], [10.205643154706298, 53.62307479408589], [10.205817646102657, 53.62213654538859], [10.205836192255557, 53.62200849791837], [10.20583710101137, 53.62200218742018], [10.205832874756572, 53.62194038515766], [10.205812277819936, 53.621639503565085], [10.205819207145424, 53.62151659802014], [10.205829683617607, 53.62147570003769], [10.205532805439567, 53.621405106206005], [10.205468324938611, 53.621371866866795], [10.204881745276742, 53.621069520190694], [10.204511887840825, 53.62087887231117], [10.20171971837144, 53.62016227702923], [10.201212374400596, 53.61980392395243], [10.201198380692226, 53.619794041585806], [10.201185389870341, 53.61978486827796], [10.201168372166237, 53.619772849891476], [10.20083661251345, 53.61953850799487], [10.200817265229908, 53.61952484096532], [10.199205732555733, 53.61838649679274], [10.198631837348453, 53.61813337860287], [10.198478698839626, 53.6180623164892], [10.197346153684908, 53.61754954467999], [10.194385908967288, 53.61618856005637], [10.193795960669089, 53.615888943751635], [10.193250697903638, 53.61563075911329], [10.192695254517146, 53.6154134029602], [10.192439012061177, 53.61531313042736], [10.192418314228277, 53.615329157426295], [10.191989099821615, 53.61505937442987], [10.190921960750781, 53.6143832964681], [10.190504832743372, 53.61411901507498], [10.188849117130166, 53.6130597523889], [10.189198676140888, 53.61267456728183], [10.190231967208009, 53.61152151368398], [10.190299810778079, 53.611445807077544], [10.190752132107114, 53.61086451407952], [10.1907921483885, 53.61081309389199], [10.190931761760982, 53.61061926637992], [10.191022654367528, 53.61049307202005], [10.1914268765809, 53.60988882046886], [10.191815102364751, 53.609406663636435], [10.192039397970374, 53.609469888059], [10.192164298947857, 53.609508582305686], [10.192565416446971, 53.60962542578767], [10.19310203134756, 53.60978405568307], [10.19312045273594, 53.60978925647769], [10.193516675797373, 53.60989851385798], [10.19357310056875, 53.609798756571614], [10.193605184801347, 53.60975190906978], [10.193614708536067, 53.60973800684675], [10.193658159736724, 53.60967455098491], [10.193754120591654, 53.609534406808685], [10.193864849879004, 53.609375552756795], [10.194424034418962, 53.608573360116466], [10.19447277228825, 53.608503432961605], [10.194481995887541, 53.608490162895954], [10.195265104082283, 53.60736273485121], [10.195229267487163, 53.606522963698396], [10.195225802199355, 53.606441997637766], [10.195224126553851, 53.606402462386534], [10.195192258664106, 53.60565553571952], [10.195183217332554, 53.605443995892706], [10.195182943975267, 53.60543752647851], [10.195180173336968, 53.60537259000101], [10.195195233361165, 53.60532464459083], [10.195203845114927, 53.60529723174242], [10.195199862326037, 53.60528732060083], [10.195164392492666, 53.60519909638272], [10.195164141886522, 53.605191826712016], [10.19516293531616, 53.60515605319608], [10.19517793877332, 53.605102894678886], [10.195185261697763, 53.60507694194705], [10.195215886817156, 53.60482873492541], [10.195215984625579, 53.60482684623946], [10.19521943543547, 53.604756364269036], [10.195242571463552, 53.60458604160058], [10.195248645951136, 53.60453889606674], [10.195262986802781, 53.604474058332336], [10.195283139075572, 53.60436881950427], [10.195294977861375, 53.60424749233943], [10.195326107346391, 53.60419434350126], [10.19540427444424, 53.60407872699263], [10.19549034597252, 53.603927272849994], [10.195583266253232, 53.60375130886747], [10.195589973822146, 53.60373355131455], [10.19567942773281, 53.60349696348433], [10.195793997956022, 53.6031827644429], [10.195920436578591, 53.60287734585365], [10.19625545190199, 53.60207039897658], [10.196468804094014, 53.60152940548035], [10.196477839160838, 53.60151060882701], [10.196748135102458, 53.600637824060406], [10.196845346376916, 53.6003382428944]], [[10.116829993889189, 53.7138552481839], [10.116919230733533, 53.71385304099644], [10.116827303476665, 53.713913278368864], [10.116920684219481, 53.71404003166237], [10.116972071950277, 53.71407394395397], [10.116966979759297, 53.7141373988367], [10.116938293998333, 53.714161369891286], [10.116914233558669, 53.71418147755408], [10.116873810607775, 53.71419253315755], [10.116827159447197, 53.71420529176699], [10.116678834333296, 53.714226710505926], [10.116580817005492, 53.71423211847714], [10.116489584091992, 53.71428715355017], [10.116422828134215, 53.71432578951192], [10.116303612762854, 53.714394766232154], [10.11627540423806, 53.71443506543191], [10.116237398113675, 53.7144893436928], [10.116135222032122, 53.7145700717214], [10.116119236696571, 53.7145827061629], [10.116044734405717, 53.71462526130328], [10.115997996754665, 53.71465195311958], [10.115825929952141, 53.71472051377273], [10.115633896304711, 53.71474576302949], [10.115502490414638, 53.71470860417218], [10.115375491368825, 53.71467591655102], [10.115362303551729, 53.714605863323996], [10.115386986754915, 53.71451818993588], [10.115445464132092, 53.714432925535334], [10.115470626285369, 53.71441032699002], [10.115738761774582, 53.71413677122335], [10.115880934193946, 53.71401398967495], [10.116024129115779, 53.71391326607328], [10.11612711719698, 53.713834642941976], [10.116128637614652, 53.713824534289984], [10.116313633590767, 53.713855853754986], [10.116486963702087, 53.71390096269317], [10.116765046093162, 53.71385685136782], [10.116829993889189, 53.7138552481839]]]]}, "properties": {"city_code": "HH", "area_code": "5", "area_name": "Wandsbek"}}, {"type": "Feature", "geometry": {"type": "MultiPolygon", "coordinates": [[[[10.20656284077805, 53.397594030439755], [10.205582981033718, 53.39778297052705], [10.204295037082733, 53.398030421134976], [10.20387821464077, 53.39810586575434], [10.203485709083328, 53.3981705731742], [10.203100141176964, 53.39823173049249], [10.202570827401065, 53.398305076817856], [10.202154929369309, 53.39835962371317], [10.20163450986012, 53.39841565263498], [10.201213685869412, 53.39845772358933], [10.200628106180469, 53.39850460522072], [10.200162434112528, 53.39853669574426], [10.199642954612173, 53.39856321231249], [10.199197464798159, 53.39858136048659], [10.198372934185615, 53.398599473573874], [10.197705962298565, 53.39859753631517], [10.197188442058046, 53.39858837061328], [10.196721558504665, 53.39857365208972], [10.196209658957404, 53.398549827039915], [10.195702250751875, 53.398518799264124], [10.195241472079028, 53.39848358093721], [10.19458834937732, 53.398424530859685], [10.19386449811565, 53.39834202998676], [10.193366760289388, 53.39827642130227], [10.192780521800245, 53.39819023705536], [10.192262243406699, 53.39810476467095], [10.18845872661156, 53.397454566221086], [10.187017901855537, 53.39720864800053], [10.18591023258243, 53.39701957867998], [10.1854158274428, 53.396939206210185], [10.184855792880638, 53.39685408040417], [10.18411105005122, 53.39675362328288], [10.183308966689461, 53.396661955130426], [10.182629640037824, 53.39659785870173], [10.18214890508802, 53.396559911038715], [10.181715178549998, 53.3965298473109], [10.181136021320214, 53.3964939663932], [10.180799078584329, 53.396477513618485], [10.180136444195186, 53.39645332157785], [10.179533252780109, 53.39644507007967], [10.17915104117323, 53.396445483471396], [10.178742821189347, 53.396451177479285], [10.178367680382765, 53.39646092144139], [10.177955302137804, 53.39647725226985], [10.177571765756204, 53.396496695192845], [10.17718100452228, 53.39652248270102], [10.176633483981744, 53.396564151964945], [10.176199587186705, 53.39660193966699], [10.175307289963918, 53.396695478588946], [10.174674677308928, 53.3967762082662], [10.174434626686871, 53.3968079740436], [10.174112751991656, 53.396855906856516], [10.17358156574957, 53.39693612766756], [10.173077423476725, 53.397025240562336], [10.172553757949105, 53.39712751471555], [10.172271812187399, 53.39718372514032], [10.171905597845896, 53.397261356702934], [10.171571636727156, 53.39733600979756], [10.17121503148169, 53.39741860595202], [10.170709478560804, 53.39754328456937], [10.169944115647331, 53.39774413009385], [10.169119223133045, 53.39798200548049], [10.168568127172483, 53.39815378470355], [10.16810012002176, 53.39830723721138], [10.167727650312653, 53.398435536173054], [10.16728879685111, 53.398593239959524], [10.166885552175339, 53.39874529038341], [10.166649313770181, 53.398834553059764], [10.16634490036838, 53.39895261796366], [10.165914562036969, 53.399128931328534], [10.165637834792529, 53.39924534867407], [10.165160763155999, 53.399457614503476], [10.164843963295933, 53.39960324091952], [10.163361671146133, 53.40031154553899], [10.162735551553833, 53.400620504911814], [10.162329362668164, 53.40082641465041], [10.161175824481441, 53.40142856273406], [10.160470502890153, 53.40181415038212], [10.159935084267909, 53.4021108057497], [10.15885915487142, 53.40273397623492], [10.158459524519913, 53.40297564045627], [10.157812269989401, 53.403372622506005], [10.157200570975473, 53.403765435913336], [10.156648510259169, 53.40412851597096], [10.155665147604877, 53.40479336981065], [10.154851393470382, 53.40538875946861], [10.154462246675505, 53.405683228855416], [10.153939347034864, 53.40609948271367], [10.153066659834312, 53.406828768231854], [10.152664814006004, 53.40718474239324], [10.152239808922845, 53.40757800166583], [10.151663462046448, 53.40813861729189], [10.151338446884342, 53.40846875654545], [10.151021730420858, 53.40880444220426], [10.150828204490528, 53.40901966032661], [10.150640847072145, 53.40923440517012], [10.150405307399595, 53.409511289709116], [10.150229789270927, 53.40972170381503], [10.150031310255772, 53.40996330702811], [10.14940497769878, 53.41073796114449], [10.14907711815986, 53.41114534863901], [10.148760003762611, 53.41154693257753], [10.14850868612746, 53.411865109094606], [10.147496317637385, 53.413170068522405], [10.146867602772476, 53.41398207306052], [10.146452927200972, 53.41451882496503], [10.145942362371255, 53.41515786809469], [10.145567308646728, 53.41559653160185], [10.145206543053774, 53.41598428518144], [10.144824613970743, 53.416379279141154], [10.14412167748619, 53.417035368035734], [10.143904989875962, 53.41722450249525], [10.14345295448853, 53.4176135832227], [10.143147666066566, 53.417858399390724], [10.14292382646246, 53.41803028705355], [10.142237035550783, 53.41856885445896], [10.14130784622227, 53.419267892516125], [10.140364174076979, 53.419963879213505], [10.139744037806484, 53.42042117925074], [10.139410276742879, 53.42066298519568], [10.13903908784564, 53.4209172287882], [10.138773381902812, 53.421089148173074], [10.13839874449007, 53.421314288275354], [10.137991636502353, 53.4215442492185], [10.137599495402828, 53.42174819496782], [10.137223197617095, 53.42193468413618], [10.136829135304396, 53.42211257663313], [10.136486930027182, 53.42225667797272], [10.136067070246604, 53.42242168004224], [10.135715762734062, 53.422546862349805], [10.135393568985288, 53.42265777049402], [10.134994338999785, 53.42278682217814], [10.13458546955712, 53.42290888052468], [10.134257178491925, 53.42300068730447], [10.133874056402046, 53.423103036829524], [10.13339171214973, 53.423218372446854], [10.133177288981752, 53.42326698070412], [10.132871138694613, 53.423330257280774], [10.132426139929935, 53.42341721508184], [10.132211718008007, 53.42345688622377], [10.131969321232631, 53.42349664234742], [10.131423648000618, 53.423579984003226], [10.131227799227245, 53.42360789920304], [10.130986792578895, 53.423637158640126], [10.130506362331724, 53.423690716954226], [10.13025770622651, 53.4237158762924], [10.129985495532845, 53.423736421737594], [10.129553007111605, 53.423764873952216], [10.129277018693314, 53.42378032062319], [10.12901434746787, 53.4237854918529], [10.12872959198646, 53.42378813848115], [10.128482526101896, 53.423790437297605], [10.128099654709121, 53.42379048567527], [10.127568148011013, 53.4237857156411], [10.125859582435728, 53.423739439861414], [10.124528054246527, 53.423696619737946], [10.123999081380006, 53.423689140147715], [10.123024752890341, 53.42368454339799], [10.122272830656136, 53.42369617811454], [10.121526125420079, 53.42372764340185], [10.120615533111822, 53.42377635516236], [10.120036545974937, 53.42382765875643], [10.119445077400501, 53.423885108338276], [10.119043855783607, 53.42392682117292], [10.11856116317926, 53.42398373251624], [10.118016948244925, 53.42406076953394], [10.11739236704453, 53.42415445803776], [10.117107503504563, 53.42420016357005], [10.11685117857267, 53.4242454936729], [10.116523001078525, 53.424311873673744], [10.116138133461307, 53.42439272495209], [10.115692708445849, 53.42448924270055], [10.11511243697957, 53.42461972089666], [10.114659346426073, 53.424725421466846], [10.114294901663412, 53.42481289003044], [10.113749836141029, 53.42494789628288], [10.11292883903201, 53.42518474020547], [10.1123648320701, 53.425347432764646], [10.111586917572206, 53.425579452377725], [10.111238624521578, 53.42568832648135], [10.110930257244311, 53.42578737147149], [10.110614757619187, 53.42589691852753], [10.110287916422907, 53.42601831915539], [10.109827157492665, 53.42620158702753], [10.109442484691332, 53.42636503515231], [10.109401147253685, 53.42638259763469], [10.109077428669737, 53.42653576994141], [10.108594880813245, 53.426772245052334], [10.108262846151643, 53.42694036954667], [10.107938387691028, 53.427112288206644], [10.107559200125069, 53.42733332746438], [10.107104815522213, 53.42761056229278], [10.106894673037031, 53.42775002782992], [10.106329718923531, 53.428146780827326], [10.105934712158232, 53.42843746634139], [10.105621175342737, 53.428702765789765], [10.105348231714574, 53.42894152996069], [10.105090917734662, 53.42917369458261], [10.10474445435302, 53.42951508476821], [10.104345861970623, 53.42994821489063], [10.104206441327392, 53.43012192692842], [10.103556103420434, 53.43097540895093], [10.09888537297435, 53.43760108457479], [10.097889772765459, 53.43901311891058], [10.097638509293278, 53.43936945136852], [10.097278725047781, 53.43983504659809], [10.097073357476356, 53.44010089297766], [10.09664659874603, 53.440643806461644], [10.09598682610349, 53.44144806112876], [10.095628201023697, 53.44186879314972], [10.095438327513747, 53.442086312133455], [10.095278371838367, 53.44224251059064], [10.094479255581518, 53.44299897982608], [10.09362549409742, 53.44377157607228], [10.092804119717378, 53.44448436101535], [10.092657384471792, 53.44460727361556], [10.092184506306538, 53.44497624609932], [10.08964058792358, 53.44693307797394], [10.089298777384732, 53.44719599280201], [10.089166199910553, 53.44729860905527], [10.084552293647045, 53.450869105566255], [10.084320272272064, 53.451040820193214], [10.083972046940893, 53.45129034767426], [10.083596232864407, 53.45155421943924], [10.083336270922784, 53.45172659903525], [10.082562949835046, 53.45219622082486], [10.082001939604588, 53.4525190267555], [10.081713780624614, 53.45267270886665], [10.081516863869284, 53.45277178187733], [10.081110939723777, 53.45296893963919], [10.080891382942038, 53.45307443700999], [10.080549964060927, 53.4532346119059], [10.080164074479052, 53.45339967351184], [10.079836938260378, 53.45353416988234], [10.079445894474222, 53.45369276754078], [10.078989015573196, 53.45387077291799], [10.07412825894194, 53.455212012159514], [10.072819047943334, 53.45603576981264], [10.071861869922808, 53.456628739655045], [10.070508128301325, 53.45746634573587], [10.069941112388712, 53.45783279941621], [10.06947065446978, 53.458155831227145], [10.069103476722264, 53.45841450029317], [10.068715841948665, 53.45870320428687], [10.068477968805086, 53.4588878213424], [10.068085789235994, 53.459203423569484], [10.06769275937591, 53.45955140212688], [10.067300866168685, 53.459901715369156], [10.067141521779002, 53.46005238614042], [10.066825036612315, 53.46036966314614], [10.066690579637301, 53.46051523892912], [10.066109558241097, 53.46115826129243], [10.065551104678317, 53.46186403402945], [10.06508674120039, 53.46259368647489], [10.064719311042287, 53.46334275878913], [10.064568006186473, 53.46373375188452], [10.064426826768466, 53.4640912417795], [10.064301909441003, 53.46441242316783], [10.064236282456063, 53.464577662460506], [10.063174565876011, 53.46726301142891], [10.063054320540843, 53.467591637680115], [10.062955474458862, 53.46789167663293], [10.062926385377452, 53.4679936298815], [10.062853479719648, 53.468238801792246], [10.062773326949184, 53.46856116517167], [10.062739850932795, 53.46871550130687], [10.062696355325489, 53.46893734530018], [10.062666110430868, 53.469095607900194], [10.062643188641934, 53.469240663198846], [10.062603499850693, 53.469512417093085], [10.062464608744492, 53.47087859408494], [10.062412744839378, 53.47223678753957], [10.062365940652537, 53.472614110267806], [10.062291813020796, 53.473048478370636], [10.06218888436845, 53.473570665823225], [10.062130132612232, 53.47381600784256], [10.062035161018201, 53.47414229551146], [10.061980430654078, 53.47431703678474], [10.061884757069313, 53.474614088802824], [10.061781075359802, 53.474913917617485], [10.061699787195904, 53.47513727435639], [10.061562462684448, 53.475494680759965], [10.061451403420671, 53.47576834440654], [10.06135419639754, 53.47599275017047], [10.061285093345232, 53.47614120856483], [10.061097046337693, 53.47651805889797], [10.06096287480575, 53.47677391297998], [10.060667862232442, 53.47733480330408], [10.060535814817575, 53.47758117241975], [10.06048011545501, 53.477680610338815], [10.060333089644155, 53.47791315197516], [10.060227952308729, 53.47807495469551], [10.060130751008163, 53.47821300948583], [10.06004108862513, 53.47833253359886], [10.059952758836948, 53.478448108571904], [10.0598634259108, 53.47856396204701], [10.059778194835722, 53.478670286530864], [10.059676673196556, 53.47878444113197], [10.059584500687794, 53.47888919998665], [10.059516939154328, 53.478962062798246], [10.059418549584537, 53.479065294549336], [10.05931759310583, 53.479169546765675], [10.059180077835922, 53.479298564427985], [10.059067143172951, 53.47940534965986], [10.058918067406005, 53.47953795725168], [10.058795813198582, 53.4796445191673], [10.058685566733438, 53.47974011568462], [10.058596920226849, 53.4798117534498], [10.058486668068502, 53.479901102369766], [10.058384590273823, 53.479979241233764], [10.058157222748033, 53.48014746405524], [10.057925657491547, 53.48031844730518], [10.057284826739302, 53.48077149948738], [10.056874057531992, 53.481065967785135], [10.056699488270514, 53.4811901594108], [10.056591106103628, 53.48126470285316], [10.056285079332438, 53.48149191205446], [10.056193795760795, 53.48156082960531], [10.056125290618358, 53.481612484387384], [10.056046509393049, 53.481672095438284], [10.055950713890892, 53.481746868645246], [10.055832674118472, 53.4818422436593], [10.055735044489, 53.48192268706385], [10.055618589169484, 53.4820212210299], [10.05551956313007, 53.4821085802492], [10.055373225180414, 53.48224241757675], [10.05514343444697, 53.48245423526557], [10.054947952018226, 53.482640373297], [10.054751056387117, 53.48283036183214], [10.054546785912017, 53.48303235268555], [10.054374634915103, 53.48320604065001], [10.054252666660169, 53.48333352196119], [10.05410543297398, 53.4834905216021], [10.053952702731902, 53.483658068842644], [10.053659190376747, 53.48398954261541], [10.053357355672738, 53.48434418207979], [10.05308346914472, 53.48469199442439], [10.052968217225432, 53.48484392855417], [10.052883257410617, 53.48496483487076], [10.052806597158922, 53.48507888121116], [10.052755184019329, 53.48516263644137], [10.05265695161867, 53.48532275325333], [10.052607785256491, 53.48540901457165], [10.052497672435326, 53.48561770529645], [10.052414229959926, 53.48578723809831], [10.052370439321132, 53.48588613563836], [10.052332941958662, 53.485970163652276], [10.05231204142093, 53.486020839654245], [10.052293024933261, 53.48606604265845], [10.052275030086637, 53.48611050854391], [10.05225984241089, 53.48614904384881], [10.05223241736367, 53.4862180521902], [10.052220935811096, 53.486252878302956], [10.052204977688701, 53.48629987016867], [10.05218942502923, 53.486341932416735], [10.05217453778307, 53.48638165162935], [10.052158609699326, 53.48642864322304], [10.052140657943074, 53.48648704186202], [10.052125579278545, 53.48653790927779], [10.052065381267845, 53.48672905378803], [10.051976407283629, 53.48703212355152], [10.051905518240785, 53.48731143758159], [10.051851814790739, 53.48754463887125], [10.05181747338036, 53.48770697919564], [10.051738444512248, 53.488225763255016], [10.051669032902554, 53.48868130495768], [10.051350879291736, 53.490645181323714], [10.051240416362244, 53.49134880600072], [10.051062691179496, 53.49282655409936], [10.051047104772836, 53.492999668863035], [10.051030781623126, 53.49323260372067], [10.05101500000042, 53.49359412319813], [10.051013566086619, 53.49389335670869], [10.051021118685517, 53.494231694760835], [10.051036464891139, 53.49453955406471], [10.05106425584592, 53.4948715116162], [10.051097924000638, 53.49514668712469], [10.051134913325122, 53.49538607468769], [10.051176125957818, 53.49560664681847], [10.051231821154298, 53.495847137288365], [10.051321613665001, 53.49618379903497], [10.051412553637471, 53.49647903773988], [10.05149975807031, 53.49671463946441], [10.051672483301648, 53.49712438993549], [10.051811121810376, 53.49743040905401], [10.051973162391581, 53.49777003909783], [10.052150358776668, 53.49811340981235], [10.052315182169627, 53.49841178180394], [10.052727712219076, 53.499109695746256], [10.052982887413302, 53.49952276315703], [10.05330668412176, 53.500018113958006], [10.053947016238796, 53.50095341409249], [10.054253083379782, 53.50138712746347], [10.054704051384357, 53.50200994200097], [10.05624554705117, 53.50409046110241], [10.057392705456824, 53.50561822995192], [10.057736042654591, 53.50611318905024], [10.058092497278853, 53.50664350206966], [10.059671411231934, 53.50628909816017], [10.059889372305003, 53.50563622258017], [10.06019480287773, 53.50499592972768], [10.060585715648152, 53.50437237751128], [10.06105956852648, 53.50376961494944], [10.061613281228418, 53.50319155589386], [10.062243255351431, 53.502641953634566], [10.062945397801746, 53.502124376550704], [10.063715147418463, 53.50164218496482], [10.064547504620865, 53.5011985093499], [10.065437063885684, 53.50079623002994], [10.066088073705581, 53.500533124185694], [10.066762365610746, 53.50029176606572], [10.067457898102766, 53.500072886270246], [10.067786989029106, 53.50058002584334], [10.067789733878104, 53.50058426216862], [10.068202682454253, 53.50122066116074], [10.068224671625268, 53.50125453343419], [10.068403161815226, 53.50152960546138], [10.068430437173125, 53.50157162852896], [10.068455673706776, 53.50161051463188], [10.068499183064368, 53.501677562121095], [10.070412484445834, 53.504626594007085], [10.070472741812795, 53.50478839794659], [10.070403471274854, 53.5049504988566], [10.070480164650505, 53.50496450927721], [10.070725181442182, 53.50500929195982], [10.070328195179565, 53.5058618371712], [10.07000265226708, 53.50672507586513], [10.06974935910195, 53.50759688134856], [10.06971154633701, 53.507754323785186], [10.069676087865524, 53.507911960791766], [10.069642986528017, 53.508069779856925], [10.069612408175217, 53.50822696595509], [10.069584169740816, 53.5083843075524], [10.069558273472484, 53.50854179227005], [10.069555045739321, 53.508562457376875], [10.069551861607456, 53.50858312488728], [10.069548721081999, 53.50860379476862], [10.069546459761636, 53.50861879086825], [10.069543311385095, 53.508639880535846], [10.069554848118003, 53.50863812331668], [10.069601500715338, 53.50891408524468], [10.069509523066898, 53.50892814915982], [10.069501266438754, 53.50899849993427], [10.069495245836535, 53.50904985467993], [10.069490577087763, 53.509089619349865], [10.069468219698205, 53.50928030770827], [10.06946164274966, 53.50938503580104], [10.06945909284505, 53.50942570739003], [10.069440652362612, 53.50971927705846], [10.06944056455978, 53.509720581265505], [10.069418333021593, 53.5105158582585], [10.06940048534733, 53.510896491106024], [10.069408984673869, 53.51089685553917], [10.069536276327065, 53.51090223384658], [10.069547568258848, 53.51090270812136], [10.069639510498376, 53.510921203081416], [10.069898301694701, 53.51097328031815], [10.069984242116098, 53.51099057025395], [10.070158038291684, 53.51100000822412], [10.070903025337055, 53.511040412689226], [10.07318859827371, 53.511164353017556], [10.073147563356853, 53.51155067539518], [10.073066486665368, 53.51193474268497], [10.072945678110434, 53.51231508168697], [10.072743677294085, 53.51277777859177], [10.072485639969651, 53.51323047039149], [10.072172936711718, 53.51367074949049], [10.071807228977407, 53.51409627423483], [10.071390460300792, 53.51450478137319], [10.069785475589594, 53.51595615314045], [10.068948803382746, 53.51669620421687], [10.068099098470189, 53.51746493303376], [10.066827975643848, 53.518617727683655], [10.066365411308432, 53.51904293081242], [10.065666829723066, 53.519674252642], [10.065849383646771, 53.52157490658551], [10.065181244290514, 53.52376671164354], [10.065044011502556, 53.524219240434526], [10.064426240812242, 53.5247108898402], [10.066054293950485, 53.525430936867345], [10.066075886828955, 53.525439652391675], [10.066098658859211, 53.525447227707474], [10.066122440909878, 53.52545360655151], [10.066147056347722, 53.52545874154696], [10.066172322349578, 53.525462594555286], [10.06619805126024, 53.525465136959454], [10.06622405198627, 53.52546634987658], [10.066250131415332, 53.52546622429812], [10.06627609585053, 53.52546476115677], [10.066301752449082, 53.52546197131955], [10.066326910654663, 53.52545787550715], [10.066351383612739, 53.52545250413993], [10.067954408749378, 53.525052878883365], [10.067906785548532, 53.52498454670556], [10.06793533028254, 53.524984687262986], [10.068025820563323, 53.524982656439235], [10.068119025245782, 53.5249757921338], [10.068212780511004, 53.524971026283644], [10.068303869597099, 53.52496581675013], [10.068764128672505, 53.524851155492605], [10.068699897173916, 53.524691795730156], [10.068664375705703, 53.52463801688257], [10.068531186156363, 53.52457974445349], [10.068555838826507, 53.524542731773124], [10.068563353515925, 53.524531437235545], [10.068582424021763, 53.52450278934937], [10.068638356388714, 53.52441877178091], [10.068683315030961, 53.524351266355424], [10.068606531283438, 53.52436080691593], [10.068530063083166, 53.52437029966142], [10.06836798813975, 53.52434444817393], [10.068218469911155, 53.524299643142534], [10.0681415997203, 53.52422120793513], [10.06932951723036, 53.52348372214597], [10.069395314039253, 53.52344289845858], [10.069919285788325, 53.52311751568983], [10.06994382160575, 53.523102284329184], [10.071135751773486, 53.5223624880302], [10.071716582528385, 53.52200197077588], [10.072903637083968, 53.52126505870644], [10.074535300089869, 53.52025214709021], [10.077245403192963, 53.518569582842815], [10.079673374338205, 53.5170620321593], [10.080944754159436, 53.5162725266027], [10.081216149131908, 53.516103980508696], [10.082019513716642, 53.51560509731854], [10.083095174530664, 53.51493706570224], [10.083680642027362, 53.51457348063351], [10.08438257267897, 53.51413781323503], [10.08613025560062, 53.51305304195234], [10.087007260884612, 53.51250859070323], [10.087034703906864, 53.51249959474355], [10.087135995500553, 53.512426886483645], [10.087207595433892, 53.51237549171696], [10.087498124657891, 53.512174000652756], [10.087622013741138, 53.51209513559565], [10.087777160348535, 53.51200374279531], [10.088144128246055, 53.51178755848189], [10.088239624512399, 53.511731298184024], [10.088472636121326, 53.51161781946233], [10.088693373518966, 53.51151032196351], [10.08876027240516, 53.511478043988305], [10.088774087684168, 53.51148869612685], [10.088995447118334, 53.51138669374332], [10.088981839898613, 53.51137592287609], [10.08904991243783, 53.51134532400101], [10.089043094210925, 53.511339956682065], [10.089267215678838, 53.51112813540098], [10.089376623632687, 53.51106052897903], [10.089570232448999, 53.510940916993704], [10.089976176452081, 53.51099082748554], [10.090216182842603, 53.51102036152464], [10.090267597848895, 53.51109169778441], [10.09031025582446, 53.511150870697364], [10.090313791443092, 53.5111558364063], [10.090374991223252, 53.511241753635254], [10.09038364223573, 53.511253890954706], [10.090419138476982, 53.51130370854449], [10.090488082306637, 53.511400485858886], [10.090572827313212, 53.511519447980746], [10.091351667987201, 53.51261270853818], [10.091561502498116, 53.51280868839039], [10.091835965527409, 53.51298138007243], [10.092908738472344, 53.51357695022153], [10.092980799969718, 53.51361694023937], [10.093246726463075, 53.51376457314796], [10.093302082933642, 53.51389261144138], [10.093387027061123, 53.514089100985814], [10.093493188974609, 53.5143346927686], [10.093465213932664, 53.51435230666026], [10.093453370800969, 53.51435975910402], [10.093451040589994, 53.51436121867821], [10.0934234812163, 53.514378577062345], [10.09324909960961, 53.514488347070355], [10.09318093470451, 53.51453125527346], [10.095035992854115, 53.51586254787075], [10.095115928896744, 53.51591992136692], [10.095341123973732, 53.516081523311165], [10.095663253286133, 53.51631267527355], [10.09568186219672, 53.51632602436916], [10.095701854395207, 53.51634037655498], [10.095725134645821, 53.51635707173054], [10.095865771968372, 53.51628619780122], [10.09595488874234, 53.51628021211455], [10.096042289712194, 53.51629364961868], [10.096053370367688, 53.516298725766504], [10.09614931258641, 53.51634272882025], [10.096151883337539, 53.51638155625847], [10.096251166614364, 53.5164527296968], [10.096288062022639, 53.516479187953635], [10.09621540220665, 53.51651507363775], [10.096452103718438, 53.516686267262656], [10.096417120014548, 53.51670348767172], [10.096520754158828, 53.516777812124616], [10.096622206634542, 53.516850574414214], [10.09662650899093, 53.516853645186885], [10.096656620689144, 53.51683874365855], [10.09680792278716, 53.51695070852856], [10.097042318621329, 53.517124124482166], [10.097146524703382, 53.517201238766475], [10.097259787974181, 53.51728505662288], [10.09720988402893, 53.51730973135177], [10.097354382339244, 53.51743668891844], [10.097412088050774, 53.51747812046795], [10.09756164650145, 53.51758547998449], [10.097754081780737, 53.517723610916754], [10.097707737377924, 53.517746545231724], [10.098750693526721, 53.51851966560659], [10.098727352741198, 53.51853103562636], [10.098868734588766, 53.51863572698063], [10.099814872795651, 53.518879045911135], [10.10009023907288, 53.5189498636507], [10.100180220765601, 53.51897299165114], [10.100205537169472, 53.518960452558524], [10.100520563707052, 53.5188045131398], [10.100647034368071, 53.518895262696056], [10.101675832323465, 53.51963343049117], [10.10210982310579, 53.519944823036035], [10.103679940992834, 53.521071373486606], [10.104753401847358, 53.52184656934193], [10.105022848238642, 53.522019223378905], [10.10599420874379, 53.52270535266989], [10.107981623065383, 53.52410910293959], [10.108347757620773, 53.524367688425926], [10.108232594690952, 53.52442533352881], [10.10814962464515, 53.524466859276615], [10.108304409647845, 53.52457711442632], [10.10832551168136, 53.524566635249606], [10.108475920166228, 53.52449190755835], [10.108640399166239, 53.524609416516064], [10.109375370186527, 53.52513449469597], [10.109742753661932, 53.525192040512486], [10.110004263987122, 53.5253722809621], [10.110091814071653, 53.52527918573287], [10.110664263000483, 53.52551115527761], [10.110658670424636, 53.52553207099409], [10.110640684789583, 53.5255855525831], [10.110595426128896, 53.525663890750764], [10.110560072363516, 53.52571085473564], [10.110522645920488, 53.52575817055886], [10.110516625939692, 53.52576505821071], [10.110492693524764, 53.52579248159706], [10.11045058337987, 53.52579454469078], [10.110455430062604, 53.52580220335727], [10.110483976421458, 53.52580756541433], [10.110598313217274, 53.52582903014688], [10.110616892129887, 53.525830511565424], [10.1106966667016, 53.5258369348353], [10.110805374946164, 53.52584795235849], [10.110926791095583, 53.525855732478206], [10.111027359206286, 53.525853143984435], [10.111129030469488, 53.52584428872152], [10.11125016305954, 53.52582855559161], [10.111566631510058, 53.52579066404733], [10.111464059463561, 53.52555710027548], [10.11144692294033, 53.525478182222514], [10.111513645428968, 53.525260950924086], [10.11161322651235, 53.52503175517784], [10.11168142137837, 53.52492957092457], [10.11174268680559, 53.52485081381045], [10.111807212355062, 53.5247819233777], [10.111969269068286, 53.524636653121604], [10.112167639862557, 53.52449734622056], [10.112314854919719, 53.524419605048905], [10.112437175739542, 53.52436994365018], [10.11285182896887, 53.52425467349459], [10.113018526455066, 53.52418536168794], [10.113173283958135, 53.524138786459666], [10.113560583772793, 53.52402293251077], [10.113797414701947, 53.523959591356416], [10.114109493165788, 53.52386999245054], [10.114340342035963, 53.52379834606243], [10.114503644024238, 53.52376361803729], [10.114588269335286, 53.52375037919184], [10.114677999333674, 53.52374426602199], [10.11479377824176, 53.52374552369568], [10.11488007965688, 53.52374097049574], [10.11496499549827, 53.523731333316206], [10.115008320703271, 53.523729670790395], [10.115135861705873, 53.523715842540895], [10.115253303330409, 53.523689667402586], [10.115374009056671, 53.523661421163474], [10.115457598924802, 53.52364783179484], [10.115539737521507, 53.52363182884241], [10.115619713596649, 53.52361217844545], [10.115661153183375, 53.52360478023151], [10.115700415681864, 53.52359375273094], [10.115781132305058, 53.52357530884769], [10.115864722105815, 53.52356172818266], [10.115986863211774, 53.52353589499044], [10.116125093161331, 53.523504652833125], [10.116206445470214, 53.52348687691162], [10.116368213118387, 53.523450120117204], [10.116445987358905, 53.523427649156645], [10.116598832981067, 53.523379172628], [10.116673029089407, 53.52335200665077], [10.11678655778115, 53.52331420763421], [10.11698364666998, 53.5232795201588], [10.117110122617389, 53.52324707425382], [10.117277349512715, 53.523259624558264], [10.117381654560464, 53.52327317621339], [10.117454490070685, 53.523292918788705], [10.117686433555534, 53.523254587382986], [10.117874100306281, 53.52318349062195], [10.117919817681724, 53.523147241439005], [10.117929614235152, 53.523139473112785], [10.118005894608046, 53.52306548037533], [10.118052898872715, 53.52300707886049], [10.118077063788176, 53.522961233004104], [10.118102348628486, 53.522913237253924], [10.11810684621719, 53.52290473641367], [10.118129444920644, 53.52287273947562], [10.118193639899186, 53.52278951093399], [10.11826328135026, 53.522708047218494], [10.118333140097485, 53.5226291163646], [10.118405202875373, 53.522551405350974], [10.118485984431299, 53.52247599484691], [10.11860049111069, 53.52238099603563], [10.118734975064879, 53.52230397722692], [10.11895170014196, 53.52220643044969], [10.119264647690011, 53.52206829543828], [10.119441242808474, 53.52198548809064], [10.119587073150196, 53.52188752523836], [10.119683351606346, 53.521819312907425], [10.119708140212945, 53.521804644189835], [10.119735847804279, 53.521826875517924], [10.119916209858902, 53.52172568534009], [10.120154122734228, 53.52161442719462], [10.120173454527446, 53.52160390855404], [10.120376793539231, 53.52149322558943], [10.120581137752117, 53.52136008696318], [10.120787537016504, 53.52122827708518], [10.120920118138438, 53.521154887245295], [10.120930155222267, 53.52115112556883], [10.12113485717049, 53.52107450635122], [10.121284681311607, 53.521040650456825], [10.121435340166402, 53.521035551802264], [10.121586235900331, 53.52103942190049], [10.121751262467143, 53.521062027434894], [10.12192032263911, 53.521129387792634], [10.122013001686494, 53.52116890626152], [10.12206611816496, 53.52119367623653], [10.1224270658062, 53.5214722864813], [10.122478108403154, 53.52144825570636], [10.122549666521, 53.521414575702984], [10.12258545260217, 53.521397717640745], [10.122382708605356, 53.521015407192], [10.122348835158624, 53.520891764894834], [10.122329388970844, 53.52084371170173], [10.122303171684877, 53.520783730550015], [10.122264536007277, 53.52070246281269], [10.122218070352261, 53.52063539949584], [10.122175664888948, 53.520591831630895], [10.122143275606103, 53.520557985884324], [10.122076338757514, 53.52049880037418], [10.122032067109316, 53.52045480950564], [10.121989387382893, 53.520399135771044], [10.12192068237735, 53.52029013993873], [10.12191882435424, 53.52028718196799], [10.121922628373415, 53.52024733334764], [10.121921080068516, 53.5202252705376], [10.121945190134795, 53.52015929767331], [10.121974886777025, 53.520094683670465], [10.122032655339872, 53.51998446495193], [10.122065204666862, 53.51993705634236], [10.122132945985923, 53.519894872705095], [10.122143808598048, 53.51988811877943], [10.12206473758477, 53.51984346574329], [10.122367645691385, 53.519607875439405], [10.122397214850896, 53.519624641259185], [10.122455786028048, 53.51965782762507], [10.122615652353817, 53.519648604885994], [10.12263895085749, 53.51964726246389], [10.122818465376271, 53.51974564380335], [10.123571519771613, 53.520158326060724], [10.12414037132985, 53.520480983558535], [10.124702527152577, 53.52080849257457], [10.125266010615517, 53.52112657483399], [10.125525643785114, 53.521281683612415], [10.125752512353092, 53.521426969586], [10.125722409741709, 53.52144707410308], [10.125953684044397, 53.52157585009691], [10.127289589233412, 53.52240131042751], [10.128396295225663, 53.52305272311702], [10.128436108075045, 53.52309035346173], [10.128466455589018, 53.52313054514988], [10.128487579931846, 53.5231744644918], [10.12849638375117, 53.523217951785895], [10.128491337118335, 53.523261336095764], [10.128729038884838, 53.52324308253527], [10.12940744239094, 53.523747214442345], [10.129517046998071, 53.52381348074581], [10.129622846809292, 53.523876771534546], [10.129733152173289, 53.52393816789205], [10.129853385665244, 53.52399510160031], [10.12998210869049, 53.524042830967566], [10.130117871227139, 53.52408242140283], [10.1302618769127, 53.524108656787256], [10.130409836518842, 53.52412758239518], [10.130561320298014, 53.52413665834686], [10.131167369076852, 53.52414662994813], [10.13131766189094, 53.524155158883126], [10.131466094131, 53.52417085160991], [10.131610999461936, 53.52419061366228], [10.131757114667646, 53.52421671042508], [10.13191431498827, 53.52425232943988], [10.132122751776349, 53.524318772293384], [10.132307804134557, 53.524399234598626], [10.132479018849184, 53.52448798085028], [10.132643834682765, 53.524580553931905], [10.132799103785851, 53.524678835459795], [10.13295223594139, 53.524778413496506], [10.133104314344118, 53.52487861258744], [10.133257477860372, 53.52497818094973], [10.133450327854824, 53.52511772517247], [10.133525740396724, 53.52517595206413], [10.133696821258209, 53.52530805251533], [10.134377980552237, 53.52584522835151], [10.134364167782646, 53.52590866997396], [10.134339231428752, 53.52602328447863], [10.134744025416635, 53.52603740359236], [10.134956040933906, 53.52604479381978], [10.13536023130644, 53.52605888961117], [10.135674639567641, 53.5263084177118], [10.135718459041222, 53.526343202979824], [10.136213418101715, 53.526413451815536], [10.136274519270433, 53.52638658427823], [10.136335390992881, 53.526359532483106], [10.136396031704308, 53.52633229712575], [10.136632778053285, 53.52622543994185], [10.136654807460287, 53.52621552778217], [10.136676874818145, 53.526205645645355], [10.136698980011612, 53.52619579358297], [10.136800953382584, 53.5261509921803], [10.136903762030718, 53.52610687388083], [10.137007393067844, 53.52606344421416], [10.137133519352817, 53.52601198006413], [10.13726079080624, 53.525961527007745], [10.137389184600522, 53.52591209409269], [10.137430801800168, 53.52589639397519], [10.137472533537352, 53.52588080219694], [10.137514379017752, 53.52586531905466], [10.137596276039742, 53.52583544197271], [10.13767859506512, 53.52580597961555], [10.137761330179154, 53.52577693409977], [10.139133722071504, 53.525286542193996], [10.139529125397232, 53.52515108312613], [10.13994241460372, 53.52501495780026], [10.140296942202403, 53.524882133179474], [10.1405027187193, 53.524804580594356], [10.140756944546856, 53.52470668137394], [10.141009315027311, 53.524608268952655], [10.142295620884187, 53.52410230160091], [10.142319389263353, 53.524098730540445], [10.142624594175782, 53.52397898196713], [10.14306976760749, 53.52381991527236], [10.143126288200108, 53.523799382163375], [10.143182314751668, 53.52377837377981], [10.143237836008518, 53.523756894341716], [10.144538490623514, 53.52324513813645], [10.145003301221637, 53.52308147147609], [10.145481555363874, 53.52293706380811], [10.14558140912028, 53.52291111718332], [10.145526231450066, 53.52283570543664], [10.145649331416305, 53.522786883327456], [10.146222444458877, 53.52254127153838], [10.146321589754436, 53.52251148371787], [10.146315142243099, 53.522505657635485], [10.146452742284847, 53.522451463965076], [10.146460561265371, 53.52245947923379], [10.146740565434497, 53.52235474885043], [10.14764588592428, 53.52201605159972], [10.14892602011593, 53.52148177335047], [10.148999934624882, 53.521448980662576], [10.149461022524026, 53.521244431522796], [10.149648498615795, 53.52115853519572], [10.150006419248749, 53.520994555259996], [10.150537090329138, 53.52075145219367], [10.150704494261888, 53.520674781466866], [10.15104553965492, 53.52050399418819], [10.151170681539044, 53.52057992534189], [10.151401718769499, 53.52044473264618], [10.152196658319667, 53.520012191780474], [10.152397186051152, 53.5199207448187], [10.15260055871417, 53.51982800261395], [10.153233388901283, 53.519530407863286], [10.154229785522238, 53.51905830803153], [10.15424771683454, 53.51905710115309], [10.154271076822427, 53.519056143292175], [10.154294488415047, 53.51905638867428], [10.154317777442973, 53.51905783547386], [10.154340770648568, 53.51906047292749], [10.15436329697488, 53.51906428141399], [10.154385188838168, 53.51906923260023], [10.154406283374605, 53.519075289652115], [10.154426423651858, 53.51908240750841], [10.154445459836557, 53.51909053321606], [10.154463250308957, 53.519099606324126], [10.154637948690079, 53.51919683608688], [10.155031266085741, 53.5194316094725], [10.155097302150779, 53.5194710182342], [10.155077292989194, 53.51954112038272], [10.155172658025599, 53.51965395697373], [10.15559529255774, 53.5194764802725], [10.155719522747626, 53.51942825523064], [10.15584931187333, 53.51938554567604], [10.155983971739913, 53.519348578066804], [10.15612278833238, 53.519317548414975], [10.156265025600973, 53.51929262124754], [10.156448798830782, 53.51945482427948], [10.156759176037639, 53.519728031980044], [10.158120659994848, 53.52092660090907], [10.158636496322549, 53.52138916590159], [10.159267450646745, 53.52195168678844], [10.159307305154561, 53.521998160906776], [10.15916189952056, 53.52234924975071], [10.159054205448893, 53.52260926302316], [10.15903266006048, 53.52265439979568], [10.158985443551384, 53.5227725797656], [10.158943192561651, 53.52281239788751], [10.15946810138322, 53.52283766483618], [10.159896403143494, 53.522858293488895], [10.160191408132512, 53.522872492519895], [10.160452190874459, 53.52288630386879], [10.160799775776223, 53.52290471933452], [10.161192121472583, 53.52292550367995], [10.161486180014732, 53.522942567270135], [10.161671094321663, 53.52295330159223], [10.161677908217046, 53.522953693832335], [10.16203172101023, 53.522968134913896], [10.162336378717855, 53.52298057183881], [10.16237037802678, 53.522988232667096], [10.162368219500397, 53.52298652773103], [10.16239494732614, 53.522772676009865], [10.16240147132981, 53.52255862518827], [10.162404477063923, 53.52246014648042], [10.162765232637, 53.522254004318484], [10.162839696022699, 53.52221184895122], [10.164081773473947, 53.52151317685306], [10.164165636773422, 53.52146845709191], [10.164201406134842, 53.52144938431308], [10.164249548387858, 53.5214233053196], [10.164801728361427, 53.52111089222251], [10.164944293495083, 53.52103141409763], [10.165191324921818, 53.520874275912995], [10.16561161614013, 53.52059657511374], [10.165660317656979, 53.52057170362762], [10.165664021442371, 53.520569806753706], [10.165760256721477, 53.52050610591175], [10.166043505262381, 53.520389324784276], [10.166631066299294, 53.5202561079737], [10.166661871215734, 53.52024911941008], [10.167035874361732, 53.52016309216858], [10.167097032684024, 53.520269888948974], [10.16750317678442, 53.52021452320707], [10.167660221644171, 53.52019126259265], [10.167711645574668, 53.52018536681313], [10.167787586904955, 53.5201840946771], [10.168180699805788, 53.51991172008725], [10.168227233643798, 53.51991175978464], [10.169363522133219, 53.519501512878676], [10.169400097520038, 53.51948830057726], [10.169530805327717, 53.519442120970915], [10.169580668542816, 53.51942450875684], [10.17028315471105, 53.51917633733839], [10.171321184495262, 53.518807170164024], [10.172425075001204, 53.518405625128175], [10.173002730685795, 53.51819563425054], [10.173826462098651, 53.51794324068992], [10.175149186884601, 53.517537867321614], [10.176678525171688, 53.51705981756637], [10.176882134248736, 53.51699976106247], [10.176947611269222, 53.51697377590225], [10.177558886432982, 53.516688614659955], [10.177896407797517, 53.516530090973674], [10.17836666159938, 53.51630509532511], [10.179114057110528, 53.51594850436539], [10.179986489507236, 53.51554158448285], [10.18009615179076, 53.51549385701305], [10.18023686115548, 53.5154236465562], [10.181014516896864, 53.51505265868037], [10.181204590055078, 53.51496198535942], [10.18151815903012, 53.514816812191384], [10.182082280274816, 53.51454546043242], [10.182144355961697, 53.51451672835176], [10.182275798064966, 53.51445299842305], [10.182580882901751, 53.514305083717105], [10.18273714253145, 53.514239534652546], [10.182840130682196, 53.5142004104078], [10.183103875786836, 53.51410022258145], [10.183473501570969, 53.513959802030044], [10.183555810681794, 53.5139282170767], [10.183793067664675, 53.51383716230834], [10.183990766043019, 53.51376128612311], [10.184188478538637, 53.5136854004777], [10.184353243769554, 53.51362217412481], [10.184517993180078, 53.513558938709494], [10.184715704034533, 53.51348306118655], [10.185045200446096, 53.513356598127345], [10.185308802187489, 53.513255426972066], [10.185350805874503, 53.51323930632588], [10.185506145821616, 53.51318000122705], [10.18570216320818, 53.513105172605734], [10.185877841039266, 53.51303810536178], [10.18607418528949, 53.5129631470312], [10.186094061211973, 53.512955551700514], [10.186258514694858, 53.512892163975614], [10.18662769030041, 53.512749868259235], [10.186831576388315, 53.51267127407542], [10.187468579901546, 53.51242573604337], [10.188038871694888, 53.51220547007413], [10.188077110686082, 53.51219069829836], [10.187884507347603, 53.51163778884386], [10.187850548794144, 53.511540296625576], [10.187838579423957, 53.51150595089918], [10.188237699815419, 53.51152095152879], [10.188646353246156, 53.51153439978196], [10.188915733831095, 53.511542867525584], [10.189419014639004, 53.5115642533105], [10.189470993505523, 53.51156734078884], [10.189524966493298, 53.511570552228925], [10.18954402912879, 53.51165242512685], [10.189608280286652, 53.51192837504862], [10.189713893246445, 53.512402242427875], [10.189805226960678, 53.51282174119083], [10.189892054578753, 53.513178306255384], [10.189916133196064, 53.51327175221005], [10.189955536635281, 53.51334535922577], [10.189996776090537, 53.51335315586642], [10.190039061668802, 53.51336114883083], [10.190035528633612, 53.51337446107676], [10.190954122341571, 53.513440939313284], [10.191940911151121, 53.51351796708273], [10.192441725609356, 53.51355589601203], [10.192486539748375, 53.513559386259224], [10.19267406374473, 53.513573983734155], [10.192862479687035, 53.51358865291807], [10.19314817193965, 53.513610890695205], [10.193315231445583, 53.5136238935751], [10.193434278559756, 53.51363283599887], [10.193707647325565, 53.5136533706582], [10.193944396771242, 53.513671151178364], [10.19398221249321, 53.513674072528296], [10.19425597537749, 53.51369519528796], [10.194539577762875, 53.51371707307626], [10.194550251300205, 53.513718000180155], [10.194910128314843, 53.51374926371123], [10.195546343241858, 53.51379126463952], [10.19651322627275, 53.51386882236354], [10.197278548728415, 53.51391908630433], [10.197528369185909, 53.51394408201046], [10.197996390907207, 53.51397770473412], [10.198422839758367, 53.514008335488775], [10.198514878098699, 53.51401567386343], [10.19878041259969, 53.514036850796494], [10.198872133676248, 53.514044165110406], [10.199053544913319, 53.514058436350766], [10.199216682193764, 53.514071272575414], [10.199485656301887, 53.51409352810362], [10.199860191454917, 53.51412450383071], [10.200029942234593, 53.51413599609713], [10.200205311981179, 53.51414939136028], [10.200235190263578, 53.514152120749834], [10.20035689372406, 53.51422239008119], [10.200428873515662, 53.51426064458249], [10.200502705990697, 53.51429987823959], [10.200782529568405, 53.51445988068285], [10.200970515761709, 53.51456737317397], [10.201264780466555, 53.51473552647308], [10.201412971200822, 53.51482019898931], [10.201699115050898, 53.514983722487294], [10.201921277861961, 53.515109738322316], [10.202142982284187, 53.51523549766983], [10.202695410613467, 53.51554994864977], [10.202811912336056, 53.51561625863961], [10.2029005649517, 53.515666847923015], [10.202907731659556, 53.515672268226666], [10.202935732090888, 53.515686396202966], [10.203534565292529, 53.516027460913925], [10.204647434765006, 53.51665793883856], [10.204867346277926, 53.516782659502155], [10.205409589665761, 53.51708437306531], [10.206324898228782, 53.51759320752643], [10.206337419783022, 53.51760020963099], [10.206542656197838, 53.51771504334392], [10.206585474982576, 53.51776011465353], [10.206595845405625, 53.517771561142304], [10.20668753313318, 53.51781399074541], [10.20670434645363, 53.51782658573722], [10.206717978055579, 53.51783443057412], [10.207396402708975, 53.518214665746925], [10.209788749722218, 53.51957154905954], [10.210016787161246, 53.51970087946388], [10.210221323215992, 53.519861343322816], [10.210415667088316, 53.51992825126295], [10.21045817496366, 53.519866424446725], [10.210509731532682, 53.51979344025169], [10.210603590080234, 53.519668357590966], [10.210706213210463, 53.519523230003095], [10.210796667014996, 53.51942795398715], [10.210940554825461, 53.5192753427167], [10.210982184627875, 53.51920022952485], [10.211059859643768, 53.51910224214516], [10.211119704563993, 53.5190100266461], [10.211451178515379, 53.518333968017366], [10.21160609685101, 53.518002007819796], [10.211662767194694, 53.5179043497517], [10.21188410450839, 53.517517340083195], [10.21191000491141, 53.51748468931431], [10.212102594917358, 53.51725847338383], [10.21219982365703, 53.517159873439965], [10.212353099857744, 53.51699685450509], [10.212672515801879, 53.5165657721691], [10.212896254593552, 53.516231718663555], [10.213459402431784, 53.515235344834245], [10.213240350060508, 53.51465191932495], [10.213224388019892, 53.51460368326271], [10.21318846075571, 53.51455924551285], [10.213189855362897, 53.514522537288386], [10.213158794924613, 53.514411412912935], [10.213183886796795, 53.51437325964043], [10.213209055554778, 53.51430189933393], [10.213246509888158, 53.51422663885426], [10.213296850510256, 53.5141706193831], [10.213456796655136, 53.51400931105835], [10.213500935099201, 53.513980627806795], [10.213546953209132, 53.51396811507746], [10.21474484924507, 53.5138801242717], [10.215217312489417, 53.51384922657424], [10.215427063833722, 53.51383441032515], [10.215479273430292, 53.51382958262343], [10.215535573821972, 53.513815400448244], [10.215540674509384, 53.51377967927167], [10.215547483578492, 53.51373198503151], [10.215547475862216, 53.51373171543272], [10.213979373618667, 53.51346119903296], [10.213995848019191, 53.51342076892034], [10.214018550223951, 53.51337028851143], [10.214057332042133, 53.51328403841126], [10.214098068380828, 53.513157487655775], [10.214130913388805, 53.51306773808344], [10.214177007545064, 53.51291338308822], [10.214284066396196, 53.51287163730441], [10.214619483370651, 53.51276872778427], [10.214813089034914, 53.51270790788683], [10.215088416785889, 53.51262278611159], [10.215376693334537, 53.51254382451577], [10.215715442192549, 53.512444222013684], [10.216163660447641, 53.51229453148316], [10.216562463910845, 53.51216671858452], [10.216728746081898, 53.512094613452085], [10.217051281799986, 53.51194309744751], [10.217310931016016, 53.51179219400105], [10.217479547109775, 53.51169270077306], [10.217661504630348, 53.51158096288736], [10.21785977350855, 53.51144485948583], [10.218174620281994, 53.511250611928276], [10.21853757691049, 53.51101925091628], [10.218615549760955, 53.51096955454696], [10.21903521386263, 53.51068232100652], [10.21914437009194, 53.51062626549944], [10.219207577135505, 53.51059860815057], [10.219188646430496, 53.510531714456825], [10.219051408557158, 53.51000760251949], [10.218879409017655, 53.50936399116739], [10.218664334710125, 53.50851810205113], [10.218458211164018, 53.50772688376599], [10.218871915401357, 53.50766657306221], [10.219850583255836, 53.507532403171275], [10.220205915143099, 53.50747849955732], [10.220359111706168, 53.50746351466527], [10.220368828035513, 53.50743063165243], [10.220541041971858, 53.50723992815577], [10.22065881408668, 53.50708893756436], [10.220907415500447, 53.50676286627537], [10.22101306603274, 53.506621473797765], [10.22105983031696, 53.50654136925335], [10.221087078055836, 53.50651829414948], [10.221144892873669, 53.506493198810915], [10.221199636060268, 53.506477178018635], [10.221267029769695, 53.50647005316601], [10.221333118669769, 53.50646789468845], [10.22144883191672, 53.506484609936585], [10.221555692881804, 53.50646248306136], [10.221655058591084, 53.50645972364222], [10.221850499242114, 53.506436781053765], [10.222003217919044, 53.50641162307573], [10.222203379675658, 53.506386123640006], [10.222280421580967, 53.50637631065585], [10.22255254803322, 53.50633959325943], [10.22263839006215, 53.50632800904598], [10.222793741742052, 53.50628748744458], [10.222816670364269, 53.50628150874979], [10.222830813898558, 53.50627835265843], [10.222964481638646, 53.506231535447256], [10.223034828477386, 53.50621021230623], [10.223159125661175, 53.5062029805727], [10.223455273300978, 53.50616739964866], [10.223571364753726, 53.506161644809225], [10.22359133695606, 53.506156685046435], [10.223632213713799, 53.50611265071106], [10.223667357883384, 53.50606747947484], [10.223716228889446, 53.5059727627204], [10.223762542228942, 53.50589657202845], [10.223825891068312, 53.505776303347204], [10.223880494628919, 53.5056827503645], [10.22390481734146, 53.505611603015105], [10.223917269981785, 53.505572794715924], [10.22392238964942, 53.5054746784358], [10.223919991577695, 53.505397197573174], [10.223878582139161, 53.505228003183355], [10.223826550012578, 53.50512396384107], [10.223785173776848, 53.50508414254052], [10.223763311585458, 53.50506901270885], [10.223668958900912, 53.504994945287585], [10.22357618251301, 53.504934237679194], [10.223422991985673, 53.504861113937466], [10.223262037170853, 53.504808430139285], [10.223186162294532, 53.50477854423759], [10.223082654342214, 53.50475512565647], [10.22302148994187, 53.50472869382062], [10.222963998797473, 53.50469943769986], [10.222914110606519, 53.5046645394128], [10.222874327048482, 53.50463390650973], [10.222799771330866, 53.50457649073717], [10.22274534483101, 53.50450858529021], [10.222651110085698, 53.50445632381635], [10.222587074008292, 53.504410243639015], [10.22255461176375, 53.504368883469866], [10.22247727891387, 53.50418295844013], [10.222460162807913, 53.504052915035416], [10.22244720650868, 53.50397678263798], [10.22244646126295, 53.50391367664595], [10.222415301941485, 53.50386098563093], [10.222367265790348, 53.50373685873172], [10.222361675094376, 53.50360176233478], [10.22231825243526, 53.50344406726981], [10.2223170681126, 53.50342334115028], [10.222317403737962, 53.503351153932776], [10.222340569203245, 53.503325684174165], [10.222421917829571, 53.50329438763225], [10.222303545793212, 53.5031938756616], [10.222218315782573, 53.503143706159165], [10.222110634890768, 53.503072030107], [10.221910085713954, 53.503054160237], [10.22184782321246, 53.50302875482033], [10.221816302571085, 53.50299176259568], [10.221767233268134, 53.502954302512364], [10.2216015815208, 53.50284229042943], [10.22150069211269, 53.502753473810365], [10.22143678525327, 53.502729586192814], [10.221367671041335, 53.50271441740162], [10.221290076793725, 53.50271528217011], [10.22114257566278, 53.50270172318556], [10.22110356131331, 53.50269617087293], [10.22106825622314, 53.50265442583797], [10.220978213971447, 53.502621393208614], [10.220917732241258, 53.50254510786902], [10.220816471109762, 53.5024894558672], [10.220503145492042, 53.50241330744237], [10.220324978550721, 53.50236196408474], [10.22017424856338, 53.50232674578533], [10.220073527383366, 53.502278818412975], [10.220002126717537, 53.502286370064034], [10.219948556489497, 53.50226115361084], [10.219884276388733, 53.50227042137891], [10.219809569380445, 53.502256288600606], [10.219681541378076, 53.50219725017536], [10.219666231892761, 53.502185486633614], [10.219650036368806, 53.502141280893035], [10.219637897819835, 53.50213493248468], [10.21922951819411, 53.50212300805808], [10.21915599878594, 53.50211346526123], [10.21913203669757, 53.5021059609242], [10.2190732652732, 53.50208756604594], [10.218841639641942, 53.5020562724082], [10.218834979733119, 53.5020553694802], [10.218749523248576, 53.502030720348124], [10.218528665643781, 53.50189593979903], [10.218511430399962, 53.50187326480064], [10.218500843179822, 53.501832678342495], [10.218472959220385, 53.501769372559814], [10.218473738612323, 53.501748707290396], [10.218575024820202, 53.50172129123466], [10.218771429673083, 53.501650143316], [10.218746869993511, 53.50154242370803], [10.218664419153106, 53.501385979258906], [10.218641738289078, 53.50132430145354], [10.218520563262569, 53.500953102691994], [10.218469677059357, 53.50078375133901], [10.21840610773281, 53.50057219880799], [10.218359625606128, 53.50039446047096], [10.218285776780451, 53.49997367965301], [10.218253724980594, 53.49964926017169], [10.218262342909306, 53.4993487960395], [10.218265665955556, 53.499232800645125], [10.218310980673591, 53.49923842448994], [10.218422294377762, 53.49923598636518], [10.218645627032474, 53.49925727935593], [10.218871321906896, 53.49926788657141], [10.219274899514163, 53.499298891363814], [10.219348217042615, 53.49931102503777], [10.219395427081967, 53.49930388235689], [10.219469532280696, 53.49931246614966], [10.219544640489444, 53.49931659896479], [10.219696430877933, 53.49931771990327], [10.219769748813237, 53.49932986230441], [10.219844456002328, 53.49933577889874], [10.21999624671928, 53.49933690844267], [10.220150228736498, 53.49932824409065], [10.220464720763685, 53.499281525141974], [10.220697009467859, 53.49922670061539], [10.22089690315492, 53.499141598086666], [10.220996817908235, 53.499086659811134], [10.221042676586848, 53.49903827852884], [10.221039261995871, 53.49901703581364], [10.221027589059934, 53.498971777235575], [10.22098195117792, 53.49893392220458], [10.220932057789394, 53.498896973596395], [10.220857757487085, 53.49881756625785], [10.220762768577867, 53.498704417713725], [10.220740701392728, 53.498670978287144], [10.220706947203, 53.49859229836859], [10.220691576293598, 53.498509610252256], [10.220690724157246, 53.498471549401316], [10.220705599498718, 53.49837272227117], [10.220700673853903, 53.4983403303055], [10.220712198899802, 53.49831275936955], [10.220726391470263, 53.498294078542905], [10.22075723177269, 53.498275533316544], [10.220800101542936, 53.498256424739225], [10.220859275105198, 53.498246471484485], [10.220965531631986, 53.498249664970615], [10.221086667141906, 53.49825125009167], [10.22114736648322, 53.498252949178], [10.22122412190322, 53.49826199921005], [10.221333167130746, 53.49828668418786], [10.221394447568537, 53.49829286285672], [10.22151641185689, 53.49830072257322], [10.221653038471056, 53.498305205152555], [10.221698596011544, 53.49830670814347], [10.221848984920257, 53.49830063126211], [10.22199970752761, 53.498297247560664], [10.222075548858063, 53.498299141944074], [10.222151738761891, 53.498303720506996], [10.222181906536871, 53.498303223253174], [10.222240746586746, 53.49829059392094], [10.222269737019147, 53.498281137392254], [10.222298045098919, 53.498266303261396], [10.222341586624575, 53.4982249747697], [10.222393948353025, 53.498130744086865], [10.222397550677366, 53.498108180131084], [10.222387991914568, 53.49806361020362], [10.22231590505875, 53.498005117130226], [10.22218311308223, 53.497944179435635], [10.222142960739273, 53.49792983861787], [10.221983319934282, 53.497834323833004], [10.221964803102866, 53.49780745544097], [10.221947041303515, 53.497792687875105], [10.221937798592492, 53.497755944335914], [10.221947503386406, 53.49771753284362], [10.221967384487348, 53.4976948564057], [10.221996844984686, 53.497673448393215], [10.22203182554068, 53.497656316762956], [10.222070519625998, 53.4976272992927], [10.222116508296988, 53.4976039783342], [10.222178132503313, 53.49759278580992], [10.22223887477838, 53.49756613173578], [10.222363970950457, 53.49753042350832], [10.222462422915665, 53.49748876709279], [10.222568215348778, 53.49745283359084], [10.222614233698751, 53.497429512134424], [10.222639113597209, 53.497404537129036], [10.22269894542605, 53.49737717298927], [10.222852691600757, 53.49728985139346], [10.222967729271558, 53.49723155651257], [10.223086565904824, 53.497131889965026], [10.22313083479044, 53.497077663108094], [10.22312580355558, 53.49703328061764], [10.223148674389591, 53.49696837773074], [10.223138186143192, 53.49693186276469], [10.22313928999984, 53.496902123940366], [10.223055411915254, 53.496806329628264], [10.223026434211137, 53.49676485300046], [10.222987356774487, 53.49669982893231], [10.222970021006123, 53.496660048997384], [10.222935772740907, 53.496638150980324], [10.222907675935183, 53.496590606539684], [10.2228794284224, 53.496569779756236], [10.222792975808472, 53.49654583590003], [10.222715724392494, 53.49654145739312], [10.222652853369024, 53.496552222484375], [10.2225856642592, 53.49655752128812], [10.222306768067002, 53.496556391585514], [10.222178223833344, 53.49654444693667], [10.222056926813371, 53.49652344776547], [10.221956280239565, 53.496488717478904], [10.221934863348892, 53.496479983124964], [10.221911507093541, 53.496457802663386], [10.221918435059672, 53.496439744299586], [10.221953481990944, 53.4964060807324], [10.222052229804458, 53.49638422498149], [10.22217296001896, 53.49638815033262], [10.222233199401945, 53.49638652752807], [10.222301344398701, 53.4963956019833], [10.222414591713154, 53.496401428438915], [10.222580121051326, 53.496393137206994], [10.22280615279666, 53.49639131929699], [10.223129864240397, 53.49637979076543], [10.223257942461323, 53.49637869572218], [10.223416294426865, 53.49638083243393], [10.223468960031246, 53.49637795611935], [10.22355948364724, 53.49638045434811], [10.223710458380229, 53.49638763726201], [10.223746744654056, 53.496390780543], [10.223783809795812, 53.49641730593143], [10.223817133947392, 53.49642228636514], [10.22386222558514, 53.49641814802861], [10.22393760210082, 53.4964181492383], [10.224343413610347, 53.49638360010378], [10.224561133628535, 53.49635806041552], [10.224764057146297, 53.496341679210474], [10.22484219296496, 53.496339611007556], [10.224965697535675, 53.49622221280113], [10.225009717217214, 53.49618037500187], [10.225035535739256, 53.496142013818755], [10.225075617502396, 53.49606607508356], [10.225105357048285, 53.496001622769114], [10.225156743004366, 53.495936076596635], [10.225190245389275, 53.495923193126366], [10.22552097654222, 53.49595501333656], [10.225785579990072, 53.495977649619775], [10.226498274211696, 53.49605031571318], [10.22681386521942, 53.49607981566844], [10.227240124311283, 53.49599396969867], [10.22734547276408, 53.49597059450463], [10.227476619068947, 53.49593484571289], [10.227567118059412, 53.495899460332325], [10.227650546393416, 53.495865630740724], [10.227779512127423, 53.495827476905745], [10.22800714347563, 53.495779913232816], [10.228131662454281, 53.495747530874645], [10.228347776902252, 53.495707312273126], [10.228651335996444, 53.495678383843064], [10.228833453060263, 53.495661023007315], [10.228974692236186, 53.49566314850153], [10.229036817862445, 53.495682483847595], [10.229091332938673, 53.495706068452826], [10.229160231449228, 53.49576567797858], [10.229218431871827, 53.495828588687296], [10.229291766271036, 53.495957630668954], [10.229336349676043, 53.49601464956772], [10.229367322103416, 53.496040462830095], [10.229362919817088, 53.49605295826587], [10.229412396058866, 53.496117558708335], [10.229443332111703, 53.49616868614021], [10.229449887928697, 53.4961879007104], [10.22950791516801, 53.49624479024188], [10.229529252775107, 53.496288771031054], [10.22954605039554, 53.49631391204241], [10.229604267480841, 53.496376831381674], [10.229628886005141, 53.49639456565663], [10.229683920080356, 53.49642510235832], [10.229793064095036, 53.496459963463316], [10.229910660248041, 53.49648786968259], [10.230098249314302, 53.49653445430636], [10.23077291582885, 53.49668590884395], [10.231031473904629, 53.49674731263149], [10.23117950251172, 53.49678019884277], [10.231233353526147, 53.496792220113704], [10.23170281132274, 53.496908504658585], [10.232220580599193, 53.49703802492348], [10.232657208170906, 53.497144396423415], [10.232849837798668, 53.49718212425724], [10.232885197625027, 53.49721356359823], [10.232944780492831, 53.4972168233504], [10.233099862345629, 53.49721160077904], [10.233215290742647, 53.49718595898994], [10.233281261845244, 53.497164153463586], [10.233307840419934, 53.49714910082539], [10.233341370949427, 53.497120096990024], [10.233429542235239, 53.497085621124384], [10.23348906562679, 53.49705775132957], [10.233555842254496, 53.49703670142541], [10.233699545185567, 53.4970040883041], [10.233737156970047, 53.49699053076409], [10.233878560129918, 53.496959199664886], [10.233946442914865, 53.496938875242236], [10.234090395349854, 53.49691176051357], [10.23429815952943, 53.496857567127265], [10.234512558997714, 53.496814361661905], [10.234586063201649, 53.49680333665515], [10.234729507422939, 53.496775363430196], [10.234871938082515, 53.496745719507764], [10.23494645570542, 53.49673637379329], [10.235158825819925, 53.49668978119083], [10.235299719300798, 53.49665758170538], [10.235372716459104, 53.49664572544926], [10.235648865872522, 53.496572044218674], [10.235785672485823, 53.496533081518116], [10.235853047093077, 53.4965119252543], [10.235921450108844, 53.49649243931419], [10.236059792573815, 53.49645602236184], [10.236130223534527, 53.496439922268074], [10.236199148736828, 53.49642129373851], [10.236494597993016, 53.496353011241496], [10.236552377460555, 53.49634250727037], [10.23661272178848, 53.49633621967745], [10.236754143419407, 53.49632535356949], [10.236859659201123, 53.496324450446174], [10.236766700083162, 53.49618234789321], [10.23667470431339, 53.49604172752154], [10.236610563958811, 53.49592998012414], [10.236544045076062, 53.49581367276324], [10.236499706312108, 53.495693369386224], [10.236456440989675, 53.49558922661664], [10.236379933692454, 53.4953886400425], [10.23634149905293, 53.49529766151144], [10.23627980175074, 53.495164628991986], [10.236216769686122, 53.494998134132764], [10.236012488578938, 53.49447661182598], [10.235896286151709, 53.4941648154232], [10.235808083993886, 53.49392370881397], [10.235654018461275, 53.49353674867758], [10.235454033083512, 53.49300487022832], [10.235305221860505, 53.49260137792849], [10.235282431655664, 53.49253815807625], [10.234982869207695, 53.49173359300891], [10.234916511580655, 53.491571087072906], [10.234896113806247, 53.49151131228809], [10.234874844184358, 53.49144435507349], [10.234796761554637, 53.49120665791801], [10.23476019171544, 53.491081032825534], [10.234660903283936, 53.49072661294089], [10.234534447697774, 53.490315382589024], [10.234558795948686, 53.49026625627938], [10.234667750858232, 53.49004644814802], [10.235001679121831, 53.489419743038475], [10.23502450612538, 53.48937691586032], [10.235178887957389, 53.48908715948175], [10.235337766956665, 53.4890668465317], [10.236284010377906, 53.488945882101824], [10.236481440099986, 53.488936827945615], [10.236786329943138, 53.488922840970346], [10.236867930030709, 53.488919101921056], [10.237371716663663, 53.48893457127813], [10.237414069879666, 53.48871189030964], [10.237417499744339, 53.488688878146874], [10.237473756100181, 53.488565322027284], [10.237474719035083, 53.48856215681223], [10.237507516823628, 53.48827066276128], [10.237598541091659, 53.487740070579385], [10.237632260755186, 53.48754344897853], [10.237642633847681, 53.48748299637307], [10.237668073489886, 53.487331757592756], [10.237746714101775, 53.486980594075355], [10.237752146616, 53.486896442886696], [10.237755854508269, 53.48683898980865], [10.237751611595396, 53.486819571913365], [10.237793968392294, 53.4866452890849], [10.23784183304324, 53.486385838462525], [10.2378456187701, 53.48634969820812], [10.237970086126406, 53.485160481340145], [10.238016978761797, 53.484712471976984], [10.238084586120435, 53.48435272070514], [10.23812005205809, 53.484163955377454], [10.238178965602746, 53.48393888199233], [10.238295749936087, 53.48359736371283], [10.238375387058671, 53.483276671933], [10.238375084254379, 53.48324764859453], [10.238374860666639, 53.48322444950679], [10.238374680519696, 53.483207398655715], [10.238534551404328, 53.482543166844145], [10.239490088566168, 53.48232030287925], [10.23949423480006, 53.482319333974516], [10.239779134542804, 53.48225146676667], [10.239788744775101, 53.48224872420605], [10.240654994825588, 53.482040386969906], [10.241173447623462, 53.481915688116324], [10.241717532504621, 53.48178482366819], [10.241791534364376, 53.481767019947824], [10.242385478623069, 53.48162416394439], [10.242586932514456, 53.481579199309664], [10.242725615636651, 53.48154597095273], [10.242886177403546, 53.481507489854344], [10.243079781030804, 53.48146002609748], [10.243635317066321, 53.481323819928484], [10.243913891876682, 53.48125552318877], [10.244143747509664, 53.48119916744575], [10.244166400771071, 53.48119360991805], [10.244422116331553, 53.481131096389575], [10.244563350410854, 53.48109656283569], [10.24562107576188, 53.48083829990509], [10.245960446074777, 53.48075544017217], [10.246648204777701, 53.48058750223362], [10.248687565528849, 53.480090944038984], [10.251064447290116, 53.478223190358406], [10.251609701501108, 53.477793175220235], [10.251895229392243, 53.47756711399058], [10.252311587567233, 53.47723744535391], [10.252388763387417, 53.4772828057203], [10.252592777735183, 53.477386696478845], [10.252795070411238, 53.47748888798005], [10.252923550243105, 53.47755502381832], [10.252983493660121, 53.47756014845599], [10.253317986735553, 53.47755806989458], [10.25363794441285, 53.47755363486744], [10.253743267715167, 53.47754983305497], [10.253845498709877, 53.4775433667974], [10.254160994028943, 53.47752558308681], [10.254472471966285, 53.477504433760025], [10.25457760491832, 53.47754475285401], [10.254868950072769, 53.4776578717874], [10.254880647987877, 53.477687135070084], [10.254884950164753, 53.477715478203024], [10.254902325995628, 53.47801272577117], [10.25491151428285, 53.4780330260729], [10.255169737980308, 53.478116386839645], [10.255361333858234, 53.47816676400307], [10.255416274207368, 53.47818613414102], [10.255613966789719, 53.478241894385086], [10.25571212479191, 53.47823217024992], [10.255900376906604, 53.47821571903302], [10.256048391557986, 53.47820374466254], [10.25608733440899, 53.478201357663195], [10.256292059313688, 53.47818653053753], [10.256354497157195, 53.4781791320912], [10.25638971639731, 53.478178222435915], [10.256424683663802, 53.47816878454206], [10.256494053655304, 53.478125193991985], [10.256616471081301, 53.47804761422953], [10.256934451732445, 53.477839034407275], [10.256981587089944, 53.477818141792646], [10.258012384232442, 53.47752945184379], [10.258294349063807, 53.4774530671284], [10.258770064272172, 53.47731658776055], [10.258962159997598, 53.477262174177575], [10.259578465113549, 53.47708261658737], [10.259607426212671, 53.477072423033604], [10.259776120577994, 53.47702265958194], [10.259946648750267, 53.4769722473003], [10.259919811990287, 53.476936141422335], [10.259904477587858, 53.47692156957856], [10.259864209719572, 53.47689952978709], [10.259792732984234, 53.476861647194205], [10.25955607148269, 53.47672845695411], [10.258655058560043, 53.47624123610121], [10.258750623487705, 53.47611659008022], [10.258824908487927, 53.47601525278181], [10.258916637409548, 53.47588830980199], [10.259059857631216, 53.47569178607618], [10.259983683498191, 53.47442406190265], [10.260013146741194, 53.47438663422349], [10.260234345208122, 53.474425005243816], [10.26039505110776, 53.474450269248145], [10.260575287496586, 53.474479183427796], [10.262160646338002, 53.474735867888405], [10.262631269953275, 53.474809966108744], [10.263891293268612, 53.4750158862205], [10.264002403141058, 53.47499915935716], [10.26427529177922, 53.47507354478124], [10.264411356140934, 53.47509591784993], [10.264427786192552, 53.475055579593494], [10.26453752885535, 53.474825639403676], [10.264572069043524, 53.47473155094085], [10.264704488166977, 53.474437303511834], [10.264800561505123, 53.47421344069055], [10.264896876099037, 53.47400278956698], [10.264924780293128, 53.47393285369416], [10.264955595378945, 53.47386504444151], [10.265023474430789, 53.47370599643543], [10.265083737554635, 53.47357003276171], [10.265135169140665, 53.4734456599381], [10.265190122568765, 53.473343453490756], [10.265202120905773, 53.47333146050616], [10.26522874799953, 53.47331536629731], [10.265397156446179, 53.473280511134874], [10.26566600980671, 53.473224644458675], [10.265959113859255, 53.47316905960506], [10.266247037265304, 53.47311712466919], [10.266236859423621, 53.47307840752008], [10.2662267088122, 53.4730309883898], [10.266192917549763, 53.47288739100896], [10.266180600074286, 53.47284259275809], [10.266063425977226, 53.47230814093918], [10.266012517962285, 53.47155551645669], [10.266010468936, 53.47152514516544], [10.266007732749262, 53.47148484791991], [10.265953368524345, 53.47137789328121], [10.265755518737434, 53.47098865582926], [10.265670222168401, 53.470820856183735], [10.265584381571907, 53.47065196553718], [10.265582861695078, 53.47064898818092], [10.265576085083955, 53.470636942309746], [10.265546834503706, 53.470560240333214], [10.26545858463776, 53.470359453916714], [10.265427097119407, 53.470274900926626], [10.265338287878876, 53.47007147747167], [10.265208801849266, 53.46976676114397], [10.265158714930642, 53.469645431810754], [10.264895625828135, 53.46903004628753], [10.264895303513587, 53.469005526738556], [10.264915838100814, 53.46899489068667], [10.265091804293471, 53.4689543464815], [10.266500131617853, 53.46862112258851], [10.266866392023871, 53.46853470841648], [10.268007573216405, 53.46826029356766], [10.268115065170624, 53.46823402749652], [10.268253209643099, 53.46820252777707], [10.268322775621932, 53.4681851500364], [10.268400786089614, 53.468166522982365], [10.268950953035585, 53.4679264634351], [10.269133856185118, 53.46784552227062], [10.269706478228793, 53.467597930297984], [10.270432691773486, 53.46728155196335], [10.270697648746054, 53.46716682580516], [10.270936484906308, 53.467061285365375], [10.271143987972488, 53.46696946295965], [10.271561756592222, 53.466784583075395], [10.27190153249696, 53.46663754120989], [10.271782662134434, 53.46651831310649], [10.271673871765689, 53.46640919850927], [10.271635045916288, 53.466370256300166], [10.271626085039236, 53.46636127241205], [10.271446265325256, 53.46618258974803], [10.27143493161549, 53.46617132981862], [10.271411331349448, 53.466147840042446], [10.271381055032831, 53.46611771523485], [10.27120868170334, 53.46594617143943], [10.270988707053654, 53.46572726540471], [10.270660721377, 53.465398354208354], [10.270237517722608, 53.46498158559722], [10.270084650819863, 53.46483086792422], [10.269661415624986, 53.464409126503725], [10.26943917555018, 53.46417433952224], [10.269360818595267, 53.46409172374666], [10.269339106471598, 53.46406883377026], [10.269382197577652, 53.46405396600027], [10.269547922114224, 53.46399612946799], [10.269893380078434, 53.463884522821814], [10.270070295771601, 53.46380599893342], [10.27034087802542, 53.46371134979026], [10.270392741468106, 53.46369466241968], [10.270918524565856, 53.46351604321753], [10.271293493830383, 53.46339364593288], [10.27168387078861, 53.46327577591302], [10.27189550615245, 53.46320846702698], [10.272191697186551, 53.463109567717055], [10.27244239763955, 53.46302486095175], [10.272816079084825, 53.4628566806905], [10.272936379348952, 53.46281902802093], [10.273116005080796, 53.46280321650661], [10.273429058607912, 53.46272284129316], [10.273506792918955, 53.46269136795906], [10.273578591341971, 53.4626608747654], [10.273670955484443, 53.46261341508432], [10.273914199535858, 53.46244890510951], [10.274284844679114, 53.46218674168236], [10.27448808605843, 53.46204519352189], [10.274616615197813, 53.46196004139042], [10.274688155550725, 53.46185110897996], [10.274706542226907, 53.461788077072356], [10.274745686657356, 53.46173915274865], [10.27482481277261, 53.46168132481727], [10.275493077644091, 53.461349900547496], [10.275664630942972, 53.4612690522949], [10.27573601007469, 53.461240279226644], [10.27598616788885, 53.46111999074872], [10.276131089528073, 53.46105977819384], [10.27637033326233, 53.460947309371846], [10.276545526665087, 53.46086188130808], [10.276757957413711, 53.46076400028838], [10.277036839495427, 53.46062029989761], [10.277162214967106, 53.460574417315044], [10.277264957544268, 53.46052423693127], [10.27728202012856, 53.460500538296955], [10.277365760566278, 53.460440061380204], [10.277660942654508, 53.460263967286664], [10.277964587901977, 53.46011647602328], [10.278231812872505, 53.460004180530014], [10.278897989211863, 53.45975084998213], [10.279098283122613, 53.45968250791235], [10.279350606670995, 53.45957925992064], [10.279473125711002, 53.45952873098669], [10.27968064163563, 53.459436650525085], [10.27976258137182, 53.45939811628706], [10.280077163084353, 53.45926413032346], [10.280334732020298, 53.45917268101891], [10.280528043244905, 53.45908919232355], [10.280749485811969, 53.45898255071934], [10.280909171992842, 53.45888138915379], [10.280985064614542, 53.45882667507717], [10.281074846357184, 53.45875351861686], [10.281124714402372, 53.458707911085654], [10.281185825450757, 53.45865202495668], [10.281304044111458, 53.458556377551176], [10.281335904098036, 53.45853449727805], [10.281439687029605, 53.458457666527245], [10.281584681609269, 53.45832440769351], [10.281802846841293, 53.45814218051689], [10.281862546016782, 53.45808398092514], [10.281924108525237, 53.45802014294055], [10.281995842552863, 53.45793897210577], [10.282339920548498, 53.45754733328476], [10.282367063669478, 53.45756389703891], [10.282737588933962, 53.4577900656023], [10.283037624634868, 53.45797362525957], [10.283482369100732, 53.458252804915666], [10.283646229788298, 53.4583547549952], [10.283808946149927, 53.4584611848756], [10.28388294968479, 53.45850975035203], [10.283909846394646, 53.458515610043946], [10.283926568361693, 53.45851222112298], [10.283965607409488, 53.45849819163016], [10.284040275595054, 53.45845446479111], [10.28405616340638, 53.45844339888888], [10.28416425196865, 53.458375652688055], [10.28433140711015, 53.45827277912389], [10.284429044248029, 53.45821459288314], [10.284597612099894, 53.45811565009193], [10.284656672237388, 53.458086302912], [10.284919600911508, 53.45796989436277], [10.284989658941837, 53.45794364693123], [10.285064840273971, 53.457915483545094], [10.285223726614772, 53.45786261574247], [10.285226318822902, 53.45786167093779], [10.285432949188001, 53.45778682255048], [10.285648064287104, 53.45769670839887], [10.285811082891126, 53.45762163648299], [10.285960685346236, 53.45754571093161], [10.286059375332458, 53.457494083246125], [10.286166547564862, 53.45743856164602], [10.286256741607327, 53.45738441833555], [10.286439042926562, 53.45725823099894], [10.286565119827582, 53.45715699216113], [10.286727189746522, 53.45703024016808], [10.286809778169209, 53.45696022216962], [10.28691140848848, 53.45687491478692], [10.286986660030726, 53.456820788041355], [10.287085330783022, 53.456761150143905], [10.287379015097248, 53.456606406554705], [10.28757981200892, 53.45649488657901], [10.287650392287226, 53.45646114376508], [10.287657533509579, 53.45645773172813], [10.287843618588488, 53.45636327892431], [10.288049285895474, 53.45625998487536], [10.288293170536882, 53.45613109005272], [10.288333939004875, 53.45611012761278], [10.288474948882051, 53.45603675460464], [10.288591161498168, 53.45598058492594], [10.288616607497616, 53.455969900732214], [10.288763382587053, 53.45590739629902], [10.28898214254076, 53.45581683219274], [10.289018320217917, 53.455801950934294], [10.289299195087034, 53.4556851861168], [10.28933069868159, 53.45567312394115], [10.2894552310707, 53.45562169991346], [10.289514457514993, 53.45559160237163], [10.289552727294286, 53.45557519713689], [10.289667707846174, 53.455517223834235], [10.289724935440145, 53.45548677919901], [10.28996168483752, 53.45536079858881], [10.290016288242668, 53.45533173954621], [10.29009588915154, 53.45529064340804], [10.29014153194886, 53.455267074712445], [10.29018573152872, 53.45524160684308], [10.290229545868694, 53.455216349873865], [10.290264823016964, 53.455198124911085], [10.290359390928888, 53.45514500992343], [10.290401741300617, 53.45512214190417], [10.290934006498853, 53.454834726496316], [10.291030314197375, 53.45478241919117], [10.291784941838207, 53.454372498249036], [10.291962282803873, 53.45422029563459], [10.29282292801989, 53.45348203400018], [10.29329889508005, 53.45307030923674], [10.293421895164526, 53.45296390937568], [10.293646968447298, 53.45277566121607], [10.293781192056713, 53.452664986324834], [10.29411344514011, 53.45255159986903], [10.294162757431948, 53.452539918795324], [10.2949517097124, 53.45228238052434], [10.295288344861763, 53.452173141316536], [10.2956159114324, 53.4520668401577], [10.296123458706491, 53.451963152087], [10.29698266876992, 53.45179497480068], [10.297719777294368, 53.45165867279337], [10.29772731189473, 53.45165586715065], [10.297840196111343, 53.451613810884744], [10.297907819152382, 53.45156757177858], [10.29813983447575, 53.45139106063336], [10.298545170324731, 53.45103152840206], [10.298621418564332, 53.45100052207465], [10.299004534619847, 53.4506607368048], [10.299022304407472, 53.450633593302264], [10.299013734295144, 53.45061676841375], [10.298934244090093, 53.45061404600187], [10.298829510983522, 53.45056530250275], [10.298625118226841, 53.45045737730231], [10.298494005958252, 53.4503939439078], [10.298381989746439, 53.45033547173271], [10.297888891871384, 53.45007805155628], [10.29735947849166, 53.449797920971115], [10.297021968728785, 53.44962511477604], [10.296432036398443, 53.44931451583658], [10.29564864914171, 53.448906760281545], [10.295263265044676, 53.448706160737714], [10.294227361877892, 53.44816435076744], [10.294213452711517, 53.44815707620718], [10.29429928922838, 53.448098272344254], [10.294367165238555, 53.44804010351316], [10.294573011619685, 53.44780042644147], [10.294632100509013, 53.44770933455607], [10.294680459456853, 53.44763827049035], [10.294817369242864, 53.447509091887056], [10.29510256521832, 53.44732432407053], [10.295208727414737, 53.44725266004183], [10.29534236101152, 53.44715199481305], [10.295559317510836, 53.44701943025209], [10.295771918518703, 53.44690212262992], [10.296243825084861, 53.44670060187261], [10.296371809614167, 53.446667741028634], [10.296563190704259, 53.44653511955307], [10.296619965626876, 53.44648245455483], [10.296882978931363, 53.446294615061056], [10.297109108482012, 53.44612488464827], [10.297280705202505, 53.4459044973533], [10.297418578280094, 53.44571447378731], [10.297497964799653, 53.44559650631047], [10.297615882109449, 53.44541281206507], [10.297726210928758, 53.44525979114089], [10.297852353022357, 53.44513110346297], [10.298037669761875, 53.44490859725268], [10.298386346386774, 53.444602888981315], [10.298680552710644, 53.44431678450795], [10.298891373608022, 53.44409100613873], [10.299011164304659, 53.4439384474016], [10.299110560866751, 53.44370030626484], [10.299200141142121, 53.44358805186], [10.299377883468695, 53.44340987179261], [10.299498395998258, 53.44332252297686], [10.299657658956704, 53.44324932428269], [10.299909414437506, 53.44314803370603], [10.300135795299141, 53.44300866988088], [10.300320277758013, 53.44288919687657], [10.300369532160056, 53.44285730555287], [10.300697451086346, 53.44269677080084], [10.301009093445357, 53.442581629248764], [10.301081387440853, 53.44255628268905], [10.30122448155402, 53.4425109094745], [10.301484167249011, 53.44251859790084], [10.301765286377771, 53.44251227138182], [10.301996164848907, 53.44251882533973], [10.302168630276556, 53.44250881887668], [10.302347808194384, 53.4425046360448], [10.302778535189278, 53.44252564880177], [10.30302240111623, 53.442542325057936], [10.30358874424935, 53.442585560557326], [10.303907597927507, 53.44259654433837], [10.30423366727281, 53.44260076034395], [10.304520746891743, 53.44263073350638], [10.30487558350141, 53.44263475943522], [10.305012617476192, 53.44262905531307], [10.305340294420988, 53.44261350094762], [10.30561858433703, 53.44259542910617], [10.306316573237641, 53.442565189309505], [10.306614606987644, 53.4425728157612], [10.306617773002097, 53.442572951928106], [10.306854125118367, 53.44258316724024], [10.307157919582483, 53.4425905944687], [10.307429604236933, 53.44258005191842], [10.307791512327004, 53.44255303215928], [10.30795846032246, 53.442541369744134], [10.30801822738916, 53.44253674194594], [10.308347675294277, 53.4425146875315], [10.308625112236054, 53.442553673980704], [10.308790693168984, 53.44260971584756], [10.308948926011324, 53.44266327601956], [10.30911974154148, 53.44272108492688], [10.309671664426299, 53.443064220470944], [10.30968532500694, 53.44309764624343], [10.309789429839652, 53.44335229022399], [10.309895946328664, 53.443612849681436], [10.310004519634376, 53.44387415058453], [10.310036285830748, 53.44397875388299], [10.31014112109049, 53.44432500987464], [10.31037437263124, 53.4451113283295], [10.310468724631855, 53.445461204878384], [10.310509559979225, 53.445612840151625], [10.310589414591746, 53.44590942445627], [10.3106534275989, 53.44614626793306], [10.311249975805481, 53.44835246120167], [10.311311398898027, 53.44857879708431], [10.31160597427823, 53.449660425644225], [10.311796896205534, 53.450374058693434], [10.311939801315459, 53.45088494975903], [10.31201349279085, 53.45117830152499], [10.312162120901847, 53.45175497699392], [10.312207269458376, 53.451914223209826], [10.31222803576278, 53.45203191842014], [10.312254333192373, 53.45224109221165], [10.312327021020105, 53.45224969666432], [10.312509526064483, 53.4522563843954], [10.312709888863532, 53.45225808425057], [10.31366909393825, 53.4522312871018], [10.314158850447706, 53.452218996497116], [10.31430015349039, 53.45221256070245], [10.314364102612783, 53.45221029295542], [10.31528177216875, 53.45218304988019], [10.315568435002708, 53.45220692453097], [10.316300616821781, 53.45216861858587], [10.316510035653211, 53.45216513324875], [10.31665747243489, 53.45213889526063], [10.316948407503425, 53.45208034035028], [10.31724501322822, 53.45200991008269], [10.318434809931798, 53.45169205177224], [10.318792171023382, 53.45159229774645], [10.319660731030208, 53.451350364961], [10.320062844799752, 53.451241437900144], [10.320584580323086, 53.45110166582754], [10.320742304768398, 53.45105676382188], [10.321425448451551, 53.45087209004206], [10.321634412360229, 53.45081585068522], [10.322370219278177, 53.450622732027085], [10.323460652376188, 53.450332882430004], [10.324206922886635, 53.45013101555604], [10.324516983207081, 53.45005145545643], [10.32515268151006, 53.44987621274228], [10.325276797368675, 53.449841862555374], [10.325136568857996, 53.44971513881861], [10.324716523731613, 53.44933554384215], [10.320890398578296, 53.44587749525219], [10.320674518297889, 53.445682357153636], [10.320593697398756, 53.445609303511894], [10.31806862169374, 53.443326725591014], [10.316979070576112, 53.44234172390889], [10.316976648896942, 53.44233985383603], [10.316960205510576, 53.44232713527645], [10.316856459319675, 53.44223436632748], [10.316623202543735, 53.44202579353098], [10.316198170798232, 53.44163285654026], [10.315554836225532, 53.44104547168065], [10.314921981864611, 53.44048632073371], [10.314948224533454, 53.44047269149547], [10.314491360875534, 53.43972157276216], [10.314460139673782, 53.43971437420306], [10.314552185310433, 53.43969818703268], [10.314575842742828, 53.43967007735515], [10.314682169973914, 53.439622979999115], [10.314764317637138, 53.43958659444262], [10.315037818144875, 53.43948878087346], [10.315423292006047, 53.43937662695034], [10.315762908558156, 53.43928308168684], [10.316048259636688, 53.43919911382938], [10.31626675943376, 53.43913056177837], [10.316445333004745, 53.43906592829567], [10.31662636122036, 53.438997437978585], [10.316761108856323, 53.43894109893826], [10.316982611348575, 53.43882903048046], [10.317148667525919, 53.43874381326048], [10.317275191901217, 53.4386747633313], [10.317582106623197, 53.43851721798978], [10.317997640786228, 53.438300347511515], [10.318787540040177, 53.43788420857921], [10.319157348467177, 53.43769722537759], [10.318120093395375, 53.43648983238572], [10.318091508952973, 53.43636785526728], [10.318011130958228, 53.43602478766072], [10.318003514710439, 53.43599223098666], [10.317843473699027, 53.43530911712005], [10.315658371265732, 53.43539353508279], [10.313840651051391, 53.43538476886338], [10.3116482884023, 53.43524894270015], [10.310167666867141, 53.43508820012336], [10.30930968405224, 53.4349624792073], [10.30783446851376, 53.43471831633743], [10.307875995850722, 53.434315655690924], [10.307982129376722, 53.43328645995307], [10.30738455187307, 53.43326438031384], [10.306860692684495, 53.43324729827306], [10.306450698495892, 53.43319940217917], [10.306049963728999, 53.43314466134223], [10.305599088725726, 53.43308354540263], [10.304947688618686, 53.43294608704268], [10.304352011072409, 53.43280936503228], [10.303582020792295, 53.43257264735464], [10.303364558659577, 53.432484784590116], [10.303087803585173, 53.432399348269776], [10.302812733572566, 53.43230597322884], [10.302505629861953, 53.43219823118515], [10.302233033478323, 53.4320916403241], [10.30191521909185, 53.43196284340852], [10.301603781614173, 53.43182937356153], [10.301294945041363, 53.43168390961815], [10.300889971323377, 53.431487209442416], [10.30048727897861, 53.431277843903175], [10.300129788346842, 53.43108707855205], [10.298974060854455, 53.43047013214979], [10.298610056158138, 53.430281006291594], [10.298258748562429, 53.43009994867724], [10.297819671745973, 53.42987673943488], [10.296949361132993, 53.429442753276675], [10.296406667449647, 53.429179474417516], [10.295614733454997, 53.428803553634864], [10.294817246127787, 53.42843560755288], [10.294786104373529, 53.428421723875516], [10.294025292147724, 53.42808238387115], [10.293218470408531, 53.42773178807138], [10.293017944730966, 53.42764649197479], [10.29192174698407, 53.42718890841591], [10.29067957803087, 53.42668999487953], [10.289421174812428, 53.42620371215515], [10.288780669154304, 53.42596340715008], [10.288148153848104, 53.425730779427816], [10.28742724651176, 53.425471467743336], [10.28686073454036, 53.42527499639855], [10.286233538222643, 53.425061826358316], [10.28581414148919, 53.42492236770499], [10.285555975476456, 53.42483817417173], [10.285241908031303, 53.424739290663], [10.284775967932687, 53.42459732679842], [10.284322835883444, 53.4244607698719], [10.283883734758406, 53.424336250076884], [10.283160750192224, 53.4241392319537], [10.282828133012837, 53.42405170632478], [10.282255509556913, 53.42391035721214], [10.281475547585858, 53.42372487184817], [10.280013016647922, 53.423406068530326], [10.27365160393682, 53.42205508231037], [10.269088850462843, 53.42111666297053], [10.268313534693505, 53.42095365110061], [10.267819143378336, 53.42084598455172], [10.267341029128831, 53.4207390601504], [10.266862953447244, 53.42062930176547], [10.26640125911695, 53.42052076112211], [10.265948541542205, 53.42041189880727], [10.265489702066903, 53.420297984674875], [10.264963028306614, 53.4201633295838], [10.26457954171919, 53.42005906847564], [10.264438042827411, 53.420018514234904], [10.26399838499633, 53.41988284365214], [10.263474675143584, 53.4197229622938], [10.263247865021393, 53.41965075851405], [10.26296137532496, 53.419554203869865], [10.26219445527203, 53.41928979781657], [10.261543706472239, 53.41903933384291], [10.261133158781897, 53.418876305070036], [10.260701978869161, 53.41870192332367], [10.260333544817588, 53.41854867718603], [10.259722171814783, 53.41826218966808], [10.259497936484939, 53.41815442545365], [10.258592361876897, 53.41770579119379], [10.258341937547915, 53.41757314843526], [10.258024623753204, 53.41739393446055], [10.257612555985936, 53.41715493109089], [10.257213560564201, 53.41691564485653], [10.25679052964286, 53.41664387977571], [10.256243678330396, 53.4162831530596], [10.255961074730287, 53.41608380075653], [10.255662145099022, 53.4158680070083], [10.255287400259437, 53.41558894189431], [10.255048971206357, 53.415398903574065], [10.254735923646216, 53.41514226413872], [10.25440661374461, 53.41486412122306], [10.254061310876633, 53.414553657588776], [10.253821213756488, 53.41432800927252], [10.253600410061242, 53.414112136195975], [10.253439062502887, 53.413949188631086], [10.253224535590283, 53.41372763957882], [10.25307162704094, 53.41356453103853], [10.252858148238273, 53.41332629495323], [10.25270364767638, 53.413142706761924], [10.252545882049361, 53.41295446014064], [10.25221481345631, 53.41254162315886], [10.251918972719581, 53.412152858177784], [10.251605244013165, 53.41172653336613], [10.25132582392385, 53.411333495623516], [10.251027527822416, 53.41089996884986], [10.250647230448223, 53.41031985565421], [10.250343820287053, 53.40983869182565], [10.24974588290635, 53.40886356680872], [10.245826336628351, 53.40251098403877], [10.245635317115603, 53.40220253596506], [10.245165688876613, 53.401444168742394], [10.245000429124564, 53.40119235411136], [10.244695470451903, 53.4007536400766], [10.2443749535386, 53.400323798175606], [10.244128060970363, 53.40002873993208], [10.243704451220871, 53.39957422470341], [10.243375912422117, 53.39926272868897], [10.243120623378328, 53.39903881729354], [10.242886029621928, 53.39884420223524], [10.24249642819821, 53.39854581679813], [10.241892586012655, 53.3981273215438], [10.241500177295771, 53.397880318724376], [10.241009119660127, 53.39759390558254], [10.24040665210191, 53.39727341837266], [10.239987123469689, 53.397067144832334], [10.239623871379912, 53.39689993792714], [10.239117123241263, 53.396684525709], [10.238530927657486, 53.39645576820036], [10.237929424856837, 53.39624193619005], [10.237517866910057, 53.39610900607457], [10.23709721539391, 53.39598084328013], [10.236627577460572, 53.395847855682305], [10.2362713983661, 53.39575625641301], [10.235958888729897, 53.39567893769674], [10.2356319588372, 53.395605309246584], [10.235238637290546, 53.39552102216472], [10.234777675887893, 53.3954317700278], [10.234315373106126, 53.39535118680859], [10.233809457508968, 53.395274765156515], [10.233459516542013, 53.39523052130766], [10.233119619649468, 53.39518981341523], [10.232767581371464, 53.39514996705839], [10.232345720505405, 53.39511185620409], [10.231952887611643, 53.39508419569049], [10.231628294264189, 53.39506347994791], [10.231241640695641, 53.395041452649075], [10.230860904382286, 53.395027983956865], [10.230616308148923, 53.395020868732374], [10.230101218391813, 53.39501290854769], [10.22974028766063, 53.39501084656042], [10.229369819211916, 53.395013906783085], [10.228553917284263, 53.3950301801744], [10.227882915343956, 53.395050998720414], [10.227052160253834, 53.39508058410686], [10.226277263898288, 53.39511028216851], [10.22557023044658, 53.395141229287454], [10.22455081171028, 53.39518896868022], [10.22368393555076, 53.395231432333134], [10.223100298304345, 53.395262403462105], [10.22229738520946, 53.395314935108104], [10.22190812145728, 53.39534133930275], [10.221509006150598, 53.39537246358083], [10.22084751153598, 53.39542780846188], [10.220479566393712, 53.395459797153556], [10.220426323272326, 53.3954644226198], [10.219998042285972, 53.39550442486052], [10.219355627745372, 53.39556919414765], [10.21851217916699, 53.39566143397489], [10.217711207987124, 53.39575345932503], [10.217192810835156, 53.39581794980018], [10.21660327835047, 53.39589418393186], [10.216018966791978, 53.39597162048343], [10.21520219567593, 53.396088555695435], [10.214524054498659, 53.39619113039681], [10.213647646327422, 53.39633199808713], [10.213128359896208, 53.39641802749912], [10.21228397822779, 53.396560501420794], [10.211423767930532, 53.39670823593162], [10.210249909529164, 53.39691491426471], [10.209345790924878, 53.3970761853581], [10.207409261100269, 53.39743081105372], [10.20656284077805, 53.397594030439755]]]]}, "properties": {"city_code": "HH", "area_code": "6", "area_name": "Bergedorf"}}, {"type": "Feature", "geometry": {"type": "MultiPolygon", "coordinates": [[[[10.027465784016677, 53.43680912244164], [10.02784265110648, 53.436486323544024], [10.027904964187982, 53.436432283688504], [10.02795916759515, 53.43638528919985], [10.028164522013679, 53.43620719885354], [10.028250676956393, 53.43613248520717], [10.028301930472072, 53.43608804191319], [10.028518694306202, 53.43590004551177], [10.028775502954185, 53.43567732915485], [10.02882637188393, 53.43563321255147], [10.02886230451487, 53.43560205215362], [10.029117384746522, 53.4353808421301], [10.029171304960414, 53.4353340742426], [10.029213916290443, 53.435297121087615], [10.029191002286737, 53.4352864146378], [10.02643339697095, 53.43399722738349], [10.023171011167898, 53.432467409466575], [10.023107134104885, 53.43239116199335], [10.023047503349947, 53.43231998397488], [10.022990702453466, 53.43224629168439], [10.022858538035205, 53.43216206222241], [10.022328710245432, 53.431833243205745], [10.021904362770597, 53.43156477177841], [10.021708483846828, 53.43144085054415], [10.021608693136958, 53.43135377186881], [10.021554454608761, 53.43130643126245], [10.021537482062259, 53.43129161841266], [10.021473278126326, 53.43121786286995], [10.021423454275741, 53.43114181792512], [10.021446252609149, 53.43108196170981], [10.021459119241152, 53.431035395544704], [10.021443356799656, 53.43103651915464], [10.021489378504496, 53.430954629583184], [10.021476065797211, 53.430932998586435], [10.02136918163181, 53.43080487280997], [10.021254928247982, 53.43058781696766], [10.021139367903922, 53.43053659577433], [10.02101224384458, 53.43048016969835], [10.020829610102886, 53.43043380939451], [10.020757387285078, 53.430421032751475], [10.02044605796981, 53.43038829358811], [10.020241911224977, 53.430357424774016], [10.019948036755686, 53.43031878213619], [10.019762638835743, 53.43027948234603], [10.019660086330546, 53.43026539087957], [10.018825238470896, 53.43024534971916], [10.018827513311832, 53.43021459627941], [10.018428574286904, 53.430198950481014], [10.017775990312632, 53.43019982071675], [10.018016064050515, 53.429992659463664], [10.01883862997589, 53.429309290106275], [10.0183132045744, 53.429112736696936], [10.018066940873643, 53.42901965850241], [10.017431964659774, 53.428777039488025], [10.017005244507692, 53.42912158871332], [10.016907849721253, 53.42919983286762], [10.016835338810903, 53.42925808888161], [10.016618805438446, 53.429431895291536], [10.016416659232998, 53.4293659630802], [10.01522952153197, 53.42897874653099], [10.014874590453427, 53.429312529037894], [10.01472862826117, 53.4292906040557], [10.01466916521418, 53.429282569498625], [10.013669374403758, 53.42914724083419], [10.010267985249442, 53.42868042310057], [10.010031193917808, 53.428969540279645], [10.009963658064585, 53.42905201182291], [10.009791815364723, 53.429258858620585], [10.009661882199481, 53.42941525417712], [10.009599211686204, 53.42949413364753], [10.009584208053004, 53.42955267217442], [10.009330340804551, 53.42949371829276], [10.009131133660665, 53.429417321504275], [10.008880986061722, 53.429317713132136], [10.008629635833547, 53.4292187526266], [10.008501530226457, 53.429171490553685], [10.008368510225804, 53.42912579799497], [10.008208182134908, 53.429090044121004], [10.008142829186976, 53.4290620191518], [10.008042173515598, 53.4290432003794], [10.00753985938233, 53.428968819378795], [10.007380061270725, 53.42894842243691], [10.007164604987851, 53.42880835422525], [10.006805466525979, 53.42857245866951], [10.006356289367787, 53.428276311144195], [10.006200751944379, 53.42817234926191], [10.006006896590694, 53.42804610213941], [10.005880590097446, 53.42796384521193], [10.005223526760732, 53.42752779252554], [10.005075832335713, 53.42743004661442], [10.004887404623434, 53.42730519027937], [10.004703885821737, 53.427183582395365], [10.004409411634498, 53.426987074632876], [10.004119903448322, 53.42679106374923], [10.003974167532602, 53.42669190669433], [10.00372894387806, 53.426535623345934], [10.003429523474367, 53.426339595217726], [10.003334516617315, 53.42627652523604], [10.002824993827728, 53.4259382357381], [10.002592009624335, 53.42578558679967], [10.002216215039672, 53.42553937190672], [10.002158006302158, 53.42549283793031], [10.001760939056824, 53.42523905143136], [10.001677140508422, 53.4251832932136], [10.00155865161116, 53.425104444988186], [10.000734036949362, 53.42455547522945], [10.000587168826977, 53.424596500857994], [10.000375325193593, 53.424654565705765], [10.000168798545367, 53.42470899896585], [9.999852395031992, 53.42479040241023], [9.999654781271479, 53.4248463242772], [9.999380552552646, 53.42492356204163], [9.998857385631478, 53.4250707586635], [9.998626048943118, 53.425139141182704], [9.998556877910785, 53.42515958560988], [9.998053337040904, 53.425294865735694], [9.997860702308415, 53.42534638325261], [9.997863595633673, 53.425351042441385], [9.997496918468697, 53.425456312388945], [9.997428185001404, 53.42546849144797], [9.997323422518884, 53.4254864727052], [9.997152550165355, 53.42553228799066], [9.996988167627027, 53.4255776173755], [9.995904383986526, 53.42587653337645], [9.995735580716037, 53.425566007395325], [9.99552978326147, 53.42515351966526], [9.995401117949193, 53.42489560487913], [9.995209789379283, 53.4245121029454], [9.995192563967345, 53.4244775752196], [9.995161933728323, 53.42439554350934], [9.994933017486087, 53.42393925430645], [9.994855740134971, 53.42378523023074], [9.994766309147023, 53.42360694665789], [9.994676784653048, 53.42342849300002], [9.994663526357613, 53.4234020583733], [9.994650426302494, 53.42337595502685], [9.994636568595146, 53.42334833881738], [9.994551953804805, 53.42317966934712], [9.994528578752579, 53.42313307531819], [9.994287602215014, 53.4226527133576], [9.992777605669637, 53.419665944686244], [9.989860618315545, 53.42025987370081], [9.989722137285872, 53.42028797994756], [9.989034799825914, 53.420427828561216], [9.98842502302359, 53.42055176768512], [9.98813996437828, 53.419345144897534], [9.987253401593154, 53.41945690432249], [9.9870018603685, 53.41865233042036], [9.986998626320752, 53.418641983634274], [9.987033019810864, 53.41858394390101], [9.987046320405636, 53.418526060511404], [9.987052333713661, 53.41837637691296], [9.987049647306723, 53.41822269311465], [9.987048551609611, 53.418159786893504], [9.98704249798484, 53.41781262081375], [9.987036048684562, 53.41744316481329], [9.987035516576666, 53.41741239025196], [9.98648977069203, 53.417388691499575], [9.986175576287295, 53.417453788220634], [9.98557728230582, 53.41753533306159], [9.985566397864796, 53.417537049928804], [9.985540430955353, 53.41754113855754], [9.985539554229536, 53.4175377119256], [9.98551669819318, 53.417448575051296], [9.985442820083101, 53.417160380279945], [9.985382633178151, 53.41699769629649], [9.985293905876077, 53.41675963075742], [9.985214420247026, 53.416546388939544], [9.98484612937544, 53.41648220557727], [9.984678103206573, 53.416339557457164], [9.984477048575721, 53.416256087487625], [9.984356355625621, 53.41601417669952], [9.984319907437788, 53.41594161081257], [9.984274621344154, 53.415848595453014], [9.984188134771905, 53.41595417603601], [9.984183817891662, 53.41595945230531], [9.983649330941589, 53.41595722188853], [9.983398789860914, 53.41591211902014], [9.982968626487699, 53.41580574974868], [9.982599813002771, 53.41571455129909], [9.982558546292998, 53.415704346521814], [9.98259931830593, 53.415626515329414], [9.9826541129338, 53.415521906826875], [9.982657553584984, 53.41551712323884], [9.982660039076531, 53.4155139835412], [9.982885303370013, 53.41522844016603], [9.982931873152939, 53.41517044520316], [9.98296410948532, 53.415122483268945], [9.983001988601629, 53.41506802064491], [9.983136325875988, 53.41487841163414], [9.983237638308108, 53.414748915363134], [9.983347461617756, 53.414620526503505], [9.983256991208085, 53.41461861961877], [9.983057520081333, 53.4146144278221], [9.982940236917297, 53.41461640001051], [9.982639087832863, 53.414621467233836], [9.982477196917305, 53.41462163961396], [9.982361962442905, 53.41462176058643], [9.982278354035369, 53.414621855035946], [9.98212898107601, 53.41462201387087], [9.982071205882932, 53.41462207550194], [9.981956767304325, 53.41462082318255], [9.981810393311921, 53.414619231036546], [9.981570560403991, 53.41461009193042], [9.981506302822813, 53.414607644652534], [9.981105929975348, 53.41451877749969], [9.981093922240817, 53.414516116470026], [9.98094608167465, 53.41439977942174], [9.98075541335974, 53.41424974290547], [9.980742833570027, 53.414243140288], [9.98059521302726, 53.41420168987365], [9.980115469879795, 53.41413924310293], [9.98000522832625, 53.414150332574714], [9.979824218191634, 53.414142091571875], [9.979409844665604, 53.414096400792666], [9.979110347246202, 53.41407562865583], [9.978873838274014, 53.41406038020728], [9.97821099293151, 53.41401762961196], [9.977984833975217, 53.413991795261865], [9.977649246739448, 53.413953462503336], [9.977420319924605, 53.41391646720609], [9.976487682615511, 53.41377012126994], [9.976459604859558, 53.41378643249715], [9.976458502413928, 53.41379544866896], [9.97639168157397, 53.41433921108868], [9.975960143345702, 53.41597652145769], [9.975908101559803, 53.41653923762671], [9.975894003384505, 53.41669172833116], [9.975907597927085, 53.41684451410646], [9.97591109012006, 53.41710481204898], [9.975900630763137, 53.41738140450092], [9.975887593331704, 53.417726128969285], [9.975893227025544, 53.417905803464684], [9.975868491988132, 53.418264736487565], [9.975875079888489, 53.41832310328477], [9.97592269358113, 53.41844879633208], [9.975857488958754, 53.418407853111866], [9.975741690265204, 53.41846133199173], [9.975764118937557, 53.418541215294006], [9.975741729741108, 53.419295814400854], [9.975740510185103, 53.41937136935313], [9.975740265002683, 53.41938629337912], [9.975392977603214, 53.41947692748782], [9.975157397275357, 53.41950877624111], [9.975028607823099, 53.41957472058595], [9.974941967278962, 53.419667000571565], [9.974872002974152, 53.4197561509738], [9.974844236555116, 53.41979153426391], [9.974829635199981, 53.419796579512834], [9.97483730364017, 53.41982460807226], [9.974969253611667, 53.42030459530656], [9.975251972111339, 53.42062470147011], [9.975630666088364, 53.421111491165874], [9.975758302943813, 53.421311176536115], [9.975940202258588, 53.42189052529785], [9.975924729622552, 53.42189237765319], [9.975076183627372, 53.421888944002944], [9.975039612199408, 53.42188879312171], [9.97502971935088, 53.42179053240896], [9.9749677662514, 53.421787972871684], [9.974981592769765, 53.4218733469688], [9.97497024072911, 53.42193691214307], [9.974840723728342, 53.421236562704564], [9.974520020692752, 53.420635377641936], [9.97449773229104, 53.42064383853256], [9.972578170254467, 53.42137266844059], [9.97136741730186, 53.4210402865995], [9.971297880789159, 53.42102120183281], [9.97067463998364, 53.4214412626343], [9.970570360147942, 53.42151154242543], [9.970523685815676, 53.421486689141936], [9.970406057346521, 53.42156158083234], [9.970341188157688, 53.42152411070346], [9.97026541577313, 53.42148032883478], [9.969253318319614, 53.42202938885667], [9.96916761240284, 53.422180733734436], [9.968973600623483, 53.422523356715864], [9.968279863302476, 53.42374841650193], [9.96787716448111, 53.423750521018604], [9.967418173027433, 53.423752909371075], [9.967236535715664, 53.423753859137804], [9.966162225092665, 53.4237594534091], [9.964953450474455, 53.42376574693896], [9.964793691965722, 53.42376657914349], [9.964419296653977, 53.423768515270034], [9.964350320873582, 53.423768281181175], [9.96389742594257, 53.423766759416175], [9.963836797645946, 53.423775626599166], [9.963846077860984, 53.42398830701801], [9.963847198911033, 53.4240139170611], [9.96374475996695, 53.42419763704602], [9.963737415865582, 53.424216933097036], [9.963693094711537, 53.42433334969175], [9.963646273677032, 53.42445635750834], [9.963491722214986, 53.42443600345973], [9.963472458574069, 53.424422009932925], [9.963436702195919, 53.424348173813165], [9.963338417126788, 53.42414525440632], [9.96323436079317, 53.423965933044315], [9.96319236362224, 53.42390957715052], [9.963182756895028, 53.42389669226508], [9.962981430876129, 53.42392944514795], [9.962732737854784, 53.42396989668746], [9.962688762468739, 53.424036447283726], [9.962628673378644, 53.42404522860204], [9.962599663889714, 53.42404947157573], [9.96216894587626, 53.42412446894657], [9.962058641859056, 53.424150131619406], [9.962119254519726, 53.42457110876768], [9.962161486336713, 53.424864498090166], [9.96074577927055, 53.424944248076734], [9.96055421523575, 53.4249550387184], [9.960063182445872, 53.42498269122427], [9.960102558616203, 53.42520873048273], [9.960117632808815, 53.425295309654445], [9.960191253264231, 53.42571793595572], [9.960196853001442, 53.425750045123486], [9.960198857715238, 53.42576153511752], [9.96028623958303, 53.426263137227444], [9.960308418038647, 53.42639044300904], [9.960330148679489, 53.42651523542351], [9.960338843415018, 53.42656512719806], [9.959672621605012, 53.426713005059945], [9.958155235260291, 53.42705737244828], [9.958004563458806, 53.42713355953771], [9.95579020155625, 53.42768506663536], [9.95489237600242, 53.427781824786265], [9.954754844486223, 53.42779664167945], [9.953130797544887, 53.42797578600286], [9.952793936456963, 53.428012938065145], [9.952364117502771, 53.42806269608821], [9.951982530802079, 53.42810687241525], [9.950848529470207, 53.4282381488139], [9.950291103879477, 53.42830267752722], [9.95002682350103, 53.42840375931164], [9.949462606592961, 53.42861957140052], [9.9477072635906, 53.42888402145764], [9.943819403332357, 53.429458999718975], [9.943813471026772, 53.42941677970036], [9.942865367037811, 53.428305462504156], [9.946960339882601, 53.426900443112366], [9.946552813042521, 53.42640474939238], [9.946002498340123, 53.42573535556885], [9.94571429328228, 53.42538478731698], [9.945405428496462, 53.42500905949815], [9.94525092885165, 53.4248211239069], [9.944241741401472, 53.4235934506231], [9.943612254612638, 53.42282764286095], [9.943307448306252, 53.42245681256308], [9.94323187012538, 53.42236486626739], [9.942879052205443, 53.42193561606671], [9.942128947178071, 53.42102297114615], [9.940761309906462, 53.42107289067378], [9.940558715977327, 53.42108040120252], [9.939447545433678, 53.42112158871714], [9.937569088160414, 53.42119197478867], [9.93749847981832, 53.42119462353538], [9.932058681091593, 53.42139940950699], [9.929940361275657, 53.421478819380695], [9.929939284066112, 53.42146945210285], [9.929903023931823, 53.4213738833104], [9.929763052974314, 53.421098368446934], [9.929604827012897, 53.420555712605335], [9.929493555625005, 53.42005244104435], [9.929186643807993, 53.420092655556495], [9.927219990433185, 53.42052821824372], [9.926869529524106, 53.42031059700122], [9.926154325939358, 53.419866482055134], [9.925902428614592, 53.41971005569129], [9.925819526040177, 53.41965857939541], [9.925566029381107, 53.41950114895131], [9.925246824125013, 53.41930293097812], [9.925163128697124, 53.41932299588719], [9.924701912311615, 53.41943359245279], [9.920516133640314, 53.416829371363654], [9.916574871819448, 53.41438841096768], [9.916454573871311, 53.414141764475005], [9.912810369983625, 53.41481391675576], [9.911585674471407, 53.415043352281685], [9.910935659134966, 53.414045880502506], [9.91078435262909, 53.41407372327807], [9.911434677269467, 53.415071732852795], [9.910989622999928, 53.41515519482502], [9.90957807760755, 53.41541414386379], [9.906700880862413, 53.41595074028727], [9.90753721997108, 53.417630621366044], [9.908029906497875, 53.41829542434042], [9.90882046347969, 53.419567385336826], [9.910332697949237, 53.42100622670234], [9.910720767989378, 53.42138193475069], [9.912764273137016, 53.42246989283733], [9.912690969022314, 53.422566061306455], [9.912923903858422, 53.42313696875963], [9.914476542503873, 53.424030240931465], [9.916265401613163, 53.42480231455769], [9.915654047011143, 53.42557486242003], [9.915420050024574, 53.425900462044545], [9.916245476557004, 53.42672843054831], [9.914875330148648, 53.42878036092431], [9.91406019641611, 53.43001053195947], [9.915267957032711, 53.43086505564484], [9.919263741631648, 53.433691845966294], [9.919432593429804, 53.43389158773949], [9.919590287426589, 53.433939777933716], [9.919722695857512, 53.43395393209861], [9.919770778262667, 53.43400012543669], [9.920403635582577, 53.43460802904534], [9.920496488996351, 53.43471769975671], [9.920343533884543, 53.43511126182745], [9.920394837299103, 53.43523328016698], [9.92145214788039, 53.436167294678945], [9.921618763738028, 53.43622102259086], [9.922922036175502, 53.4363625883081], [9.919706705540754, 53.43948077133515], [9.91927822688775, 53.441418649029835], [9.919220042059594, 53.441681794096176], [9.918994633370609, 53.44270113880171], [9.918988104563276, 53.44273069123214], [9.918981710425786, 53.44272950891592], [9.918856502856586, 53.44270633634288], [9.91879789750334, 53.442695496810586], [9.916971847050792, 53.44235760469185], [9.916874200883179, 53.442285821206205], [9.916873696337621, 53.44266306132209], [9.91678954828227, 53.44276091518811], [9.918147405286387, 53.4447076903829], [9.918164285106107, 53.444781073424096], [9.917991444732735, 53.445069225593485], [9.91732001065717, 53.44587238957479], [9.917172285742435, 53.44640287317761], [9.917174404777473, 53.446559959173754], [9.916951334351493, 53.44670687228413], [9.914948354311507, 53.44811711951166], [9.914173537584697, 53.448440851064206], [9.913455703409467, 53.44884809087265], [9.91267990114545, 53.44898580912875], [9.911620486494268, 53.44927878881819], [9.91125463711781, 53.449556834506716], [9.911215198558763, 53.449972574521496], [9.909945032535585, 53.451716670689926], [9.909691246728716, 53.45236022542314], [9.908429848517427, 53.453047949977574], [9.908200872563095, 53.45358383933612], [9.90755173629287, 53.45387253007548], [9.906216241310503, 53.45413946708982], [9.904665981397915, 53.455548233456526], [9.904284676055536, 53.45631347355279], [9.904292748039747, 53.456711825680884], [9.903089658590382, 53.45602663737163], [9.90250604646376, 53.45597755342083], [9.901725195092702, 53.45621668849197], [9.901084112150825, 53.4561911422044], [9.900865562435424, 53.4562435335422], [9.900613451178184, 53.45645934688587], [9.900604091436358, 53.45652591850336], [9.900886110027592, 53.45677314885724], [9.900862989567612, 53.4569886471175], [9.90069562693302, 53.45720968242302], [9.900454474868253, 53.45731094608785], [9.900016681190811, 53.45728596518136], [9.899694155710014, 53.45735175817696], [9.899386746708617, 53.457465123457254], [9.898975333305911, 53.45765093129495], [9.898770075034063, 53.45798016258531], [9.898438568068398, 53.45745959166271], [9.898418399150676, 53.45709632473793], [9.898600720960356, 53.456434797203045], [9.898416692324352, 53.456020859693076], [9.898171016164028, 53.455498725591575], [9.897971756282937, 53.45503773626483], [9.900176233815893, 53.45404929460783], [9.899417973301286, 53.45416982263012], [9.898797833149548, 53.45425374609899], [9.89839974803098, 53.454364015677655], [9.898105776790342, 53.45433183372298], [9.897624724038142, 53.45421787199374], [9.897581126432264, 53.453791542736454], [9.897575910902438, 53.453740604951165], [9.897482470028953, 53.45374796781033], [9.897267764285475, 53.453775145377804], [9.89705052598476, 53.45381222055202], [9.896843932912534, 53.453859939369934], [9.896645483807806, 53.453918958881395], [9.896455183506324, 53.45398665428428], [9.896188879948916, 53.4541067684161], [9.895942802581207, 53.45423915315155], [9.895787867111785, 53.45434008449566], [9.895651751433148, 53.454450825439984], [9.89553501176616, 53.45456917854885], [9.89506486165662, 53.4551074158263], [9.895001450525582, 53.45519442852266], [9.894972647739033, 53.4552692714405], [9.894929274605055, 53.45541183019066], [9.89491950471365, 53.45550586598692], [9.894948822018687, 53.45583223680208], [9.894642813248135, 53.45581740445387], [9.894184659823674, 53.45579519746851], [9.89363797399068, 53.45532214863745], [9.893131318264587, 53.45488370257863], [9.89272300779509, 53.45453038304288], [9.892332112431319, 53.45419210557295], [9.892281074270588, 53.45414755046108], [9.892170253887812, 53.454050792857444], [9.89196246703171, 53.453869372063764], [9.89178706971794, 53.453236260678146], [9.891768758521112, 53.45317018395444], [9.889511304748593, 53.45197078425178], [9.888724938465348, 53.45057736359956], [9.888251148757876, 53.45042212237845], [9.886206014247568, 53.44975198455886], [9.885967802938971, 53.450121529716164], [9.883662732983476, 53.44867480540959], [9.88357070484817, 53.448617039216266], [9.880010225474782, 53.44638208564629], [9.877277200795056, 53.44466630042956], [9.877142342370796, 53.44458163393572], [9.875106595445585, 53.44330346964298], [9.87505908287878, 53.44327363241922], [9.874810036074475, 53.44311724897648], [9.87329811756838, 53.442167884005336], [9.87257008912487, 53.442420627907225], [9.8723052833992, 53.4424511830127], [9.871332017390449, 53.442563466938175], [9.870903681929319, 53.44273720277774], [9.870352720947375, 53.44296067708877], [9.869797002362727, 53.443383452901614], [9.869768926840644, 53.44347136355056], [9.869567585340928, 53.444101892487836], [9.868893822982198, 53.44455373977568], [9.867531468062095, 53.443660070140844], [9.867130878709885, 53.443397280070165], [9.867175571126069, 53.44225605561074], [9.867256757275385, 53.44189486120017], [9.86740160851413, 53.441375356574056], [9.867476882338295, 53.44093029201], [9.867462510547421, 53.440889190525404], [9.867403584151901, 53.44072063308376], [9.86692896936397, 53.44010513669948], [9.866474745452136, 53.439871858181796], [9.866206986303972, 53.439843237268256], [9.865453385993915, 53.439917115177195], [9.865208280500124, 53.44001945130929], [9.864542512928104, 53.44022125776505], [9.864160329154245, 53.44035256666317], [9.863407339060961, 53.44042968124077], [9.862229390008181, 53.43999896608217], [9.862031992193902, 53.439844304735466], [9.860700534044568, 53.43843412883357], [9.860639676762892, 53.437214922738114], [9.860042747996442, 53.436294975807336], [9.86087505737353, 53.43573420238531], [9.861575993392766, 53.435412410088254], [9.862209240387465, 53.43482290449981], [9.862511708175063, 53.43381896136835], [9.863485155981595, 53.433506057338825], [9.864051983235857, 53.43304049559931], [9.864095284846519, 53.43234943529964], [9.86469865803718, 53.43199320968645], [9.86438484159206, 53.43113874167491], [9.86467785137501, 53.43058397272], [9.86402454329383, 53.430180326769914], [9.863281456211354, 53.430159415706385], [9.862173440729398, 53.42983829288197], [9.861831161313468, 53.4296173306751], [9.861736227119113, 53.42975392140997], [9.861616657552702, 53.430069329598616], [9.861591604011503, 53.43040904552335], [9.86111981648511, 53.430819311064624], [9.86111099834542, 53.431374180020185], [9.860958527864977, 53.431614190596896], [9.860620929499769, 53.43174231765814], [9.860315820122485, 53.43201473599061], [9.860012346575482, 53.4321939071352], [9.859771819614377, 53.43264759098635], [9.859430374638086, 53.43313475660979], [9.859362139330928, 53.43355767967573], [9.858886987117357, 53.43407110971713], [9.857968283280139, 53.43446462828229], [9.857360566997318, 53.4345923846328], [9.856972861897383, 53.43487357600806], [9.856934678381519, 53.43486040230742], [9.856545098566349, 53.43491313075598], [9.853132659956394, 53.437639931819966], [9.852996846938254, 53.43774836586035], [9.852204765087407, 53.43838184180028], [9.852100977708405, 53.43846669275536], [9.851268801675833, 53.43913217068343], [9.850905752083564, 53.4394224968244], [9.85077802178936, 53.43952463229792], [9.850407719481353, 53.43982075254189], [9.84956371780025, 53.44049528251738], [9.848672272395744, 53.44120716931713], [9.848509334120395, 53.4413373555441], [9.846708423668323, 53.44278593576223], [9.842220767262319, 53.44639507997366], [9.839520031684344, 53.44855400018495], [9.839379176697806, 53.44866605835763], [9.836543907569482, 53.45092155184725], [9.83266148782611, 53.452837779187426], [9.826733041370296, 53.45576327232846], [9.825835575379013, 53.45620623703169], [9.82478003470199, 53.456727205161265], [9.814903761438126, 53.4616006092896], [9.814039234891379, 53.46202711530731], [9.81400316819019, 53.462044862588094], [9.813997497773382, 53.46204765184977], [9.813812821886518, 53.462138548046724], [9.813101507993085, 53.46248864884095], [9.80763092381969, 53.46274558551888], [9.80747621613828, 53.4627528514947], [9.80722294660217, 53.46293687742602], [9.807275118514571, 53.46319302568945], [9.80732358234111, 53.463322768883586], [9.807274970543618, 53.46352346182385], [9.807319865587361, 53.46370008870771], [9.807151666201948, 53.46407546345803], [9.807147172312833, 53.464165725246325], [9.807214645078394, 53.46428108352884], [9.807199738134452, 53.46444813664606], [9.80739295060904, 53.464466885678306], [9.807334114253605, 53.4647384718964], [9.807290307108534, 53.46491301034106], [9.8072450000397, 53.46509346465893], [9.807234801473463, 53.46513075693893], [9.807174823861615, 53.46535022363937], [9.80689388936688, 53.46595253117395], [9.806720111097603, 53.46632511128221], [9.806695893188456, 53.466377024348176], [9.806586849561974, 53.46658390476698], [9.806579738927773, 53.46659660026096], [9.806442754879447, 53.466841090260445], [9.806087056824309, 53.46738966073405], [9.805979150014963, 53.46737135894646], [9.80583578998565, 53.46732963716315], [9.805508969308624, 53.467172987493186], [9.805318266490108, 53.46709881040508], [9.804810518766583, 53.466999037813665], [9.804318726046395, 53.466936693652194], [9.804172383312268, 53.466941831525965], [9.803702454847917, 53.46692916359421], [9.803468288154642, 53.46684500149079], [9.80343663035577, 53.46689564252475], [9.803409580663432, 53.46708820651306], [9.803380643888254, 53.467294131807975], [9.803360558009647, 53.467525229643066], [9.803356674284865, 53.46757165685563], [9.803316732989824, 53.468010191945865], [9.803289084838644, 53.46831633560807], [9.803263041525666, 53.46860377138933], [9.803246491754464, 53.46878763528133], [9.803200521183527, 53.46929553374082], [9.803198143401545, 53.46931641313389], [9.803032562152124, 53.4693243665999], [9.802394334426829, 53.46935504555052], [9.802176072579268, 53.469365526892126], [9.801739548887925, 53.46938650635611], [9.80112345357176, 53.46938777090731], [9.801007772789205, 53.469388007063586], [9.800480841877931, 53.469406558631704], [9.800258941222664, 53.46940062900256], [9.800095718695276, 53.46939626568497], [9.800032747395175, 53.46940272789043], [9.799874837880516, 53.469418931424975], [9.79980624299165, 53.469425970492125], [9.799811333672146, 53.46947077341362], [9.79982084957939, 53.46955463076685], [9.799831736264727, 53.46965049719894], [9.79983603460563, 53.4696884108797], [9.799849414796627, 53.4698063195553], [9.79986035576317, 53.469902662033356], [9.799864599165739, 53.46994005471906], [9.799876462392481, 53.47004457997355], [9.799887351198823, 53.47014054525805], [9.799901434084342, 53.470264561716654], [9.80009420954612, 53.47196262695249], [9.800095059224805, 53.47197015401945], [9.800096227899786, 53.47198022282876], [9.800100266659616, 53.47201472241672], [9.800100746403665, 53.47201940245737], [9.800102000714487, 53.47203001902027], [9.800143998214553, 53.472375678274354], [9.800293468281899, 53.47361443575248], [9.800311033014282, 53.47376002027809], [9.800313809947003, 53.47378268983168], [9.800318067586726, 53.47381759244068], [9.800318868444837, 53.473824122055674], [9.800356565402758, 53.47414281608031], [9.80036481795879, 53.474335574122755], [9.8004192577344, 53.47473847245897], [9.800495646828146, 53.47532045467898], [9.800487408185717, 53.47539107323391], [9.800460538267401, 53.47542043139555], [9.800359472017648, 53.475373457821675], [9.800198230142051, 53.47529058968075], [9.799975813171137, 53.475258037585334], [9.79981779013603, 53.47523490601746], [9.799735851516195, 53.47521550788418], [9.799633541969238, 53.47519129308644], [9.799527986298202, 53.47519316791436], [9.799501446810279, 53.47519364210859], [9.79933946760296, 53.475172433048435], [9.799188788450966, 53.475122329581794], [9.799050041802497, 53.475141145424374], [9.798932668492021, 53.475125102839556], [9.79882281989163, 53.47512944175427], [9.798704605146815, 53.475115121462366], [9.798516494008775, 53.47512167306845], [9.798479497025545, 53.47513092721766], [9.798591682793385, 53.475258288277196], [9.798592165319626, 53.47531207500727], [9.798730310986562, 53.47556209662893], [9.798757824006158, 53.47563751890019], [9.798768651927466, 53.47573350257959], [9.798759154554645, 53.475796623631524], [9.79876654478723, 53.475897295557495], [9.798835048493208, 53.47602442698544], [9.799022841297967, 53.476244542685556], [9.799129507064718, 53.47638421007065], [9.799415919757438, 53.476809476895774], [9.799470104418099, 53.47703397328313], [9.799528229868715, 53.47725325664392], [9.799678204691581, 53.4776044586221], [9.79973277300981, 53.47776829479877], [9.799796490042558, 53.47798992266509], [9.799889582040448, 53.478327248534], [9.799967654260618, 53.47865586567802], [9.799988558226703, 53.47878424988021], [9.799986719464746, 53.478963663824075], [9.799973818207661, 53.47959796611328], [9.799973959171066, 53.479648716823434], [9.800045595343915, 53.479777633319806], [9.800162700061799, 53.47992044790117], [9.800292167039181, 53.48023968674048], [9.80033301642318, 53.480530196941224], [9.800335601320425, 53.48067394899649], [9.800289910119487, 53.48083881579059], [9.800174645716675, 53.481122308225274], [9.800145560429455, 53.48118789761037], [9.800122758251902, 53.48129109066606], [9.800120441846095, 53.481369004458465], [9.800185663331249, 53.48161331904612], [9.800232245212872, 53.481894505245535], [9.800281437697825, 53.482204672299396], [9.800313580450382, 53.482475258275954], [9.8003183818514, 53.48262707651167], [9.800272333025124, 53.482781860029], [9.800100365027328, 53.48316439470658], [9.800038297402327, 53.48330246702602], [9.799984804159036, 53.483537454726076], [9.79998881105647, 53.48359182904025], [9.80000025008164, 53.48374726133039], [9.800017329251144, 53.48389168035181], [9.800029868209977, 53.48399743232614], [9.800035138450564, 53.4840428541719], [9.8000455687699, 53.48413264689202], [9.800077615328103, 53.48440852798151], [9.800342705624335, 53.485067494833515], [9.800424093727464, 53.48526956969571], [9.800480101209878, 53.48540108944036], [9.80065184441237, 53.48574982488643], [9.800778037637961, 53.486038917977005], [9.80081388408195, 53.486144936154275], [9.800839508770776, 53.4862907629519], [9.800835812388783, 53.48643137486667], [9.800833112879964, 53.48659290636852], [9.800828002121294, 53.486935275685944], [9.800797804958945, 53.48693558588537], [9.800778307892557, 53.487043889507376], [9.800763521761304, 53.48731429519193], [9.800777242612423, 53.48752584800518], [9.800780003242158, 53.48762040221144], [9.800793116496457, 53.4877020688156], [9.800792131158373, 53.48803463045386], [9.800809861011402, 53.48812453594902], [9.800845767790962, 53.488216054512826], [9.800901304942972, 53.48829752671677], [9.801125992419339, 53.48856287568643], [9.801398795220518, 53.488905116655], [9.801696402279605, 53.48919732894645], [9.801871683371974, 53.48934472237511], [9.80227949935115, 53.489713273961314], [9.802395302541637, 53.489860328754965], [9.802458839814179, 53.489987662044605], [9.802507716022829, 53.49018307711824], [9.802508224220514, 53.49036329302949], [9.802490905084957, 53.49047503400881], [9.802462246932834, 53.49055540779103], [9.802409876384528, 53.49072026603012], [9.802365226593356, 53.49089890639295], [9.802329849799513, 53.49116797616362], [9.802339645650418, 53.491438612383135], [9.802374678974747, 53.49162007966539], [9.802380637845893, 53.49167863857006], [9.802415369114366, 53.49177062295526], [9.802445673376322, 53.49191473695201], [9.802485204270972, 53.492470122898915], [9.80251972315376, 53.49274002675469], [9.80256123626912, 53.49300671952018], [9.802614308584397, 53.49327805383474], [9.802705539828851, 53.49365111136355], [9.802745924824574, 53.49381805237229], [9.80276310659127, 53.493840274488875], [9.802590583825923, 53.49385847608595], [9.802435298972965, 53.493863563704835], [9.802241095937969, 53.49388155977534], [9.802117660624791, 53.49389216815087], [9.802108293137396, 53.493891017507096], [9.80201904487678, 53.49388003864081], [9.801796530909241, 53.49381242454155], [9.801416296644494, 53.49370781746398], [9.801385022265352, 53.493699217993615], [9.801106168130326, 53.4936525829864], [9.800804496206153, 53.493602118108015], [9.800635197471983, 53.49357380450029], [9.800480889539882, 53.49355708486636], [9.800353316863472, 53.49354326922143], [9.80030012216043, 53.49353448365478], [9.800147004933079, 53.493521746705994], [9.800001587434567, 53.493509650174595], [9.799827758270263, 53.493514489979965], [9.799589643407854, 53.49352112591727], [9.799471694293473, 53.49351484959399], [9.79911870692015, 53.49349605013258], [9.798824782145049, 53.49350070256105], [9.79865187525078, 53.49351933250888], [9.798502078319919, 53.49354770463929], [9.798253223093207, 53.4936205592412], [9.798054123130457, 53.49367000652908], [9.797914503717136, 53.49369295256051], [9.797810212978316, 53.493703635428076], [9.797438044687263, 53.49372467214196], [9.79730628142204, 53.493747789770865], [9.796970983144243, 53.49380662025082], [9.796709005029973, 53.493847064123614], [9.796336690649234, 53.49388212111284], [9.795781645353106, 53.4939692260784], [9.795445626088496, 53.494021953579896], [9.79517314448327, 53.49407559680706], [9.79490726166151, 53.49411377051738], [9.794542171667825, 53.49416617643109], [9.794043879787298, 53.49428594832856], [9.79393275598544, 53.49431265551832], [9.793736016425436, 53.49434767963548], [9.79359166539206, 53.4943733756678], [9.793364457365975, 53.49441629598511], [9.793224096156091, 53.49444822138538], [9.792960935271562, 53.49450808095576], [9.79290553208289, 53.494520682429254], [9.792782579097143, 53.4945371657001], [9.792718302910147, 53.49452663449619], [9.792631398499205, 53.49449093149809], [9.792416211541752, 53.49440252291458], [9.792283029732248, 53.494373247916165], [9.792138950284924, 53.49434158202469], [9.791911509420979, 53.49430654012529], [9.791481693127393, 53.494240307107944], [9.791288602080789, 53.4942260616724], [9.791126138233993, 53.49421407618105], [9.791002243454585, 53.49419209123453], [9.790971059891737, 53.494183416532664], [9.790856250973475, 53.494151501463975], [9.790551575491163, 53.494036328291344], [9.790360983441909, 53.49396428398982], [9.790247561293594, 53.49393798623869], [9.789948987291416, 53.49388896567577], [9.789794435103735, 53.49384919524181], [9.789733485413747, 53.49382857285489], [9.789465071254494, 53.49374686581903], [9.789142493396893, 53.49364866155252], [9.788827035426642, 53.49358476511931], [9.788621229395924, 53.493543075195156], [9.788538008368128, 53.49352280588746], [9.788310756228958, 53.493467467894156], [9.788234280502252, 53.4934524573566], [9.787913884539098, 53.49338955289919], [9.787619914093597, 53.49335514814102], [9.787523611005552, 53.49334388135035], [9.787275197267816, 53.49330316198373], [9.786943233759084, 53.49324874475845], [9.786568699777382, 53.493177842413196], [9.786313049409435, 53.493128799980695], [9.786025014847871, 53.493074495714055], [9.785831287258002, 53.49304418245093], [9.785739356737585, 53.49303210344087], [9.785485049634653, 53.493006709270816], [9.785449717079944, 53.49300179979255], [9.785344399349436, 53.49298715671703], [9.784675498599272, 53.49283448631623], [9.784010162117672, 53.49271788833756], [9.783839599926068, 53.4926897300555], [9.783688572210112, 53.492664796321186], [9.783570845997662, 53.49264091152581], [9.783225006153925, 53.49257074546296], [9.782953303680076, 53.49251561666417], [9.78284662306011, 53.49248987899469], [9.782487154156998, 53.492414514577476], [9.781992729561747, 53.492317514842824], [9.782004136129833, 53.49234024512325], [9.78204154855288, 53.492414833162044], [9.782068289773832, 53.4924681512992], [9.782114933800507, 53.49256111519954], [9.78313214547535, 53.49458860377399], [9.78291570035069, 53.49455277159612], [9.782967570904212, 53.494734475526606], [9.783147334231522, 53.495469382850175], [9.783312395722067, 53.49614238059206], [9.783444273245044, 53.496680743748186], [9.783562046830966, 53.497152213737586], [9.78364005499314, 53.497514953626116], [9.783746219866496, 53.49785534215489], [9.783922669070009, 53.49833310574858], [9.784050041909778, 53.49862568664803], [9.784624800971006, 53.500011647013345], [9.784319617405263, 53.500044293061414], [9.784211605090448, 53.500047132100576], [9.783864226616815, 53.50005626013393], [9.783725037043935, 53.500059914423886], [9.783573546586766, 53.50006363120901], [9.783059219939462, 53.50007623322346], [9.782908298731241, 53.500290061350995], [9.782775810869296, 53.500476702942095], [9.782766147474351, 53.50046935935573], [9.782709665150525, 53.5004264116266], [9.78262310731064, 53.500293483982446], [9.782558353556377, 53.50019759168824], [9.782492487770243, 53.500150183861706], [9.782455360962057, 53.500123460145005], [9.782326707936194, 53.50007709242904], [9.78229798739921, 53.500072956725674], [9.782148232237372, 53.500051374526834], [9.7819776330284, 53.50002765430508], [9.781821241750839, 53.50000590836444], [9.781805510509484, 53.500019458671865], [9.781744767703877, 53.50006935789652], [9.781723423536988, 53.500072823381636], [9.781681741182483, 53.49998282028495], [9.781661715550864, 53.499979283760446], [9.781632811727771, 53.50003894343026], [9.781606949074142, 53.50003936423155], [9.781478771365814, 53.49997532927869], [9.781385089596261, 53.49992697008967], [9.781137667754086, 53.4998050165788], [9.78111100161111, 53.49981338872522], [9.781138087927362, 53.50005177753929], [9.781169514388532, 53.50018425754609], [9.781156137851514, 53.50034396112433], [9.781200555405725, 53.50046469759854], [9.781293484739416, 53.500609836503145], [9.78117966039821, 53.50069845603916], [9.781166151682651, 53.50078290527939], [9.781182818585949, 53.500830887050924], [9.781215616650668, 53.500919024743375], [9.781322569719482, 53.501142149671495], [9.78148876535237, 53.501524638175574], [9.781487846400418, 53.50155090978788], [9.781242573196026, 53.50158571808525], [9.780923592926731, 53.501617384889656], [9.78042718998625, 53.50165801169609], [9.78009693824473, 53.50168759253973], [9.779930569499673, 53.50170162217609], [9.779456345602053, 53.501741605843165], [9.779282515014103, 53.501768869964934], [9.779275489019634, 53.50177049781673], [9.779196582712244, 53.50178883720018], [9.779106025052766, 53.501820493138084], [9.779030415459285, 53.50184761106837], [9.778616059394432, 53.501996254683924], [9.778511779772167, 53.50203359963738], [9.778136928545823, 53.50216782675423], [9.777955560560304, 53.5022298711499], [9.77791023085784, 53.50225244066703], [9.7778035253848, 53.50230558530954], [9.777729987260406, 53.50234218122022], [9.777716116618539, 53.50235371434565], [9.777509264999553, 53.50252603799212], [9.777411555860175, 53.502581469869234], [9.777311101930644, 53.50262038890985], [9.777149791242023, 53.50268287693292], [9.776800067809045, 53.502833017606164], [9.776619705459208, 53.502932195587654], [9.776566035544898, 53.50295800084596], [9.776459069281032, 53.50300943807362], [9.776218335794223, 53.50311433798625], [9.7754499337158, 53.503340748825025], [9.775325047036231, 53.50337035036574], [9.774862128360173, 53.50348005923708], [9.77440267182958, 53.50359289898419], [9.774013295437692, 53.50369268076662], [9.773947488815041, 53.50370954755023], [9.773640774545825, 53.50380161975025], [9.773426916362368, 53.503866968656155], [9.772953424787866, 53.504028424702405], [9.77275664878742, 53.50409552264803], [9.772402184265884, 53.50420696577973], [9.772230063615321, 53.504261085364156], [9.771858665175774, 53.5044215448858], [9.77141610175981, 53.5046237485293], [9.771338882602475, 53.504652444997404], [9.771082228096207, 53.50474780109964], [9.770869729030851, 53.50481457485237], [9.770828515443187, 53.50482752395395], [9.770761440335066, 53.50484860395702], [9.770728635220317, 53.50486211904292], [9.770622736881492, 53.50490575073403], [9.77053341884662, 53.50494162590417], [9.770345450330131, 53.50496770065299], [9.770100747749789, 53.50502475680319], [9.77005035979118, 53.50503650629056], [9.769932102870158, 53.50507466183404], [9.769841904064839, 53.50510774660837], [9.769775529947179, 53.50513677671725], [9.769732037810659, 53.50514217145633], [9.769701002399925, 53.50514603876133], [9.769554325313127, 53.50516433166771], [9.769247207965693, 53.50521775182656], [9.769212728124975, 53.50522375356072], [9.768832396342011, 53.50528991358702], [9.768751568723172, 53.505351836575244], [9.768529315172893, 53.505570734080294], [9.7683897225682, 53.50570823572831], [9.768304422191994, 53.50577720748534], [9.768185996719168, 53.5058729542429], [9.768074886352341, 53.50593882871516], [9.767971488551323, 53.50600014110846], [9.767622953523654, 53.50618262505042], [9.767519530603057, 53.506236773056585], [9.767197050806521, 53.506456212595104], [9.767156772408871, 53.506513586535554], [9.767097104526782, 53.506598590907444], [9.766890960006418, 53.50670083187546], [9.766854659701846, 53.50671883578997], [9.766316064074518, 53.50694720074649], [9.765715257893339, 53.50718611020523], [9.765223506049669, 53.507275040020616], [9.765112984318192, 53.507306237766365], [9.765112414312986, 53.507306403214635], [9.764866661390968, 53.507416804378565], [9.7647824119354, 53.507454197856205], [9.764620868813846, 53.507534288533606], [9.76440038049083, 53.507643592285135], [9.764312848762474, 53.50778187977779], [9.764066888268442, 53.50796233104516], [9.76360420475037, 53.5081943602945], [9.763588589370626, 53.50825343615956], [9.763582537173777, 53.50830094515689], [9.763595278533362, 53.508318544923526], [9.76384320175838, 53.50880891413319], [9.763854140000346, 53.50883104680492], [9.764269045287808, 53.50967111254607], [9.764682280537508, 53.510488688269525], [9.765001171802668, 53.51114104821621], [9.765796279487656, 53.51268706221755], [9.766151690310599, 53.51337399897902], [9.766399924506539, 53.51385071552569], [9.766508782655984, 53.514089121991525], [9.766521692461426, 53.514166029023], [9.7664374100818, 53.514302544237395], [9.766374927950967, 53.51447129760656], [9.766297580085496, 53.51479913261786], [9.766506395274096, 53.51519109364037], [9.766760721554732, 53.51565357683209], [9.76685693843307, 53.51582379343632], [9.76703789093842, 53.516166376497694], [9.767158669941727, 53.5163945753565], [9.767163418067414, 53.51640277870527], [9.767374653716603, 53.51676754923194], [9.767789721725991, 53.517461558683316], [9.76788482451172, 53.51761307572663], [9.768175119404264, 53.518057077362656], [9.768378540947024, 53.51836497868207], [9.768464533619614, 53.5185112503626], [9.768484827611383, 53.51855836547454], [9.76849254265979, 53.51857630263332], [9.76852408188171, 53.518648064876125], [9.768673927054536, 53.51908550721568], [9.768767770261622, 53.51937868737746], [9.768903848494118, 53.51970276927637], [9.76901095184971, 53.519911781982074], [9.769077443704603, 53.51995374584038], [9.769121584213119, 53.51998164203101], [9.769348002753292, 53.52009440696903], [9.769779149517833, 53.52034632273879], [9.76980083497395, 53.52036689349318], [9.769859506942156, 53.520422543394], [9.77001034987911, 53.52061361939497], [9.770265177133354, 53.52091935264076], [9.770511268771138, 53.52123140688232], [9.770569627090142, 53.5213053957635], [9.770618775859715, 53.52136892698848], [9.77061923924196, 53.52136952625659], [9.770733072207717, 53.52151647077392], [9.770999126634825, 53.52177453396528], [9.771055154043706, 53.52182888795394], [9.771056259365842, 53.5218299505021], [9.771070594661463, 53.52185352576602], [9.771656942959323, 53.521676671096635], [9.772072316251899, 53.521551381277696], [9.773300900042686, 53.52118078512934], [9.774041678853242, 53.520967233916984], [9.774145537090915, 53.52093628694963], [9.774209381168538, 53.52091290696422], [9.7743300717362, 53.520868700107094], [9.774526802022708, 53.52079663841159], [9.774566207178253, 53.52078216272828], [9.775083924334975, 53.520591910834405], [9.775324112768265, 53.52050447374967], [9.775494381009187, 53.520449606985586], [9.775713847230197, 53.52037888800352], [9.775791182709055, 53.52035020608191], [9.776091594713922, 53.52023879882078], [9.778502221206764, 53.519338287933074], [9.781063208412908, 53.51838852941388], [9.781079101937534, 53.518407203369236], [9.78113261036808, 53.518470926579], [9.781165530356663, 53.518510001921996], [9.781291625904137, 53.51865786317438], [9.781147666292352, 53.51878187967952], [9.78077422905015, 53.51912936638611], [9.780394923365275, 53.519516513202014], [9.780152428948334, 53.51974356398542], [9.779935659685462, 53.520014743674295], [9.779859359847267, 53.52018833134274], [9.779764995715656, 53.52054459201722], [9.779728749602688, 53.52072442630253], [9.779608102904941, 53.52107630983973], [9.77940810466043, 53.52150407332376], [9.779200633821628, 53.52193993916851], [9.779040561206882, 53.522285849678134], [9.778906536036821, 53.52263422400351], [9.778903983158182, 53.52266198031891], [9.778883419614031, 53.522686429199844], [9.778887423666667, 53.5227624490422], [9.77888834268782, 53.52285201724499], [9.778762841196006, 53.52320061449649], [9.778663028239313, 53.52330174225903], [9.7785746377583, 53.52328546371751], [9.778498152946762, 53.52344135249177], [9.778467410412198, 53.52359269166161], [9.778437505775623, 53.52359063914144], [9.77835972960154, 53.52391476307909], [9.778250606562159, 53.52420514898281], [9.778126301616545, 53.52465245351891], [9.778099041102069, 53.52475438500854], [9.77809503165468, 53.52476772362681], [9.778018794793743, 53.52495302203302], [9.777976370021658, 53.52508357386427], [9.777884895933925, 53.52506220020072], [9.777516800290257, 53.52501224318782], [9.776994849706833, 53.52496939738766], [9.77653220919435, 53.52494527448487], [9.776535450243786, 53.52493195888903], [9.775204391740822, 53.52482597896342], [9.775104433514368, 53.524799183958635], [9.774760704981137, 53.52477400463689], [9.774500957554844, 53.52477880658361], [9.77445658589037, 53.52480651905035], [9.774417088384265, 53.52491620543057], [9.77436859325549, 53.525050327893936], [9.774368326600326, 53.5250952560125], [9.774350497941471, 53.52514827998802], [9.7743040255648, 53.52519730963032], [9.774171220062064, 53.525225549696025], [9.774278704147365, 53.52531510200492], [9.77436712562594, 53.525418126152324], [9.774448657609009, 53.525527154480635], [9.774578203697873, 53.52572784587021], [9.774768595595727, 53.525864393782626], [9.774999952269017, 53.52596001920861], [9.775036773019119, 53.526054927763916], [9.775044545539249, 53.52607495852459], [9.775023274052566, 53.526140993830495], [9.774885840571274, 53.52624806113232], [9.774787392118752, 53.52629838060013], [9.774608070917527, 53.526390033412646], [9.77446747021201, 53.52655099105054], [9.774351482666347, 53.52672902977488], [9.774254417528288, 53.52690575033139], [9.774242866097888, 53.52703914806443], [9.774252758912246, 53.52708445982584], [9.774259952447862, 53.52711742037883], [9.774269820305017, 53.52713737469564], [9.774279054897312, 53.52732938908431], [9.774258186066518, 53.52740105764939], [9.774221681422937, 53.52745745648488], [9.774174931288261, 53.5275046361417], [9.774116404650321, 53.52756370339801], [9.773947806972721, 53.52762580226238], [9.77390681910667, 53.52764484530716], [9.773701773963294, 53.52774007898019], [9.77366182813937, 53.52777823452255], [9.773521875737703, 53.52796445450379], [9.773372916579138, 53.52794783581949], [9.772988848971245, 53.528010194162285], [9.772507312085377, 53.52814727626135], [9.772097502673306, 53.528245187207716], [9.771888822752015, 53.528313474609725], [9.77180948059266, 53.52834889054476], [9.771633550403617, 53.52842790555195], [9.771615226425244, 53.52844315206418], [9.771492939527924, 53.52850129909782], [9.77146741695456, 53.52852388200406], [9.77144225663697, 53.52854979743716], [9.77129601583015, 53.528602318966286], [9.770983578823493, 53.52875164346589], [9.770915299624647, 53.528811500105796], [9.770799055309226, 53.5288502634223], [9.770759987443169, 53.52887133347258], [9.770582292968198, 53.52897804399307], [9.770309885778127, 53.52916040348737], [9.770279174255153, 53.52919804894519], [9.770055139930507, 53.52936424885252], [9.769874004740235, 53.5295251833118], [9.770082362996778, 53.52961496173337], [9.770097887839013, 53.52962249329452], [9.770117294021816, 53.5296319144839], [9.770190000969118, 53.52967377475283], [9.770223852931654, 53.52974349905677], [9.770308995071408, 53.52984874053456], [9.770365803629822, 53.529899871756555], [9.770399879140205, 53.52994780556248], [9.770413976699205, 53.529983085913244], [9.770478600222653, 53.530015919335256], [9.770473465097222, 53.53009456902855], [9.770506087250205, 53.530173793414626], [9.770554565121644, 53.53020561621392], [9.770571152367749, 53.53030323624947], [9.770585277467696, 53.530343343421066], [9.7706227782303, 53.530402077679796], [9.770581268244658, 53.53043912762226], [9.770560036536683, 53.53049621788433], [9.770564202951375, 53.53050715744853], [9.770580232316199, 53.53052666785082], [9.770674280894633, 53.53064120008344], [9.770750279415124, 53.53073376295207], [9.770771524904706, 53.5307538779158], [9.7709211346708, 53.530895548729106], [9.771011222063217, 53.53092895477765], [9.771129425118334, 53.53097279529381], [9.771159469536459, 53.53098393649269], [9.771223825397872, 53.53103928834082], [9.771261191395421, 53.531071425220475], [9.771179941408468, 53.531164903087074], [9.77110013917518, 53.53126999415935], [9.771038460995161, 53.53138033466154], [9.771007249435131, 53.53143618596034], [9.770985123911158, 53.5314739649869], [9.77098213321303, 53.53148042029527], [9.770760629278957, 53.531962617539406], [9.770186613609347, 53.53321210022773], [9.770002650899952, 53.53356318528401], [9.769854523887492, 53.53376064445889], [9.76938498385134, 53.53369139604214], [9.76916529748117, 53.534105667557796], [9.768400569851117, 53.53555386167694], [9.768164718150713, 53.536004738779205], [9.768125179008898, 53.53607273276439], [9.767979299121707, 53.53634696682236], [9.76746458539458, 53.53734557993089], [9.767448862516947, 53.53737562270018], [9.767145120977716, 53.537968525641524], [9.766849849334237, 53.5385713330598], [9.766795232580867, 53.53868283040065], [9.766417599277093, 53.539414795144154], [9.76595988402306, 53.54031058986925], [9.765628140236522, 53.54099475186424], [9.765585889117048, 53.54108186358596], [9.76584499923917, 53.541038685048626], [9.766129328215744, 53.541005708527194], [9.76651873815887, 53.54096054313106], [9.76667233447978, 53.54095247532312], [9.76702341357438, 53.54093402616154], [9.767020044376945, 53.540991405595705], [9.767009177263258, 53.54117662753563], [9.767093270759542, 53.54206942651443], [9.767110877107262, 53.5420716686565], [9.767447138519271, 53.54211454533574], [9.768028968577852, 53.54218872542589], [9.768369170190558, 53.542227412377066], [9.768630180864434, 53.54224976227057], [9.769216847030698, 53.542247527291025], [9.769328721235555, 53.542308552027286], [9.769415663343903, 53.542338671620634], [9.769799637411092, 53.54247168047457], [9.769820017713611, 53.542448798517846], [9.76986311457382, 53.542400385822184], [9.769914546281852, 53.542338094606905], [9.770816728134918, 53.54265023645043], [9.7708542086801, 53.54266320846751], [9.770876153226798, 53.54267079742272], [9.770936276644827, 53.54271151584444], [9.771277843284716, 53.5429427987203], [9.771365525063835, 53.5429910426315], [9.77139964057129, 53.543009816010446], [9.7714742282182, 53.543050854349296], [9.771501224955395, 53.54306570954117], [9.771635879294998, 53.5431392864044], [9.772322968771418, 53.54351474670364], [9.77343949595726, 53.54298758910527], [9.773627447508309, 53.54290511422611], [9.773757139870382, 53.542858692736885], [9.774028045873767, 53.542780327707874], [9.77438132199982, 53.54269968488308], [9.774629355707734, 53.54258869324623], [9.774935367094903, 53.54243138340733], [9.775476733097351, 53.542089003543985], [9.775956952394315, 53.54185608865865], [9.776309027422128, 53.54159824168971], [9.77674322112471, 53.54143352414574], [9.777668480722555, 53.54112170115802], [9.778179321158325, 53.54092966615868], [9.778685796262817, 53.54067680284485], [9.779036616743896, 53.54050164435347], [9.780371332940938, 53.53977324038114], [9.78106297892641, 53.5394440205231], [9.781489886245774, 53.53924800698843], [9.781736837296691, 53.53914095361524], [9.782277038327944, 53.53892805259086], [9.782912538358637, 53.53869212498963], [9.783290328580064, 53.53858198247537], [9.783686125852151, 53.53845424641016], [9.783960608934752, 53.53836209127572], [9.784332243915943, 53.53822701474408], [9.784733930160556, 53.538050885475535], [9.78486954398244, 53.537990758879054], [9.785097905625548, 53.53788949247411], [9.785407510906973, 53.53775253662103], [9.785668014428177, 53.53765475243052], [9.7860318089064, 53.53758416323478], [9.786373003215264, 53.53753256220394], [9.786495847508847, 53.53751395637555], [9.786853970476074, 53.53747128542431], [9.787386978385372, 53.53723430031425], [9.787916187590119, 53.537020592023346], [9.788232857557821, 53.53689355988071], [9.78840213282035, 53.53685164351741], [9.789104037349533, 53.536668584844605], [9.789304713247008, 53.536616239644], [9.789962931097138, 53.53646822419435], [9.790006341324036, 53.53645846315124], [9.790048573091777, 53.53645267396834], [9.790053692676087, 53.5364605302545], [9.790059859638648, 53.53646811484344], [9.790067033765885, 53.536475378276826], [9.790075168276537, 53.536482273190565], [9.790084210126707, 53.53648875462359], [9.790094100355738, 53.53649478031107], [9.790104774470697, 53.53650031096006], [9.790116162866916, 53.53650531050572], [9.790128191281882, 53.53650974634641], [9.790140781279504, 53.53651358955639], [9.790153850761577, 53.53651681507443], [9.790227118407525, 53.536537652518355], [9.790282424189948, 53.5365492512132], [9.790312039874184, 53.53655390048741], [9.79035404956975, 53.53656049033418], [9.790377144659915, 53.53656348223839], [9.7904005822453, 53.536565297614686], [9.790424193751939, 53.536565923406066], [9.790446992876493, 53.53656537773844], [9.790469639793397, 53.53656371864732], [9.790491981543788, 53.53656095733832], [9.790513867229999, 53.53655711246154], [9.790535149034747, 53.536552209985544], [9.790555683219557, 53.53654628302195], [9.790575331095573, 53.53653937160188], [9.790593959960322, 53.5365315224055], [9.790611443993994, 53.53652278844668], [9.790627390728298, 53.53651340294585], [9.790642014374571, 53.53650328158889], [9.790655219588235, 53.53649249036666], [9.790666920273026, 53.53648109963741], [9.790677040142324, 53.53646918366812], [9.790685513216518, 53.53645682015018], [9.790692284253156, 53.53644408969301], [9.790697309107095, 53.53643107529831], [9.790700555018281, 53.53641786181895], [9.7907020008253, 53.53640453540575], [9.790701637103316, 53.536391182945785], [9.790699466225464, 53.53637789149585], [9.790695502347337, 53.53636474771492], [9.790695124852421, 53.53636392323518], [9.790786932381348, 53.53635132500376], [9.79117248091263, 53.53630341694661], [9.791198625062226, 53.536299918088616], [9.791954486815737, 53.53619882362367], [9.792723241260894, 53.53599650513499], [9.792996383546463, 53.535823177500674], [9.79436200401254, 53.5350751835054], [9.794994251082628, 53.53472296868146], [9.7954466278559, 53.53448058662654], [9.795709304571583, 53.53432154270398], [9.79591971911362, 53.53419414532298], [9.79645317492234, 53.5341241836354], [9.796979843325635, 53.53399899220808], [9.79757971536783, 53.53386254153545], [9.798018649507735, 53.53376269501043], [9.798776022633856, 53.533490210132584], [9.798887233206612, 53.533364243153855], [9.799597125590216, 53.533191756879255], [9.799882037270208, 53.533069750978335], [9.800700166514854, 53.53275286479341], [9.801257195501488, 53.532523962133844], [9.801839841286611, 53.53232403601658], [9.80197481393387, 53.53227772802211], [9.802509933621144, 53.53212599213178], [9.803435036758243, 53.53183367278973], [9.803953152897462, 53.53168010304434], [9.804776930300969, 53.531414252547165], [9.80571067637321, 53.53121327425605], [9.805966263169932, 53.53115826569664], [9.80603841076166, 53.5311368802231], [9.806078094966796, 53.53112365073806], [9.806199873022242, 53.53107336391002], [9.806457021174412, 53.530964823945055], [9.80666821881156, 53.530809743347], [9.80679886985261, 53.53080408878325], [9.806986154712975, 53.53079592151211], [9.807132385366888, 53.53087965478826], [9.807300672668438, 53.53097602116977], [9.807361096316214, 53.531010139518564], [9.807687456913603, 53.5309545505077], [9.807833218448234, 53.53093346669597], [9.808751235437613, 53.530759474570175], [9.808992765372784, 53.53070661304611], [9.809406021807483, 53.53070402314076], [9.809683426861746, 53.53071836998581], [9.810350021233344, 53.53063113860271], [9.811055024256191, 53.53055260490084], [9.811356894374814, 53.53051062832507], [9.811755185618152, 53.53040326745133], [9.811887396920545, 53.53039961922894], [9.812009270299626, 53.5303453167584], [9.812240724008339, 53.530337030060025], [9.812261571949318, 53.530321157884295], [9.812398560437467, 53.5302770446157], [9.812939708044707, 53.53014709981133], [9.813579726350738, 53.52991619080284], [9.813826646776958, 53.52985704450517], [9.814695966207095, 53.529747716438884], [9.815669007471003, 53.52951545255387], [9.816215751708306, 53.52938493331125], [9.816403800847619, 53.52934004438917], [9.816788375738497, 53.52927061254113], [9.816929877252978, 53.52924506124341], [9.816936883584525, 53.529243817852134], [9.816986619008897, 53.52923496555735], [9.817342329611531, 53.529171688772436], [9.817575468482037, 53.52914788334775], [9.817587172385224, 53.52912578951666], [9.817628543165425, 53.52904767178568], [9.817635748856326, 53.52903406725861], [9.817710440548009, 53.528893060050635], [9.817775625258108, 53.528769951781754], [9.817950246094753, 53.528440213219014], [9.818497087088398, 53.52833065389177], [9.818553901581161, 53.528346319137], [9.820185187358957, 53.5280237292085], [9.820369652595945, 53.528000782515086], [9.820518520967328, 53.527989082227776], [9.820614915496536, 53.52798649708365], [9.820819752248015, 53.527981019135986], [9.820912990827383, 53.527980621740916], [9.821271071479021, 53.52797908864998], [9.821495397962646, 53.52798524214685], [9.82152164196293, 53.52798807311871], [9.821679286696455, 53.52800503960932], [9.821962101067493, 53.52805557299139], [9.822202844638346, 53.52811796371939], [9.8223264291068, 53.52816157295066], [9.822486935678732, 53.52822731044625], [9.82271826515096, 53.52833318128311], [9.823563583937382, 53.52872279270599], [9.823673366262895, 53.52875622130117], [9.823697947538763, 53.528755398187876], [9.82372256187279, 53.528755081745885], [9.823747179857193, 53.52875527235326], [9.823808317768398, 53.52875794042154], [9.82386884743011, 53.5287637189808], [9.82392832392214, 53.528772565555975], [9.823986310064887, 53.52878441512074], [9.824042379632566, 53.52879918057538], [9.824560706241092, 53.52895184340952], [9.824999560677915, 53.52903381532325], [9.82542424491568, 53.52917755629716], [9.82626040790932, 53.52942559180369], [9.82646934273195, 53.52944585604683], [9.826468887338033, 53.529431764597994], [9.82646383708159, 53.529274655538764], [9.826463082182034, 53.52925137950278], [9.826456340556527, 53.52904226335713], [9.826453643640859, 53.528958757125494], [9.826442445594687, 53.528611395493115], [9.826394135917523, 53.52711398936576], [9.826563765061568, 53.5263030783326], [9.826638865045885, 53.52604224942756], [9.826689270871052, 53.525904658315056], [9.826846338152327, 53.525541391226625], [9.826870846380032, 53.5254613553037], [9.827160829806406, 53.5247491988847], [9.827379045585863, 53.524225873922035], [9.827638179247003, 53.52366303766487], [9.827966962415076, 53.523049012029105], [9.828339592592297, 53.52242066791615], [9.828812490293407, 53.52163862722173], [9.829393496177609, 53.52079673248509], [9.830778137102987, 53.51958861787384], [9.831377757786635, 53.51913777244069], [9.831978513955049, 53.51870164886544], [9.834558614159086, 53.517287129594635], [9.8376738019483, 53.51650318140875], [9.83920812383725, 53.516216748734294], [9.842170290930081, 53.51566368463682], [9.845147056746226, 53.515891285368085], [9.846302348664324, 53.51651894507321], [9.854430517784289, 53.51678575779762], [9.858248794475601, 53.51720709153001], [9.860752482617794, 53.51772515671988], [9.863499967909142, 53.51857189649996], [9.86586652763584, 53.51910154210501], [9.86741761897547, 53.519304667004285], [9.868347466115845, 53.51929877111599], [9.868617324942567, 53.519297062524466], [9.868934190946183, 53.51929504764612], [9.870529260386213, 53.51925557849602], [9.873743815820685, 53.518891762831736], [9.873851918793655, 53.51887952981868], [9.8753281570501, 53.5187191007397], [9.875870416015673, 53.51858551773027], [9.87613647952508, 53.518519971436284], [9.877126639662979, 53.51810881067844], [9.877239057853757, 53.51818952465333], [9.87814034643062, 53.51883654875255], [9.878143454578359, 53.51902623774719], [9.878793390733266, 53.51900445513954], [9.879737222681529, 53.51898959462144], [9.880949447885362, 53.51900139711135], [9.88207326463657, 53.51903891878783], [9.883887949619691, 53.51910739699594], [9.884526397622672, 53.5190765083997], [9.884521892823003, 53.519019542757995], [9.884516155784306, 53.51894686454791], [9.88451082801808, 53.51887935195864], [9.884510747665422, 53.51887839073479], [9.88480059312436, 53.51887040322133], [9.884811529338277, 53.51877418539623], [9.884834157440892, 53.51868534187211], [9.884838458331838, 53.518674595205], [9.884839891462281, 53.51867098901574], [9.884869092517453, 53.51859792638955], [9.884916090865103, 53.518512551990504], [9.88497498381561, 53.518429813180234], [9.884994286865549, 53.51840797095212], [9.88504297311556, 53.51835294870254], [9.885045271692608, 53.51835034286709], [9.885126254293352, 53.518274559706875], [9.885218496201741, 53.51820350221667], [9.885319638884493, 53.51813690018893], [9.885408205805307, 53.51808782079752], [9.885430034708182, 53.51807573977693], [9.88554929019195, 53.51802068006363], [9.885676392461443, 53.51797233078641], [9.885743282610786, 53.517951331428414], [9.885809828287934, 53.5179304514414], [9.885948623131036, 53.51789531889815], [9.886091864095723, 53.517867272495685], [9.886238287780468, 53.517845755279204], [9.886386850907869, 53.51783064013776], [9.886536674277298, 53.51782098974242], [9.886687152558048, 53.5178159815939], [9.886913198439018, 53.517814089173214], [9.887928665512895, 53.51782554538872], [9.889081126497048, 53.517735405802284], [9.88912500269124, 53.51772827486332], [9.88945304436201, 53.51767497525206], [9.889575533432481, 53.51765506124731], [9.889705993487265, 53.51762687188755], [9.889707630428678, 53.51762653610316], [9.890035604101886, 53.51755567096147], [9.89003740578744, 53.517555280012324], [9.890085661842782, 53.517544853119944], [9.890140229813701, 53.51753190724869], [9.890589798421356, 53.51742522206161], [9.89096873991904, 53.51730800511002], [9.891092441333603, 53.51726976100194], [9.891259700074215, 53.517214274832014], [9.891355858298233, 53.517182375237326], [9.891373669553893, 53.51717586926689], [9.89161290941176, 53.51708851936382], [9.891818132909249, 53.51700379581388], [9.89198462865567, 53.51693505558966], [9.893838673245417, 53.516126790495186], [9.894207444730666, 53.51597091474702], [9.894589155089069, 53.515826563765536], [9.894918993446833, 53.51571067240263], [9.894978607198496, 53.51568972230949], [9.895242147133551, 53.51560256968012], [9.89564623037695, 53.51548175166678], [9.896057668658024, 53.51537010882259], [9.896823276140802, 53.51516761748394], [9.900159540075515, 53.514285148605275], [9.900888845410456, 53.51409221696974], [9.90132579576948, 53.513976633198425], [9.901602072116214, 53.513905173038246], [9.901880364235678, 53.513836357765584], [9.902152731119338, 53.51377475975762], [9.902162066661884, 53.51377264881155], [9.90244620508801, 53.51371290291821], [9.902619766658862, 53.51368071549597], [9.902733886848022, 53.5136595477197], [9.902827195782184, 53.51364337306948], [9.903023204070001, 53.51360937954833], [9.903315251346047, 53.51356564413167], [9.903609403262108, 53.51352658433774], [9.903905111537291, 53.51349194361659], [9.904099096973113, 53.513473514551976], [9.904202719157073, 53.5134636609822], [9.904501301363453, 53.51343937931619], [9.904519992669135, 53.5134382491106], [9.904801264348794, 53.51342117199147], [9.905734152625016, 53.51336602582057], [9.905819720109921, 53.5133603077276], [9.905958778435204, 53.513351011116676], [9.906181940079598, 53.51332957996782], [9.906778618667088, 53.513278951194565], [9.907054297145496, 53.51326063475574], [9.907078121197662, 53.513259051712886], [9.907378458370788, 53.51324434976478], [9.907515568318024, 53.51324059435166], [9.907679491131066, 53.51323609586856], [9.90777398706481, 53.513235369381604], [9.907980816433975, 53.51323377171966], [9.90828213542403, 53.51323679530307], [9.90858288540036, 53.51324917099266], [9.908784711381173, 53.51326394294597], [9.908852364338825, 53.51326889394719], [9.908912392578474, 53.51327836141477], [9.90905411755598, 53.51330069113139], [9.909090874190284, 53.513307953384306], [9.909151434939284, 53.513324679780325], [9.909264300469745, 53.513359220017726], [9.909373133619175, 53.51339629874802], [9.909555741903178, 53.513465032619784], [9.909561017619666, 53.51346702399104], [9.909616245424095, 53.51349244711647], [9.909736949983625, 53.51351061226186], [9.909746981073733, 53.51351212697777], [9.909776922793624, 53.513516636317846], [9.90982917333959, 53.51352485911236], [9.909927244000645, 53.513540319844076], [9.909937170517834, 53.513541880284926], [9.9099911330796, 53.51355046751529], [9.910086044752989, 53.513565592603335], [9.910097288116194, 53.51356737671983], [9.91011181853107, 53.51356983695218], [9.910256683183952, 53.51359433465735], [9.910414566490068, 53.51362462981906], [9.910420683585784, 53.513615917855894], [9.910458190185592, 53.51356246238985], [9.91050676792461, 53.51352808710374], [9.910569036558313, 53.51350274032595], [9.910644233171734, 53.51349937198196], [9.910776946501612, 53.51351631199208], [9.911461912228138, 53.513667661803105], [9.911627111439959, 53.51363895882548], [9.911717738813758, 53.51357529988295], [9.911793880522138, 53.51352181901348], [9.91183792686258, 53.513539146421294], [9.911957381812503, 53.513586155519114], [9.912369102207583, 53.51374180449916], [9.912369953555386, 53.51374212160536], [9.912509761888124, 53.5137944131562], [9.91255994767004, 53.513813185608825], [9.912565751396121, 53.513819610179034], [9.912570663346017, 53.513826293745936], [9.91257465126482, 53.513833192421664], [9.912577688965262, 53.51384026090582], [9.912579756499694, 53.51384745278295], [9.91258084029106, 53.51385472082723], [9.912580933222095, 53.513862017312775], [9.912580034682051, 53.51386929432683], [9.912579559650693, 53.51387175194552], [9.9125791519016, 53.513873831513294], [9.912570235916457, 53.51392001305903], [9.912569062184241, 53.513929506644004], [9.912569188785772, 53.513939025672116], [9.91257061488177, 53.51394850697282], [9.912573331009169, 53.513957887625835], [9.912577319143915, 53.51396710537882], [9.912582552820545, 53.5139760990604], [9.9125889973078, 53.51398480898618], [9.912596609839092, 53.513993177354806], [9.912605339896297, 53.514001148631536], [9.912615129544996, 53.51400866991683], [9.91262591381893, 53.51401569129735], [9.912637621151127, 53.5140221661773], [9.912650173848839, 53.514028051587516], [9.912663488609123, 53.51403330847077], [9.912908251854043, 53.5141215722043], [9.913449189645647, 53.51426778104098], [9.91346214644962, 53.514270895205996], [9.913475496880425, 53.51427334861172], [9.913489146276955, 53.51427512386227], [9.91350299785825, 53.51427620837025], [9.913516953409719, 53.514276594445946], [9.91353091397957, 53.51427627935191], [9.913544780580425, 53.514275265322304], [9.913558454891202, 53.51427355954713], [9.913571839954283, 53.51427117412117], [9.913584840863, 53.514268125958246], [9.91359736543459, 53.514264436671375], [9.913609324863815, 53.51426013241942], [9.913620634352647, 53.514255243721614], [9.913799803467096, 53.51417064535075], [9.913895462950613, 53.514145401166694], [9.913989918529039, 53.514137802497146], [9.914033861477316, 53.51414254531166], [9.914378889474293, 53.5141797460512], [9.914467395095341, 53.514214503663084], [9.91452212351282, 53.51424526780911], [9.91455411393754, 53.51428603982559], [9.914576903039643, 53.51434773666908], [9.914566000994622, 53.514407345125576], [9.914603314147374, 53.51450829361536], [9.914714647500162, 53.51458757862257], [9.914857539115205, 53.51464621703875], [9.91500913327108, 53.514696464879144], [9.915321809265395, 53.51478438366807], [9.915482682476217, 53.51482287418693], [9.915681634665631, 53.51486477629885], [9.915882447961021, 53.51490344576633], [9.916678677800212, 53.51500366492035], [9.91674074837996, 53.51498248733628], [9.917219374959876, 53.51481916281609], [9.917774264981848, 53.51461609489961], [9.918167123211019, 53.51452284689344], [9.91834168281448, 53.51448140625308], [9.918446206752618, 53.51447283681129], [9.918547524452984, 53.51449035098654], [9.918640471337064, 53.51452037914597], [9.919222449384435, 53.51474992505359], [9.919416194840831, 53.51481936729769], [9.919617285191622, 53.51487973677635], [9.919894471953823, 53.51495031618846], [9.920174993259302, 53.515016051197286], [9.920535068060133, 53.515076813363464], [9.921404710275878, 53.5152220369324], [9.921906325451255, 53.515317372326486], [9.922125316237208, 53.51536698356843], [9.92230453801675, 53.515407597618974], [9.922907580051383, 53.51558198650479], [9.923367229503185, 53.51574178517028], [9.923640135314102, 53.51581815992333], [9.923793946825034, 53.51585388029403], [9.92392775345806, 53.515869188264126], [9.924228423045058, 53.51588579505724], [9.925362216627498, 53.51580162497434], [9.925510458504167, 53.51579832009923], [9.925649299266073, 53.51581276917425], [9.925761648200034, 53.51586142858362], [9.925706728093237, 53.515913675378094], [9.925720995334029, 53.51592958328548], [9.9257409204911, 53.51595182057408], [9.92578171323414, 53.51599732157726], [9.925786169475174, 53.51599972308568], [9.925915218360858, 53.516069305245445], [9.92610611598023, 53.516114569373805], [9.926109787765864, 53.51614185847232], [9.926129345883204, 53.516166615456996], [9.926272702523113, 53.516269111945704], [9.926356739978788, 53.51634383349417], [9.92648027584255, 53.516487616933404], [9.926900816163055, 53.51706434482104], [9.927029230398919, 53.51722691281171], [9.927168963538557, 53.517386309660274], [9.927224700525741, 53.51744538450461], [9.927364552733064, 53.51762095327987], [9.927481392806396, 53.517802399305474], [9.9275745317218, 53.5179886530283], [9.927600461087414, 53.51804883987729], [9.927619616980532, 53.51808684241031], [9.927643821617213, 53.51812380771869], [9.927672919289607, 53.51815949798575], [9.927706722809111, 53.51819368359729], [9.927745014710386, 53.518226144618765], [9.927787548650244, 53.518256672210406], [9.927834050992328, 53.51828506997082], [9.92788422256748, 53.518311155200685], [9.927937740598406, 53.51833476007821], [9.928181429634298, 53.5183926631752], [9.928228903175908, 53.518405318222776], [9.928274475021398, 53.51842025140996], [9.92831783803517, 53.51843736209386], [9.928358699967143, 53.518456534956094], [9.928396785422336, 53.51847764077994], [9.928431837716888, 53.51850053732121], [9.928490910549412, 53.51854062511068], [9.928552866535671, 53.51857913603322], [9.92861758729876, 53.51861599650279], [9.928821128341259, 53.51873611585278], [9.929007938464112, 53.51886553163324], [9.929176826218017, 53.51900341855585], [9.92962868230082, 53.519405219425174], [9.93113781133342, 53.520747028361505], [9.931139334499981, 53.520748391813925], [9.931250887816002, 53.52084210685306], [9.931370579237413, 53.520932185537625], [9.931498075688244, 53.52101837716004], [9.931646777841827, 53.52110827839578], [9.931803968991339, 53.52119289543598], [9.931969121288816, 53.521271944110794], [9.932575759646001, 53.521545378018104], [9.932728973907292, 53.52160867974684], [9.932890413365714, 53.521664249527035], [9.933058981932605, 53.521711710059634], [9.933233535102927, 53.52175073910342], [9.93341288772748, 53.521781071663455], [9.933721250564066, 53.5218251099541], [9.933800450045602, 53.52183820789818], [9.933877896647958, 53.52185461129201], [9.933953202451246, 53.521874237973485], [9.934025990257064, 53.521896989635486], [9.934095895477629, 53.52192275231816], [9.934146322344965, 53.521944705217415], [9.934193528450827, 53.52196906919503], [9.934237190085907, 53.52199567718131], [9.934277007844516, 53.52202434671855], [9.934312708677759, 53.52205488121211], [9.934344047765984, 53.52208707127839], [9.93437081019776, 53.52212069618062], [9.93439281244377, 53.52215552534239], [9.934409903615599, 53.522191319928744], [9.934421966500702, 53.522227834483914], [9.934430728277105, 53.52222705587611], [9.934813507822087, 53.5221931145454], [9.936373449132788, 53.5220062155513], [9.936410397577083, 53.522001782247926], [9.93661198995197, 53.52197763182755], [9.938822914880356, 53.52171267164902], [9.938817312699815, 53.52160119820784], [9.93880066970642, 53.521268026056816], [9.938789727060113, 53.52088537144156], [9.938794869075442, 53.52050267350732], [9.938816092091848, 53.52012017233477], [9.938825994127782, 53.51999896842249], [9.938837499048105, 53.51987781479321], [9.938850606124166, 53.519756718975636], [9.939209547173265, 53.51666643994915], [9.939443262208076, 53.51457754637462], [9.9395910938269, 53.51345565361812], [9.939788450949603, 53.5121521617466], [9.939923195044882, 53.511345966036465], [9.940009665642265, 53.51008126071846], [9.940153096251814, 53.508797940313286], [9.940642219611252, 53.505987965074425], [9.940900326323472, 53.505277023954555], [9.941067337897847, 53.50483965201509], [9.941201552168492, 53.50428385602164], [9.941704560857712, 53.503357432177815], [9.942533988323554, 53.502283871157935], [9.942609827283077, 53.50218472647998], [9.943777107837343, 53.50106784338054], [9.944081758646282, 53.50079569491125], [9.944304822046277, 53.50060335656796], [9.944484027380447, 53.50046125344926], [9.944765875557337, 53.500244255642784], [9.945056292787012, 53.50003131324624], [9.945355114889344, 53.49982254654724], [9.945741997599328, 53.49956444938487], [9.945972484355085, 53.49941634704501], [9.946249260086423, 53.49924624122326], [9.946544702061026, 53.499071099109614], [9.946841860515287, 53.498896993187415], [9.947140725213245, 53.49872392944149], [9.947388408074453, 53.498585664390276], [9.947639219508268, 53.498449419725375], [9.947893113145291, 53.498315220619034], [9.948521909574918, 53.49798333727526], [9.948632992615691, 53.49791966650557], [9.948743413110366, 53.497855587404274], [9.948853166839264, 53.497791102421864], [9.949479541059738, 53.49736702007655], [9.950043566640089, 53.49691289242899], [9.950541210255116, 53.49643196859355], [9.951131716874727, 53.49575483390592], [9.951655072464819, 53.49505833997214], [9.952109503261333, 53.49434485181731], [9.953042460495551, 53.492829657104885], [9.95337406572568, 53.4923310239338], [9.953850117325713, 53.491649990932395], [9.95473554302997, 53.49045656470699], [9.955486272354909, 53.489495577625256], [9.955796151146792, 53.489116341748776], [9.95609145248657, 53.48876738890323], [9.95712379941744, 53.48759551086516], [9.957743828653012, 53.486942163167996], [9.958129816429867, 53.48656790220023], [9.95850071973974, 53.48622076404966], [9.958695253599101, 53.486038685440946], [9.958729736094106, 53.48600925730973], [9.95923901433909, 53.48557469372196], [9.959484867194915, 53.48537027755592], [9.959928672763898, 53.48501961009629], [9.960425901791934, 53.48464113993295], [9.961729410532822, 53.483742142405625], [9.963305066871843, 53.482867364843514], [9.970093508454662, 53.47965193078975], [9.974017456356933, 53.47790320651468], [9.975276743794016, 53.47748439102681], [9.976314433334794, 53.47719499982897], [9.977095457709103, 53.476970640027204], [9.977930199577969, 53.47672764158533], [9.98214674882472, 53.47570357793682], [9.984845445396386, 53.4752753927943], [9.986365864445274, 53.47502560340425], [9.986974670838306, 53.474915637909724], [9.990030707169536, 53.474516519332404], [9.992737981733418, 53.474055705450745], [9.996105513735271, 53.47348015527868], [9.998633149475257, 53.47299348554721], [10.000093677957446, 53.47272613293589], [10.001137297474619, 53.47259698483021], [10.00219414650631, 53.47251802869403], [10.00267541727117, 53.472490619647324], [10.003060523307608, 53.4724730140255], [10.003773887859039, 53.472452452429344], [10.004029738620279, 53.4724450892829], [10.005058004074554, 53.47249393045893], [10.006512342196, 53.47260026475003], [10.007079780577618, 53.47264938257753], [10.008093166485311, 53.47276931911371], [10.009308718135063, 53.472903684120006], [10.011391865341352, 53.473169956163794], [10.01365581677573, 53.47343647419266], [10.014784608773622, 53.4735930844479], [10.016347252549394, 53.47375497495744], [10.016359779665178, 53.47371173859963], [10.019904943890387, 53.474207055238764], [10.020208807683504, 53.4742467102193], [10.020514980279078, 53.474279440174996], [10.020823018404242, 53.474305197720206], [10.023209730116179, 53.474474275739176], [10.023272812481105, 53.474478490818385], [10.024829895087342, 53.47458255409657], [10.025138731493415, 53.47459215480815], [10.025447929039116, 53.474588586418044], [10.025755911966613, 53.47457186711309], [10.026495774604646, 53.474525053800555], [10.028740252769161, 53.474353826988185], [10.030937318385096, 53.47402931572541], [10.033060080355158, 53.47356251499314], [10.035117306816488, 53.47300370085999], [10.036455979396862, 53.47258366657571], [10.037117119696811, 53.472376222865435], [10.039029983475123, 53.471644366112315], [10.040895391462554, 53.47088324558024], [10.042737575222517, 53.47009622970216], [10.044451082330571, 53.469222261128145], [10.046058751530321, 53.46827370325693], [10.047311456894562, 53.46734970123972], [10.047457967125947, 53.46724163477495], [10.047900305587723, 53.46691968390657], [10.048136931929358, 53.46674508851427], [10.0484372635736, 53.466507485458415], [10.04871606012094, 53.4662607151157], [10.048972537676526, 53.466005471671615], [10.049528012122396, 53.465510019311424], [10.050128580496139, 53.46501417695074], [10.050787256133738, 53.46449354073643], [10.05160967081272, 53.46391071098443], [10.050297166138062, 53.463355758408284], [10.049639784913202, 53.463077792257984], [10.04956798875597, 53.462766759595034], [10.049404689005055, 53.4625932737896], [10.049305451382516, 53.4624868956145], [10.049215677489114, 53.462393495510625], [10.049055893204578, 53.462251898887914], [10.048933517415298, 53.462138055800054], [10.048725825277932, 53.46195082781798], [10.048614391731888, 53.461802342992044], [10.048525824035153, 53.4616972548573], [10.04843393555715, 53.461578415404006], [10.048406668931436, 53.46152081836614], [10.048382580986413, 53.46146996227295], [10.048336639581484, 53.46140819630222], [10.048261520557775, 53.46129500758805], [10.04824869326529, 53.46127568554947], [10.048232936340792, 53.46127623729316], [10.048219063443325, 53.46121813616863], [10.048161923834781, 53.46114934895379], [10.048154208930049, 53.4611400589115], [10.048115114583737, 53.46112325952627], [10.048042105844576, 53.4611476942895], [10.047816101972808, 53.46122331578305], [10.047708180607696, 53.461222778977415], [10.047657312496185, 53.46121291445282], [10.04750234849857, 53.46118903157974], [10.047346455171212, 53.461173894122545], [10.047141806527623, 53.461175364274254], [10.047066092975433, 53.461184783268656], [10.046942704993334, 53.461194143548425], [10.046817366572375, 53.46118177599668], [10.046710085287168, 53.46117725048124], [10.046634061073595, 53.46115444576323], [10.046585816304514, 53.46108709905432], [10.046483593456912, 53.46099670945895], [10.046347660824145, 53.46090630037726], [10.04633737066487, 53.460899459846864], [10.046217917083407, 53.46082192261425], [10.046070584430295, 53.46075484104833], [10.045926332882521, 53.46065682757667], [10.04589471276753, 53.46047157697703], [10.0459049765435, 53.46045161208225], [10.045936400369555, 53.46039048932835], [10.04592565867665, 53.460337079843775], [10.045951994083477, 53.460160859391905], [10.045959858994296, 53.460108257848205], [10.045966198097071, 53.46006589034401], [10.045971112874401, 53.46003298292296], [10.045973790475777, 53.460015071039386], [10.046142685062149, 53.45993492812051], [10.045924531181234, 53.45971514722749], [10.04585233276012, 53.45974983020889], [10.045792596521158, 53.45970017556679], [10.045667588925768, 53.45959625824832], [10.045654140188915, 53.45957977295907], [10.045504614239132, 53.459478380267164], [10.045472928689314, 53.45946140732065], [10.04544777571238, 53.45944793691492], [10.045246562509236, 53.459305628016196], [10.045141300543541, 53.459345714659825], [10.045002847379944, 53.45940871725427], [10.044884528142159, 53.45942127618495], [10.044633530099931, 53.45940629272449], [10.044533115960126, 53.459400302918965], [10.044441669156326, 53.45939330875478], [10.044329026148407, 53.459378166837816], [10.044313745596895, 53.45937600816428], [10.04415783693953, 53.45929976734118], [10.04396359542548, 53.45920506491954], [10.04395002791542, 53.459198441594054], [10.04358263706017, 53.458977218657616], [10.043502431806745, 53.458883793630775], [10.043372302699193, 53.45873222214042], [10.04326674884614, 53.45860927316634], [10.043142078590613, 53.458464045055706], [10.043090078081628, 53.458403498573375], [10.043062186978762, 53.458298532863694], [10.043052812508419, 53.45826325132199], [10.043041201260285, 53.45822949948696], [10.042987408236906, 53.45807305419263], [10.042936421316933, 53.45792477350796], [10.042930714898086, 53.457916858918495], [10.042868146794405, 53.45783006632376], [10.042762531709378, 53.457683565815465], [10.042744594556623, 53.457662085440695], [10.04253395753705, 53.45740979986566], [10.042322082276335, 53.45715174468624], [10.042183777204592, 53.45698449420182], [10.04212257942773, 53.45691048983703], [10.04206998102807, 53.456800166108536], [10.04202540072951, 53.45670667206092], [10.041961245672967, 53.456572133375914], [10.041994694794994, 53.456452744153374], [10.042072385153073, 53.456188504103935], [10.042073758599154, 53.456180626601125], [10.042118529197117, 53.45592453916081], [10.042123969317025, 53.45589453080516], [10.042166405506057, 53.45585866240688], [10.042265041751861, 53.4557967115553], [10.04270885883984, 53.45559673116716], [10.044131491615445, 53.4549556936437], [10.044139313277574, 53.45490004522866], [10.044136479724534, 53.45486005019456], [10.04414968765484, 53.45485575479557], [10.044110917178337, 53.45481133654135], [10.043488429060714, 53.454141067968116], [10.042300055246736, 53.452789231289906], [10.041234490795448, 53.45159137576221], [10.042242594718639, 53.45135703778372], [10.043394420350175, 53.451112042404766], [10.044310062691919, 53.45091608712198], [10.044387796627419, 53.45089644041928], [10.045279068858898, 53.45070310879974], [10.04533218467473, 53.45069833822786], [10.045975247332992, 53.45055760227417], [10.046028132763956, 53.45054714325727], [10.046339961930723, 53.45047268782837], [10.046394542740538, 53.45045708097675], [10.047392752896604, 53.45024209469644], [10.04774511060087, 53.45016316319654], [10.04780171625194, 53.45015093585023], [10.04827311188956, 53.45004391920527], [10.048329732061504, 53.45003168249068], [10.049181148345289, 53.44984301310179], [10.0491237451612, 53.449784350410475], [10.04911083096113, 53.44977115083837], [10.049081372693374, 53.44974105305418], [10.049059807894267, 53.449719012170604], [10.047000212518805, 53.447874134930515], [10.04626902175182, 53.44722167870363], [10.045425965168777, 53.44646938331041], [10.045347740638476, 53.44639756106866], [10.044333406234921, 53.446724793775516], [10.044036883389378, 53.44644306669412], [10.04378978463327, 53.44653916296908], [10.043732143634145, 53.4465495457095], [10.04354254526986, 53.4465976222391], [10.043513916277972, 53.44656731808428], [10.043161538695026, 53.446662364005185], [10.043150339785479, 53.44665022751666], [10.04261685517329, 53.44607218790053], [10.042159898090242, 53.44607458415043], [10.041759533664445, 53.4460766829068], [10.041699273564682, 53.44607540156845], [10.041142718673703, 53.446064477453625], [10.041089194764124, 53.44606342475265], [10.041037844875945, 53.44606938262354], [10.040990467706642, 53.446069085338664], [10.039294584428355, 53.446058277236276], [10.039235752400941, 53.44606059588246], [10.038964389037798, 53.44606603058555], [10.038875173264785, 53.4460653322516], [10.038697732285208, 53.44606071763314], [10.038645033324427, 53.446057679044365], [10.03854800477254, 53.446057057383264], [10.038301449977926, 53.44605547008934], [10.038181269691787, 53.446064982399385], [10.037638384421326, 53.44605391417274], [10.03756162124667, 53.446056315830475], [10.037382238127169, 53.446050466630695], [10.037213912159439, 53.446050391093], [10.036674037195077, 53.446042348669074], [10.036582588814207, 53.44604023871805], [10.037177382996186, 53.44655969359423], [10.03667612021047, 53.44677537119612], [10.036374094396539, 53.44651354812012], [10.036094830797655, 53.446626357642465], [10.036453346735101, 53.44693500136284], [10.035246927974105, 53.4468942059527], [10.03518171760579, 53.44691912272751], [10.03482412784488, 53.446591203395684], [10.034787091714593, 53.44654556254939], [10.034751591493213, 53.446511072946265], [10.034521145460962, 53.44630559859821], [10.034500103481252, 53.446292297052345], [10.034228781389574, 53.446039785168196], [10.034124876710264, 53.44603936327139], [10.03405087337246, 53.44593221463956], [10.034044678027163, 53.445923252121226], [10.034038529155971, 53.44591434313538], [10.034034518635165, 53.445908543873735], [10.034130058673178, 53.4459092719771], [10.034043402527587, 53.44579261444988], [10.033910120271269, 53.44565322226805], [10.033874511776903, 53.44561979406501], [10.033842705663384, 53.445630101252725], [10.033224507720442, 53.44504118417312], [10.032728867186304, 53.44453646680527], [10.03240972781813, 53.444209250598796], [10.032334930361113, 53.44412803255661], [10.03231337406049, 53.444104622245874], [10.032232888758937, 53.444124770329395], [10.03219651164289, 53.4441309545921], [10.03014932829261, 53.44447891544729], [10.029487265778478, 53.44458878949073], [10.029412695402748, 53.444601459629496], [10.029355957564865, 53.444611243352895], [10.02925835723113, 53.44462793223835], [10.029193486571483, 53.44463700389841], [10.028789691716298, 53.44469349127612], [10.028443546975815, 53.444762407409804], [10.028057615048256, 53.44485039838889], [10.027830324929838, 53.44491864938395], [10.027560342820435, 53.44498543338664], [10.027345861306586, 53.445021724632674], [10.027036880415837, 53.445091620482714], [10.026655943535628, 53.44517095233332], [10.026197227979388, 53.44524680712563], [10.026000665513342, 53.445285755623715], [10.025853839268839, 53.445314856046394], [10.02566398742086, 53.44534738202652], [10.025422765953747, 53.44538636241983], [10.025253817122211, 53.44542971106065], [10.025112807811428, 53.44547094097127], [10.025071590663519, 53.44548193783756], [10.025030912187287, 53.445492795229875], [10.024534359805948, 53.44562528541615], [10.023917752477608, 53.44581967725877], [10.023883201571804, 53.44584806455222], [10.023864732347244, 53.4458852492387], [10.02393505156436, 53.446167104210325], [10.023984186648475, 53.44628244556798], [10.024169547669716, 53.44662135729218], [10.024155333858593, 53.44668146387255], [10.024118897489155, 53.44671224053291], [10.023623213892773, 53.44696298987336], [10.02332301902093, 53.447101064469166], [10.023028300068248, 53.44722146364992], [10.022737741919414, 53.44734777730159], [10.02238246312524, 53.4475053960845], [10.022369443816379, 53.44753760781738], [10.022246513880933, 53.447554579612685], [10.021129354275294, 53.44675474054252], [10.020746669041191, 53.44647582314125], [10.019742074292205, 53.44576093673132], [10.018842640540244, 53.44512472616085], [10.01733897705706, 53.444054085906984], [10.016860439521224, 53.44371746190201], [10.016834246032866, 53.44369873570222], [10.014615678024349, 53.442086569445], [10.014570789881144, 53.442079957129245], [10.014601355363881, 53.44202065667016], [10.015029333539212, 53.44200441803281], [10.015137995914872, 53.44198632535251], [10.015312243102937, 53.44190770840925], [10.015640451458266, 53.44165056082063], [10.015810042084238, 53.44151883875983], [10.016083424973129, 53.441310167281095], [10.016098483967363, 53.4412491105933], [10.016168146508722, 53.441247259528275], [10.016200353174087, 53.44123792446649], [10.016535756067984, 53.441140702405384], [10.017216763976156, 53.440984039938314], [10.017255723939487, 53.44097507856187], [10.017323581929046, 53.44095947077758], [10.017400633225533, 53.440941744112656], [10.01771187186565, 53.44088629046287], [10.017901329336597, 53.440851703907654], [10.018193976697685, 53.440798277164035], [10.018260951299816, 53.44078604731381], [10.018433874066453, 53.44075447739101], [10.018716517294257, 53.440691983675485], [10.018864171478821, 53.440653275474055], [10.018882349552763, 53.44064850897924], [10.018960471758476, 53.44062210660507], [10.019130850848782, 53.440557899698405], [10.01919841130962, 53.44053243225763], [10.019215928062494, 53.4405258285735], [10.019374928326846, 53.44046554779022], [10.019859863279434, 53.440281678978465], [10.019904592366009, 53.44026472104658], [10.019968250719216, 53.44024294507629], [10.020041540271421, 53.44021785971496], [10.020349481923088, 53.440112501427066], [10.020373954485136, 53.44010592804731], [10.02080491735561, 53.439990240827704], [10.020923298233297, 53.43995458483955], [10.02098006721061, 53.439937487642666], [10.021032948905267, 53.43992089108271], [10.021100653644137, 53.43989964623458], [10.02142611606252, 53.43979749732661], [10.0215942185795, 53.439744740569964], [10.021931865165735, 53.43963598689349], [10.02199068172525, 53.439617046891776], [10.022106671070718, 53.43957968425979], [10.022198099990472, 53.43955023541501], [10.022417261660188, 53.43947344395445], [10.022510330507384, 53.43944083461964], [10.022902883876293, 53.43931104990733], [10.02291268200498, 53.43930781080085], [10.023106487622917, 53.439247883153186], [10.023180220215123, 53.43922509328329], [10.02320353235307, 53.439217882038044], [10.02337199964249, 53.43915981601683], [10.023464945424944, 53.439127782292815], [10.023619182031823, 53.43907584261943], [10.023727989578546, 53.439039196151604], [10.023985349824438, 53.43894530059934], [10.024082981623327, 53.438905333719084], [10.024142836878097, 53.43888083741867], [10.024234192218199, 53.43884344119627], [10.024328627787815, 53.438807681487674], [10.024616170530818, 53.43869880145607], [10.024929382014435, 53.438562490229245], [10.024992700481459, 53.4385349344281], [10.025110538303874, 53.438491413378394], [10.025172941222928, 53.43846835992838], [10.025336170651377, 53.438408070787375], [10.025379306647816, 53.438390144638], [10.025687637219717, 53.43826201749517], [10.02577976609393, 53.43820059433902], [10.025800407924168, 53.43818631304818], [10.025909658620453, 53.43811073760522], [10.02654570077824, 53.437607155571875], [10.02670329220542, 53.437484312308015], [10.026711346584403, 53.437455603536954], [10.026713384675178, 53.43744834972546], [10.02671855286306, 53.43744417027798], [10.026821607054986, 53.43736086260587], [10.026821739913563, 53.43736075359356], [10.027108690039407, 53.43711497626964], [10.027465784016677, 53.43680912244164]]]]}, "properties": {"city_code": "HH", "area_code": "7", "area_name": "Harburg"}}]}